http://www.pornokrates.com/	Pornokrates	Historic Smut for the Discerning Voyeur - Collection of bawdy literature and erotic art spanning the 15th through 19th centuries. 	287684
http://www.erotica-museum.com/	Erotic Museum of Barcelona	Includes philosophy, gallery, news, location information, and links. 	287684
http://www.kamat.com/kalranga/erotica/	Erotic Arts of India	Some articles and a lot of pictures of ancient indian erotic sculptures, paintings and engravings. 	287684
http://www.solomonsrefuge.com/secret_room.htm	Solomon's Refuge - Secret Room	The article and ancient erotic images from Pompeii and Herculaneum. 	287684
http://www.eroticabibliophile.com/	The Erotica Bibliophile	A website dedicated to erotic art and publishers from the 1880s through the 1950s with an emphasis on BDSM related themes and extensive artist bibliographies. 	287684
http://www.ricfrane.com/	Frane, Ric	Fantasy and horror artwork featuring strong, sensual women. 	287686
http://www.rsf-pix.com/rsf/home.html	Fernandez, Raul - Raul's Sexy Females	Erotic fantasy and science fiction cartoon women. 	287686
http://www.fransmensink.nl/	Mensink, Frans	Professional and erotic illustrations, pin-ups and cartoons. 	287686
http://www.industrythirteen.com/	Longley, Sarah - IndustryThirteen	Dark fantasy artwork by Sarah H. Longley. 	287686
http://www.lorenzosperlonga.com/	Sperlonga, Lorenzo	The fantasy, science fiction, and pinups of Lorenzo Sperlonga. 	287686
https://liselotte25.wixsite.com/minsida	Eriksson, Liselotte	Art and photography by Liselotte Eriksson. 	287686
http://lucidskin.com/	Lucid Skin	Erotic fantasy art and media reviews. 	287686
http://luminousshadows.com/	Darkly, Johnathan - Luminous Shadows	Sexy fantasy and science fiction characters in various free-view stereo formats. 	287686
http://www.dmuth.org/furry	Giza's Furry Archives	An archive of furry stories from various authors. 	287687
http://www.foxxfire.com/	FoxxFire	Adult furry artwork, featuring normal fur types, as well as cetacean and mythical furs. 	287687
http://www.macrophile.com/~doug/	Doug's Big Little Page of Macro Stuff	Hypertrophic artwork by Doug Winger. 	287687
http://www.cuteybunny.com/	The Quagmire	The home of Cutey Bunny and her pals, as well as comics, pinups, and sketches. 	287687
http://www.bluefurry.com/	Guppy's Homepage	A furry Oekaki site, and home of the anthropomorphic art of Guppy. 	287687
http://www.vixine.com/	Vixine	An adult furry fantasy comic book membership website. 	287687
http://furaffinity.net/	Fur Affinity	Furry community site, hosting artwork, writing, music and user journals, with attached forums. Registration required to access mature work. 	287687
http://www.furafterdark.com/	Fur After Dark	Subscription-based mature art service. Work by Eric Schwartz, Max Blackrabbit, gNAW and guest artists. 	287687
http://www.furry.org.au/cakitfox/	The California KitFox	The art and comic book stories of Roy D. Pounds II. 	287687
http://www.furry.org.au/chakat/	The Chakat's Den	Details of a taur-form furry species. Art and stories about anthropomorphic characters by Bernard Doove and others. Some adult work. 	287687
http://sofurry.com/	SoFurry	Adult story, art and music archive. Oekaki-style drawing board, forums and chat room. 	287687
http://www.cybernetdigital.com/	CyberNet.Digital	Adult video production and digital rights management (DRM) for downloadable movies. 	287690
http://us.imdb.com/title/tt0191602/	IMDb : Ubangis on Uranus (1987)	Full cast and crew for the film, and other information from the Internet Movie Database. 	287694
http://www.haro-online.com/movies/loss_of_sexual_innocence.html	Haro	Mongoose reviews the movie The Loss of Sexual Innocence. 	287695
http://us.imdb.com/title/tt0119273/	Internet Movie Database	Cast and crew list, offsite links and other details. 	287696
http://www.cavr.com/	Cyberspace Adult Video Reviews	Scene indexes and rankings of movies, stars and directors. Interviews and newsletter. 	287698
http://www.rogreviews.com/	Rog's Reviews	Movie, book, website and amateur video reviews. Daily industry news updates and fan favorites polls. 	287698
http://www.wcareviews.com/	World Class Adult Reviews	Detailed scene by scene reviews 	287698
http://www.iafd.com/	Internet Adult Film Database	Includes basic information on a large number of movies, with more detail and links to offsite reviews for many of them. 	287699
https://www.necrohiphop.com/	Necro Hip-Hop	Death hip hop lyricist, producer, and movie director. Includes biography, audio files, articles, chat room, and porno/necro still images and movies. 	287719
http://www.angelfire.com/wi2/JoBelle/	Coffman, Jo Belle	A page by the author of "Dyke Duffy and the Dog Days of Killarmon", biography, excerpts, and fan fiction. 	288012
http://maryannemohanraj.com/	Mary Anne Mohanraj	One of the Internet's most popular authors of literary erotica. Information for fans and writers. 	288012
http://www.dutchhutch.com/	Hartog, Lynne den	Lynne's DutchHutch - Book excerpts, erotic  short stories, poetry, and links. 	288012
http://www.angelfire.com/tx5/saschai/	Illyvich, Sascha	Homepage of the erotic and romantic fiction writer, poet and essayist. 	288012
http://www.heathercorinna.com/	Corinna, Heather	Founder and editor of Scarlet Letters, Scarleteen and Femmerotic. Her written work has appeared in many online venues, in her sex information columns, and in numerous print anthologies. 	288012
http://www.asstr.org/~Don_Winslow/	Winslow, Don	A best selling author of MaleDom fiction, Winslow has written over 20 books. 	288012
http://www.tlcnovels.homestead.com/	Chatelain, Tonya L.	Erotic Lesbian novelist who wrote "Around We Go". Her second novel "Around We Go Again".  At her website you can find out about the books, read a preview, view her artwork, and buy the novels. 	288012
https://afwaddell.wordpress.com/	Waddell, A. F.	The author's work includes short stories of non-formulaic erotica, road stories, essay and humor, and features links to both print and web publications. 	288012
http://www.mchristian.com/	Christian, M.	Stories of erotic fiction. Web site features current projects, books for sale, calls for submissions, and plans in the works. 	288012
http://www.ansereg.com/	Ansereg	J. R. R. Tolkien fan site including material on elvish sexuality, essays on various themes and adult fanfiction. 	288012
http://www.circlet.com/	Circlet Press	Publishes erotic literature, often specializing in fantasy and science fiction themes. They also publish gay and lesbian themed SF/F and sex-related nonfiction. They sell adult books, magazines, and how-to manuals. 	288013
http://www.cleispress.com/	Cleis Press	Publishes provocative books for smart readers of lesbian and gay studies, erotica, sex manuals, and sexual politics. 	288013
http://www.starbookspress.com/	STARbooks Press	Providing adult readers worldwide with quality fiction, non-fiction and poetry from the male erotica genre. 	288013
http://dannyreviews.com/s/sex.html	Danny Yee's Book Reviews: Sex	Reviews of a dozen books about sex: a mix of erotica and biology. 	288011
https://www.erotica-readers.com/	Erotica Readers Association	Oasis for original erotic fiction and poetry, articles on the in's and out's of sexuality, and information on erotic books, adult content videos, and current resources and references for authors of erotica. 	288011
http://www.press.uchicago.edu/Misc/Chicago/132242.html	In the Forbidden City	Excerpt from "An Anthology of Erotic Fiction by Italian Women." 	288011
http://users.rcn.com/xcentrik/	Tawdry Town	Forum for the examination, consideration and exhibition of paperback books produced by both the major publishers and the semi-underground following World World II. 	288011
http://www.jabarchives.com/	The Jab Archives	A free adult art community with many original and parody works by different artists, all hand-picked by the web master of the page. 	288017
http://turanga-pages.com/	The Turanga Pages	A parody site of Futurama and its characters. 	288017
http://gallfree.com/	Gall Free	Assorted image galleries, links. 	288017
http://trampararamhentai.com/	Tram Pararam Blog	Various cartoon heroes. Image galleries, links. 	288017
http://cartoonvalleyporn.com/	Cartoon Valley	Erotic parodies of famous cartoons. 	288017
http://octaonline.org/	Cartoon Porn Blog	Collection of galleries with various cartoon characters in porn actions. 	288017
http://simpsons.freesexycomics.com/	Simpsons Sex Blog	Mini reviews for the Simpsons porn comics. Links. 	288017
http://toons.freesexycomics.com/	Toons blog	Alice, Princess Jasmine, Lois Griffin, Kim Possible and sexy babes from Futurama tv cartoon. Links and reviews 	288017
https://bond-adventures.com/	Bond Adventures	BDSM hero Bruce Bond explores the kinkiest secrets of brutal sex during his world journey. 76 full stories and 1000+ pictures. [Membership] 	288018
http://toons-empire.com/	Toons Empire	Hentai pictures and porn stories involving characters of such TV-Shows as The Simpsons, Ben 10, Naruto, Pokemon and others. 	288018
http://www.sex-marks.com/a/a/begin.htm	Erotic Anime	A single gallery of mixed hardcore and softcore images. 	288026
http://www.sex-marks.com/cr/anime/index.htm	Erotic Drawings	A single gallery of women posing. 	288026
http://www.teenpornstars.net/cr/anime/index.htm	Erotic Toon Babes	A single gallery of women posing. 	288026
http://www.crosex.com/cc/anime/index.htm	Erotic Anime Babes	A single gallery of women posing. 	288026
http://www.crosex.com/g/xtoon/index.htm	Erotic Dream Toons	A single gallery of women posing and in bondage. 	288026
http://www.teenpornstars.net/g/toon/a.htm	Toons in X-Action	A single gallery of women having sex. 	288026
http://www.pantieupskirt.com/f/anime/index.htm	Cock Loving Toons	A single gallery of women posing and being dominated. 	288026
http://www.sex-marks.com/av/xto/index.htm	Cock Loving Toons	A single gallery of women being dominated. 	288026
http://jrockyaoi.livejournal.com/	Jrock Yaoi	Largest Jrock Yaoi community on Livejournal. Updated several times a day by several authors with their latest works. 	288068
http://members.tripod.com/~CheekoKR/enter.html	Penultimate	Offers original manga, yaoi stories, overview of characters, art, and information about the author. 	288064
http://www.angelfire.com/anime2/yurifics/index.html	The Yuri Fan Fiction Headquarters	Works from Sailor Moon, Card Captor Sakura and other series, as well as links. 	288069
http://www.jastusa.com/	JAST USA	A maker and full-service distributor of adult anime games as well as collections of erotic anime artwork. 	288072
http://www.shokushu.com/	Shokushu High School	An erotic interactive story using art, photographic manipulations and words to create a place for the visitor to wander and encounter rampaging aliens. 	288071
http://www.densetsu.com/	Anime Densetsu	Features reviews, saved game files, and walkthroughs of numerous Japanese anime-based games. 	288073
http://engbishoujo.tripod.com/	English Anime Bishoujo Games	Information, images, and reviews for several titles. 	288073
http://www.somethingawful.com/hentai/	Something Awful - Hentai Game Reviews	Humorous and extremely detailed reviews of both English-translated and Japanese games. 	288073
http://www.hentaigameszone.com/	Hentai Games Zone	English adult game reviews with images, links, and  bishoujo game quizzes. 	288073
http://www.angelfire.com/gundam/fics/	Jamie-chan's Gundam Wing Fanfiction Archive	Archive with fiction ranging from G to NC-17 ratings. 	288077
http://anime.mikomi.org/series/164.html	Community Anime Reviews: La Blue Girl	Several brief reviews with a rating chart. 	288082
http://www.angelfire.com/anime3/glimpse/	Glimpses	Daisuke and Ken-centered fan fiction. 	288083
http://www.angelfire.com/biz5/tuxsux/new2.html	Tux Sux	Provides two people's sets of reasons for hating Tuxedo Mask, claimed proof of his infidelity through hentai pictures, Yahoo! Club, and links. 	288086
http://www.animejin.org.uk/urot.htm	Animejin - Urotsukidoji: Legend of the Overfiend	UK release information and review. 	288090
http://www.wired.com/wired/archive/2.06/streetcred.html	Wired review	by Richard Kadrey - "A half-hour of Urotsukidoji would have Freud on the carpet, gibbering like an electroshocked baboon." 	288090
http://www.abcb.com/parents/legend.htm	Parent's Guide to Anime	Brief description and review. 	288090
http://www.darknessrising.com/WK/index.htm	White June	Fan works, news, humorous posts from a mailing list, and links. 	288093
http://members.tripod.com/~CSpade/	Bubblegum Crisis: ShoujoAi	Dedicated to the female characters in the original Bubblegum Crisis. 	288094
https://byakushou.livejournal.com/	Byakuran x Shou-chan	Community featuring fan fiction, doujinshi and fan art dedicated to the Byakuran Millefiore (Gesso) and Shouichi Irie pairing. Also contains non-adult works. 	288095
https://hibagoku.livejournal.com/	Hibari Kyouya x Gokudera Hayato	Fan community for the pairing with discussion, doujinshi, fan art, and fan fiction. Also contains non-adult works. 	288095
https://mashinappo.livejournal.com/	Lingering Desire	Byakuran/Mukuro fan community with discussion, fan art, fan fiction, and doujinshi. Also contains non-adult works. 	288095
http://mukuhiba.livejournal.com/	Sakura Addiction	Mukuro/Hibari community with fan fiction, fan art, icons, and cosplay photographs. Also contains non-adult works. 	288095
http://suckxburn.livejournal.com/	Suck X Burn	Explicit and non-explicit fan art, fan fiction, and doujinshi featuring Spanner/Tsuna. 	288095
https://yamahiba.livejournal.com/	Yama x Hiba x Yama Apppreciation Community	Yamamoto/Hibari fan fiction and fan art. Also includes non-adult materials. 	288095
https://khr-yaoi.livejournal.com/	KHR Yaoi	Fan fiction, fan art, graphics, and doujinshi featuring any male/male pairings from the series. All ratings. 	288095
https://pineappletuna.livejournal.com/	Mukuro Tsuna	Fan community for the pairing with explicit and non-explicit doujinshi, fan art, fan fiction, and AMVs. 	288095
https://8059challenge.livejournal.com/	Downpour	A Yamamoto/Gokudera challenge community with fan fiction and fan art, both explicit and not. 	288095
https://reborn-quickies.livejournal.com/	Reborn Quickies	Weekly challenge community for fan fiction between 100 and 500 words. 	288095
https://studiocutepet.com/	CutePet	Original art, anime and manga fan art, gifts, and commissioned works. 	288053
http://hebuss.free.fr/	Boris Vallejo' Artwork	Large gallery showcasing the artist's work from 1978 to 2000. 	288105
http://www.suicide.couk.com/gallery/boris/borisg.htm	Suicide Netzine	Biography and a gallery of 140 thumbnailed images. 	288105
http://www.eroticartcollection.com/Hajime_Sorayama/	The Art of Hajime Sorayama	An exhibition of original artwork by Hajime Sorayama (1947- ). 	288106
http://www.suicide.couk.com/gallery/sora/sorag.htm	Suicide: The Works of Hajime Sorayama	Domina, erotic, robot, and fantasy galleries. 	288106
http://www.xs4all.nl/~mecano/SilverSprings/Sorayama/sorayama_thumbs1.html	Silver Springs: Hajime Sorayama	Small erotic robots gallery. 	288106
http://www.pornokrates.com/lysistrata.html	Pornokrates: Lysistrata	Online showcase of Beardsley's outre illustrations for the classical Greek playwright's work. 	288108
http://www.thepinupfiles.com/	The Pin-up Files	Chatroom, mailing list, message board, links, and artist galleries and biographies for pin-up enthusiasts. 	288104
http://www.sardax.com/	Sardax	The femdom art of Sardax. [membership required] 	288104
http://www.hentai-foundry.com/	Hentai Foundry	An adult anime gallery consisting of art and fiction both fan art and original creations. 	288104
http://www.eroticartcollection.com/Olivia/	The Art of Olivia	An exhibition of original artwork by Olivia (1948- ). 	288109
http://www.eeplaza.com/	EE Plaza	Lifestyle magazine from Extreme Erotica films which includes an erotic art gallery, film list, stories, technology, and best buy articles. 	288110
http://mystiquemagazine.com/	Mystique	Features daily news and photos of beautiful women from the celebrated sex symbols to the girls next door. [Free Membership] 	288110
http://www.asexstories.com/	A Sex Stories	An e-journal of literature and the arts. 	288110
http://www.helenaantonaccio.com/	Helena Antonaccio	Miss June 1969 Playboy playmate Helena Antonaccio's official website. Includes biographical information and photographs. [Membership] 	288157
http://www.grrl.com/betty.html	The Bettie Page	Movies, artwork, photos, comics, books, articles, links, and interviews. 	288166
http://www.bettiepage.com/	Bettiepage.com	Home of the Official Bettie Page Fan Club, links, photos, art, and merchandise. 	288166
http://www.curvedfx.com/	CurvedFX	Image galleries of british models and pin-ups. 	288134
http://www.alleybaggett.net/	The Official Website Of Alley Baggett	Playboy centerfold's web site. FAQ, fan club, bio, gallery. [Membership] 	288186
https://www.kaylakleevage.com/	Kleevage, Kayla	Official site of the busty model and performer.  The preview area includes her diary, merchandise and tour information. [Membership] 	288193
http://www.puckerup.com/	Taormino, Tristan: Puckerup.com	Writer, editor, sex educator, and sometimes fetish model, performer, and porn producer. 	288194
http://www.angelfire.com/super/wiseass/	Wiseass	Jokes, photos, quotes, and satire based on news events. 	288204
http://www.angelfire.com/poetry/askdawn/index.html	Ask Dawn	Advice column, free communication software, mailing list for webmasters and mature online writing resources. 	288204
http://badasschick.com/	Bad Ass Chicks	is an online women's magazine. Articles, columns, news, poetry, e-postcards and art. 	288204
http://www.storymania.com/	Storymania	An online community for publishing, discovering, reviewing, buying and selling creative works interact directly with authors and other viewers. 	288204
http://www.slowtrains.com/	Slow Trains Literary Journal	Quarterly journal offering essays, poetry and fiction ranging from sex to baseball 	288204
http://www.ilovethedevil.com/	Ilovethedevil.com	A webzine and resource for the self indulgent. 	288204
http://www.asstr.org/~Crimson_Dragon/	Crimson Dragon	Short stories, including their 'Celestial Reviews' ratings, and excerpts of a novel-length story. 	288226
http://www.asstr.org/~artie/	Artie's Stories	Erotic stories, some of which deal with mind-control fantasies. 	288226
http://www.asstr.org/~Bob_Peale/	Peale, Bob	His stories run the full gamut of gender pairings with a variety of fetishes like bondage and exhibitionism. 	288226
http://www.asstr.org/~Desdmona/	Tell Me a Story, Desdmona	Stories and poetry, including one penned from "beyond the grave" by the character from  Shakespeare's Othello. 	288226
http://www.asstr.org/~Vargas/	Vargas, Homer	Stories involving mind control and pregnancy feature prominently on this website. 	288226
http://www.asstr.org/~Imma_Scared/	Imma Scared	Nightlands and Screamscapes - Stories involve primarily rape and other forms of nonconsensual sex. 	288226
http://www.asstr.org/~kvagabond/	Vagabond, Krystoff	Anchorage Maiandros -  Collection of his erotic works and art. 	288226
http://www.asstr.org/~Kelly/	Bedtime Stories With Kelly	Erotic stories, including the 'Bedtime Stories' series, which has had some popularity on Usenet. 	288226
http://www.asstr.org/~The_Warthog/	Warthog	Three series of stories, including the "Gang Bang Virgin Series". 	288226
http://www.asstr.org/~Wiseguy/	Wiseguy	Erotic and romantic stories, usually containing elements of hypnosis and mind control. 	288226
http://www.asstr.org/~Lambchop/	Lambchop	These stories deal with romantic themes, also features links to the authors other favorite sites. 	288226
http://www.asstr.org/~Titmouse/	Titmouse	The erotic psuedo-fictional adventures of the narrator are collected here. 	288226
http://www.asstr.org/~Rass_Senip/	Senip, Rass	Stories dealing with mind control themes. 	288226
http://www.asstr.org/~poisoniv1/	Poison Ivan	A growing collection of stories by this respected Usenet author, also features reviews of the stories. 	288226
http://www.asstr.org/~Rarstarr/	David Farr's Adult Fiction	Deals primarily with 'furries' (anthropomorphized animals). 	288226
http://www.asstr.org/~slowhand/	Slow Hand	Erotic Nights - He likes to put an emphasis on storyline and plot in his longer works. 	288226
http://www.asstr.org/~sr_rojo/	Senor Rojo	Assorted erotic stories as well as reader's reviews, many of the stories deal with Asian women. 	288226
http://www.asstr.org/~shadowcleric/	Shadow Cleric	Collection of short "stroke" stories, and the longer epic, "Decurro". 	288226
http://www.asstr.org/~spunknwagnels/	Spunk's Place	Erotic fiction by Spunk N. Wagnels, and other authors posted with permission. 	288226
http://www.asstr.org/~sunrain/	Sunrain	Stories often involve alien lifeforms, and some are inspired by Japanese animation. 	288226
http://www.asstr.org/~Souvie/	Souvie	Things That Go Bump in the Night - Original erotic writing and poetry. 	288226
http://www.asstr.org/~margie_donnadieu/	Margie Donnadieu	This author's intense and dark stories are told in a series of short vignettes and images that make up the greater plot. 	288226
http://www.asstr.org/~MariaGonzales/	Maria's Site	Sexy, exhibitionistic stories with a humorous touch by Maria Gonzales. 	288226
http://www.asstr.org/~mnaismith/	Naismith, Miles	Several stories, many of which were reviewed quite favorably by Celestial Reviews. 	288226
http://www.asstr.org/~JR_Parz/Index.htm	Parz, JR	Focuses primarily on stories with mind control elements. 	288226
http://www.asstr.org/~Jane_Urquhart/	Urquhart, Jane	One author's erotica, many of which star herself as the main character, and also feature other alt.sex.stories regulars. 	288226
http://www.asstr.org/~doalfer/	The Dreams of Jennifer Doalfer	Erotic fantasies of one woman, some featuring exhibitionism. 	288226
http://www.asstr.org/~JohnA/	John A.'s Stories & Museum of Smut	Erotic stories with defined plots and realistic characters. Works are more "stories with sex" than "sex stories." Many are romantic, some are humorous. 	288226
http://www.asstr.org/~laura/	Mars, Miranda	Laura's Story - The sexual experiences of a beautiful, young, professional, white woman who has a special desire and affinity for relationships with beautiful African-American women, including some teenagers. 	288226
ftp://ftp.asstr.org/pub/Authors/Storysman/storyshm.htm	Storysman	A collection of stories and the images that inspired them, some deal with wifeswapping and adultery. 	288226
http://members.tripod.com/~AnneArbor/	AnneArbor's Sandbox	Some stories are autobiographical, some are  biographical, and others are pure fiction. 	288226
http://www.asstr.org/~EyeofSerpent/	Eye of Serpent	Collection of erotic tales of disturbing powers in the world. 	288226
http://poline8.tripod.com/story/	Poline's stories	Stories and photos about sex. 	288226
http://www.asstr.org/~Richard_Rivers/	Richard Rivers Stories	Erotic and general stories featuring Asian themes and characters. 	288226
http://www.asstr.org/~carlee-athingofbeauty/	Carlee: A Thing of Beauty	Series and stories focusing on a sexually adventurous woman. Includes heterosexual and lesbian encounters. 	288226
http://austin184.tripod.com/austin184/	Austin Stories	Stories written by a young bisexual man. Most works focus on aspects of gay sexual relationships. 	288226
http://www.asstr.org/~Bradley_Stoke/	The Wonderful World of Bradley Stoke	Novels and a variety of short stories. 	288226
http://www.fantasiesofseduction.org/	Fantasies of Seduction	Erotica by Helen. Short stories and an intimate journal. 	288226
http://www.nifty.org/nifty/gay/celebrity/boy-bands/	Nifty Archive: Boy Bands	Archive of fan fiction depicted primarily about boy bands. 	288387
http://www.asstr.org/~BitBard/	BitBard's Library	A library of the complete stories of numerous retired internet authors including Bitbard, Deirdre, M1ke Hunt, and others. 	288208
http://www.lushstories.com/	Lush	A free adult community where you can read and author your own erotic stories, embellish or extend another persons story or love poem. 	288208
http://www.1stsexstories.com/	First Sex Stories	A large selection of free sex stories contributed by our visitors. 	288413
http://www.fantasies.com/	Fantasies.com	Free erotic fiction in a number of different categories. 	288413
http://www.99eroticstories.com/	Ninty Nine Erotic Stories	The sex stories aren't sorted, but they sure do have 99 of them. 	288413
http://www.eroticstories.com/	EroticStories.com	Free site with 500+ straight, lesbian and gay stories, rated by readers. 	288413
http://www.00101001.com/	Zero Zero One Zero One Zero Zero One Digital Erotica	Erotica and sex stories for the digital age. 	288413
http://www.stories-gangbang.com/	Gangbang Stories	Features wives and girlfriends in threesomes. 	288413
http://www.groupsexstories.com/	Group Sex Stories	Erotic stories about group sex and gang bangs. 	288413
http://www.sexstories-group.com/	Group Sex Stories	A collection of gangbang, threesome, foresome and moresome stories. 	288413
http://www.groupsex-eroticstories.com/	Groupsex Erotic Stories	Includes group, bisexual, peeping, and lesbian stories. 	288413
http://www.stories-hardcore.com/	Hardcore Stories	Subjects include slut wives, teens, and lesbian sex stories. 	288413
http://www.hotwife.com/slutwifestory.html	Slut Wife Story	Series of swinging fiction with links to forum for discussion. 	288413
http://www.alt-sex-stories.com/lesbian/index.html	AltSexStoriesLesbian	erotic stories about girl on girl sex. 	288413
http://www.1-a-z-adult-free-stories.com/	Adult Free Stories	Erotic stories and images. 	288413
http://www.asstr.org/	Alt.Sex.Stories Text Repository	Collection of erotica on the Internet, covering every subject. 	288413
http://www.all-free-erotic-stories.com/	All Free Erotic Stories	Mostly lesbian stories about college life and frat parties. 	288413
http://www.alt-sex-stories.com/	Alt Sex Stories	three archives of erotic stories. 	288413
http://allme.com/	ALLme Erotica Archives	Wide variety of stories, including BDSM and fetishes, from numerous authors. Also offers BDSM image gallery and links to author websites. 	288413
http://www.annejet.com/	Annejet Erotic Stories	Variety of works depicting sex in many different situations. 	288413
http://www.stories-3plus.com/	Three Plus Stories	Erotic stories about threesomes and gangbangs. 	288413
http://www.teasingeroticstories.com/	Teasing Erotic Stories	A variety of erotic stories. 	288413
http://www.wetdreamstories.com/	Wetdream Stories	Seven hot categories including reader submissions. 	288413
http://www.sexstories-wives.com/	Wild Wild Wives	Erotic stories dealing with cheating, sharing, and groupsex. 	288413
http://www.wildsexstories.com/inside1.html	Wild Sex Stories	A selection of sex stories and erotic fantasies. 	288413
http://www.angelfire.com/pa3/writersblock/index.html	Writer's Block	Featuring poetry, short stories and novella geared toward the adult.  Erotica and science fiction.  Submissions welcome. 	288413
http://www.angelfire.com/indie/virtualstoryzone/	Virtual Story Zone	Stories, serials, and poetry from online ghost authors. Includes stories focusing on heterosexual, homosexual, and bisexual encounters and/or relationships. 	288413
http://www.besteroticstories.com/	Best Erotic Stories	Hand picked sex stories and free pictures. 	288413
http://www.cuckolds.com/	Cuckolds	Cheating wives, interracial sex, in-your-face infidelity plus an erotic story archive. 	288413
http://www.angelfire.com/ky2/cabanazcrib/	Cabanaz Crib	One persons fantasies in the written form. 	288413
https://www.indiansexstories2.net/	Indian Sex Stories	Mostly a TGP, but there are several Indian sex stories categorized into different sections like couple, incest, desi, group, teacher, etc. 	288413
http://www.sexstories-kinky.com/	Kinky Stories	About a dozen leather loving tales. 	288413
http://www.sexstories-archive.com/	Sex Stories Archive	A selection or erotic stories including slut wives and gangbangs 	288413
http://www.sexstoriespost.com/	Sex Stories Post	A directory style list of erotic fiction.  Includes a forum, chat, links, images and movies. 	288413
http://www.sexstoryx.com/	Sex Story X	A collection of group sex and lesbian stories. 	288413
http://www.69sexstories.com/	Sixty-Nine Sex Stories	Collection of stories covering various subjects. 	288413
http://www.asexstories.com/	A Sex Stories	Free categorizable erotic stories archive. Authors submissions are accepted. 	288413
http://www.literotica.com/	Literotica.Com	Original erotic fiction and audio files, forums, comics, pictures, and porn movies. 	288413
http://www.darkwanderer.net/	Dark Wanderer	Huge collection of cheating wife stories all in .zip format. 	288413
http://www.pixies-place.com/	Pixies Place	Free erotic stories with boy/girl, fun, kinky, lesbian, masturbation, and gay categories. Includes readers submissions and interactive stories. 	288413
http://xxxfuckstories.com/	XXX Fuck Stories	Over 50 erotic stories of various types. 	288413
http://www.xxx-sexstories.com/	XXX Sex Stories	mixed archive of erotic stories. 	288413
http://www.saintfrancis-sfg.net/	Saint Francis School for Girls	Archive of schoolgirl spanking stories and links by Mary Catherine Whitney and Dean Andrew Michaels. 	288444
http://www.jojasa.com/jostories/	Jojasa's Stories	Collection of M/F erotic spanking, D/s and BDSM stories. 	288444
http://www.thetreehouse.net/	Pablo & Mija's Treehouse	Pablo Stubbs and Mija archive of their adult and child (school and parental) spanking fiction as well as real life accounts. 	288444
http://creativespankedwife.blogspot.com/	A Creative Spanked Wife	A growing collection of Patty's original erotica including fiction and true stories, poems, essays and artwork. New stories and artwork are posted every week. 	288444
http://spankingwriters.com/abel.html	Abel's Spanking Stories	A collection of spanking and caning stories, written by Abel Jenkins 	288444
http://guardianisland.com/kittery/carolyn-faulkner	Carolyn Faulkner's Spanking Stories	Tons of samples of well-written fiction, as wells as some harsher selections, and a few ventures into ageplay (written as Abby Collier). 	288445
http://www.homestead.com/jebsadventurebound	Jeb's Adventure Bound	"Damsel in Distress" fiction, with no hardcore sex. 	288442
http://www.allextremesex.com/	All Extreme Sex	BDSM stories including incest, rape fantasies, and bestiality. 	288442
http://catlair.tripod.com/catlair/	Cat Lair	Original BDSM stories and sale of handmade paddles and whips. 	288442
http://www.angelfire.com/my/beastnovel/	The Beast	An online horror novel written by a budding young author Louise Brooks. Includes games and a chatroom. 	288442
http://www.asstr.org/~julian/	Julian's Dark Dreams	A collection of  unusual erotic short stories and scenes by Julian Renard. The stories explore a variety of themes, often involving the supernatural or arousal under dark circumstances. 	288442
http://www.verywierd.com/	Veryweird	Erotic stories and art featuring slightly quirky S&M. 	288442
http://www.roedebard.com/	Roedebard's BDSM Fantasies	Original stories with mild D/S themes including Flintstones slash and image galleries. (Site contains content in German and English) [AVS: Multiple] 	288442
http://www.forcefantasies.com/	Force Fantasies	Original fiction, reviews, images, and chat. 	288442
http://www.asstr.org/~YLeeCoyote/	Coyote's Den	Archived listing of stories written by Y. Lee Coyote.  Many homosexual stories as well as some heterosexual and stories written by others. 	288442
http://www.akashaweb.com/	Akasha's Web	A collection of stories and advice by one woman. [Membership] 	288447
http://www.thevalkyrie.com/library.html	Diana The Valkyrie	Body building woman with attitude. Erotica links and stories. 	288447
http://www.asstr.org/~cactusjuggler/	Cactus Juggler	Stories involving mostly dominant women and mind control. 	288447
http://solomonsrefuge.com/eroticaIntro.htm	Solomon's Refuge	Erotic stories, articles, and commentary. Includes links to information about ancient pornography and a bookstore. 	288202
http://www.beyonddotcom.com/flats/	Nirvana Flats	Poetry, spoken word, fiction, non-fiction, art and photography. Submissions accepted. 	288202
http://purplepussy.net/	Purple Pussy	Purple is a cat who doesn't take crap from anybody, updated three times per week by Dave Kelly. 	288480
http://www.mrbang.net/	Sex & Violence	A shapely assassin drone, insane criminals and an evil mastermind in diapers by Aaron M. Holm. 	288480
http://www.somethingpositive.net/	Something Positive	Comedy about an ugly loser and his gelatinous cat, by R. K. Milholland. 	288480
http://www.demian5.com/	When I Am King	A little tale including love, sex, violence and, still to come, drugs. By demian.5 	288480
http://www.wronghand.com/	Wronghand Comics	Alternative online art comics and illustration portfolio. 	288480
http://www.starshipmoonhawk.com/	Starship Moonhawk	Human crew visits planet of cat people by Michael. 	288480
http://bloodygorecomix.com/zombiecommandos/	Zombie Commandos from Hell	Color online comic about a future earth ravaged by war and the waking dead by Dumais Raisinlove and JFK. 	288481
http://www.mastasia.com/	Mastasia	Computer generated comics and artwork of jumbo titted women. 	288480
http://wereworld.comicgenesis.com/	Wereworld	Cyborg on a planet of lycanthropes. 	288480
http://blottostreet.comicgenesis.com/	Blotto Street	Mature comic about student life at a British university, vaguely similar to Cambridge. 	288480
http://kitnkayboodle.comicgenesis.com/	Kit n Kay Boodle	Yiffy foxes. 	288480
http://psc.comicgenesis.com/	Post Sex Clean Up	Two friends open a sex toys shop. 	288480
http://www.pronquest.com/	PronQuest	Weekly hentai CGI humor comic about life and sex in an MMORPG world. 	288484
http://www.pepsaga.com/	Peppermint Saga	The fantasy adventures of Peppermint and her friends on a  strange, alien world. 	288480
https://pixietrixcomix.com/menage-a-3/	Menagea3	Updated three times a week and follows the lives of Gary and his roommates. 	288480
http://www.oglaf.com/	Oglaf	Humorous and mostly naughty comic consisting of story lines and one shot gag comics, in a fantasy/medieval setting. 	288480
http://www.1977thecomic.com/	1977	Online comic adventures of out of work musicians in 1977. 	288480
http://www.johnandjohn.nl/	John and John.	A comic about two green guys without feet. 	288480
http://www.johnnysaturn.com/	Johnny Saturn	A dark webcomic with serious themes and a realistic portrayal of violence and its effects. Updates Monday and Thursday. 	288480
http://www.peteristhewolf.com/	Peter is the Wolf	Webcomic about a young werewolf named Peter and his girlfriend Sarah who he mistakenly passed his curse to. 	288484
http://bedlamboy.comicgenesis.com/	Hentai Action Theater	A series of highly adult humor strips on fantasy/science fiction themes. 	288480
http://www.sexylosers.com/	Sexy Losers	One of the classics of adult webcomics with several storylines. No longer updating but archive still accessible. 	288484
http://loxieandzoot.comicgenesis.com/	Loxie & Zoot	Several naturist themed webcomics. 	288480
http://www.titanatelier.com/	Titan Atelier	Lots of transformer and mech robot related images, many adult/sexual in nature. 	288480
http://shipinbottle.pepsaga.com/	Ship in a Bottle	Loose parody of the classic I Dream of Jeannie sitcom. 	288480
http://www.angryclown.com/	Angry Clown	A collection of online sex comics, cartoons, and websites by over 100 adult-oriented artists. 	288481
https://www.superheroinecentral.com/	Superheroine Central	Online superheroine comic books, updated often.  Extensive samples. 	288481
http://orgymania.net/	Slipshine	Several different ongoing webcomics by Kunislayer Shujo and other artists. 	288481
http://nextglobalcrisis.com/	Next Global Crisis	Website creates and sells video episodes of superheroine and comic book characters in live action web TV Series. All shot in HD. 	288481
http://jbart.chez-alice.fr/	The Erotic Adventures of Kalynn	Erotic comic strip you may purchase direct from artist. 	288481
http://lunchboxin.comicgenesis.com/	The Mystery of Lunchboxin	A truly unusual site filled with entirely original content presented in a serialized manner [Macro]. 	288480
http://i-ecc.com/	Erotic Comix Collections	A large collection of adult and erotic comics and artist biographies from various adult artists. 	288483
http://www.freesexycomics.com/	Free Sexy Comics	Fan site with short reviews and preview of original celebrity comics, famous cartoons, sex celebrity stories. 	288483
http://cartoonpornguide.com/	Hentai and Cartoon Porn Guide Blog	Comics and cartoon pics, porn stories and hentai links. 	288483
http://www.sinfulcomicsite.com/	Sinful Comics Site	Fan site for Celebrity Sinful Comics including samples of celebrities and nude wallpapers. 	288483
http://www.bdsmart.eu/	Rough BDSM Artwork	Comic strips and links. 	288483
http://www.smuttytoons.com/	Cartoon Collection	Free erotic cartoons, jokes, chat, e-cards, comics and lots of other humorous and funny stuff. 	288485
http://www.eadultcomics.com/	eAdult Comics	Company specializing in original online adult comics. Features many different comics with multiple genres and new custom content being added every week. 	288485
http://www.leisuretown.com/	Leisure Town	Comic strip about a violent city under control of plastic animal toys. Nonsense photo stories and parodies with neurotic bears, evil rabbits, bad giraffes and more colourful and strange animals. 	288486
http://www.tayyarozkan.com/	Ozkan, Tayyar	Dedicated to Tayyar Ozkan creator of  the Caveman comic strips. Includes images from the artist's works. 	288491
http://www.lustomic.com/	Lustomic.com	Original transsexual fantasy comics and illustrations. 	1041631
http://pander.comicgenesis.com/	Pander the Webcomic	Comic about a girl and her exploration of the edges of existence. 	288480
http://www.transfur.com/	Transfur	Hosts profiles and image archives for furry transformation artists. 	287687
https://inkbunny.net/	Inkbunny	Furry art, story and music community. Offers pooled and multiple-item submissions, tag-based search and filtering, and a story reader. 	287687
https://www.weasyl.com/	Weasyl	Art, story and music community with a primarily furry userbase. 	287687
http://www.f-list.net/	F-list	Adult furry roleplaying community. Chat rooms, character profiles (including extensive kink lists) and galleries. 	287687
https://portcalluranus.com/	Portcall Uranus	An funny sci-fi hentai comic with human and anthromorphic characters. 	288484
http://yafgc.net/	Yet Another Fantasy Gamer Comic	A R rated fantasy humor comic updated daily and an associated forum.  Has nudity and sexual innuendo but no graphic depictions of sexual acts. 	288480
http://pronqueens.thecomicseries.com/	PronQueens	A lightly epic fantasy tale of the political and sexual shenanigans of the rulers of Pron. Frequent nudity and sex. 	288484
http://hentai-gallery.tumblr.com/	Hentai Gallery	A gallery of various original 3d hentai illustrations. 	288480
http://www.frillypink.com/	Frilly Pink	A pay site from coop of a multitude hentai artists with exclusive and original adult artwork/comics. 	288485
http://thisis.delvecomic.com/NewWP/	Delve	A color fantasy comic about a female elven thief's dungeon adventures. 	288484
https://www.savitabhabhi.vip/	Savita Bhabhi	Membership site focusing on Indian comice including Savita Bhabhi, Saath Kahaniya, XXX Apartments and Miss Rita. 	288485
http://www.jabcomix.com/	JABComix.com	Adult comics featuring parodies and taboo themes, updated daily with original content. 	288485
http://www.erenischcomics.com/	Erenisch Comics	Official website of adult comics creator Erenisch. Contains information about released titles, stories, characters, and future projects. 	288491
http://www.darkbraincomics.com/	DarkBrainComics	A web comic studio producing 11 original series of comics. 	288480
http://g.e-hentai.org/	E-Hentai Galleries	More than 248,175 absolutely free hentai doujinshi, manga, cosplay and CG galleries. 	1041633
http://luscious.net/	Luscious	Thousands of free galleries available. 	1041633
http://nhentai.net/	Nhentai	Free hentai dojinshi and manga website. 	1041633
http://hotsexycosplay.com/	Hot Sexy Cosplay	Women and men in hot sexy costumes. 	288484
http://toons.adult-collections.com/	Toons Adult Blog	Erotic gallery. 	288483
http://www.sexcartoontube.com/adult-comics.php	Hot Adult Comics	Sample and review site of erotic comics and uncensored sex scenes. 	288483
http://www.hentairules.net/	Hentai Rules	Free hentai galleries and zip downloads for english translated and original hentai mangas, doujin, videos, and adult comics. 	1041633
http://www.clubstripes.com/	Club Stripes	Comic site with emphasis on anthromorphic art. 	288485
http://www.simonbisleyart.com/	The Art of Simon Bisley	The Official Fanpage comic artist Simon Bisley. 	288491
http://www.alexhorleyart.com/home.html	Official site of Alex Horley	Website of illustrator and comic artist Alex Horley. 	288491
https://www.projecthentai.com/	Project Hentai	Online store of Japanese style hentai manga, cd's, and related merchandise. 	1041631
http://www.archonia.com/mangashop/en/	Archonia.com	Online store selling adult and non-adult DVD's and blu-rays, manga books, PVC figures, action figures and related merchandise. 	1041631
http://eng.dlsite.com/	DLsite English	An on-demand download shop for adult doujin/indie manga, comics and games. 	1041631
http://www.fakku.net/	FAKKU!	Large collection of adult hentai manga, including store, and forums. 	1041633
http://buttsmithy.com/	Alphie	A fantasy themed comic centered on a halfling female and her mother. 	288484
https://cartoonza.com/	CartoonZa	Cartoon sex parodies based on animated cartoon shows. Requires paid membership. 	288018
http://drawn-hentai.com/	Drawn Hentai	Hentai videos, pictures and games. Requires paid membership. 	288018
http://famouscomics.adultcase.com/	Famous Comics Blog	Blog of links and samples to membership sites. 	288483
http://www.teasecomix.com/	TeaseComix	Membership site that includes several original comic titles [Membership] 	288018
http://reiner-illustrations.blogspot.com/	Reiner Illustrations	Original and fan art adult comics and illustrations 	288480
http://www.sexacartoon.com/	Cartoon Sex Blog	Fan blog providing sample images and comics of adult pay sites. 	288483
http://www.cartoonville.net/	Cartonville	Site offering links to free sample galleries on adult pay sites. 	288483
http://goodcomix.tk/	GoodComix	Adult blog providing sample images and comics of adult pay sites. 	288483
http://www.pronquest.com/ehentai/tentacle-manga/my-pet-tentacle-monster/	My Pet Tentacle Monster	Adult hentai comic about a girl raising a pet tentacle monster. 	288480
http://www.ebenezersplooge.com/	Ebenezer Splooge	Official website of CGI hentai artist Ebenezer Splooge, updated weekly. 	288491
http://hentaihere.com/	HentaiHere - Free Online Manga and Doujin Reader	Large collection of hentai manga and doujin tagged and updated frequently. 	1041633
http://hentai2read.com/	Hentai2R - Free Manga Reader and Directory	Large collection of hentai doujinshi, manga and galleries tagged and updated frequently. 	1041633
http://upcomics.org/	UpComics	Collection of samples and corresponding download links of various styles of adult comics and hentai galleries. 	288483
http://www.redlightlit.com/	Red Light Lit	Poetry, prose, art and song. To explore love relationships and sexuality. 	288208
https://hentainsfw.com/magicalvirginprincess/	Magical Virgin Princess Training Academy.	Weekly hentai comic revolving around a school of young teenage princesses. 	288484
http://ghastly.keenspace.com/	Ghastly's Ghastly Comics	Adult comics staring a mild mannered tentacle monster. 	288484
http://rivalangels.com/	Rival Angels	It follows the story of Sabrina 'Ultragirl' Mancini as she looks to aspire to greatness in the world of pro wrestling. [Requires Patreon pledge.] 	288485
https://hentainsfw.com/	Hentai NSFW	Uncensored hentai art and cartoon porn illustrations and adult comics 	288483
https://loliconloli.com/	Lolicon Loli	NSFW lolicon hentai art and uncensored loli illustrations. 	288483
http://www.druuna.net/	Druuna	Official page of the erotic SF novel with distinct horror elements. All about the gorgeous Druuna with pictures. 	288486
http://hentai.thecomicseries.com/	Hentai High School	NSFW free uncensored hentai comic of teenage sex drives, MILFS and nude beaches that updates on Saturdays. 	288484
http://www.stripeymaney.com/	StripeyManey	The anthropomorphic animal artwork of Benjamin Eren Robinson, AKA Simba. It includes drawings of lions, a couple tigers, and a liger. 	287687
http://celebs.bdsmfantasyblog.com/	Celebs Porn Dream	Features photographs of photo-shopped famous faces in both hard-core and BDSM scenarios. 	288111
https://www.ulorinvex.com/	Vox, Ulorin	British model and illustrator. Provides her portfolio including magazine covers. 	1061877
http://allgirltoplessbands.weebly.com/	All-Girl Topless Bands	Features black and white pictures of groups made up of bra-less ladies. 	287719
http://www.foxybrawlers.com/	Foxy Brawlers	Site features online female boxing and wrestling cartoon stories for download. Pay with Visa or MasterCard. Access provided within 24 hours. 	288481
http://hentai.comicgenesis.com/	The Hentai Poster Company	A series of hentai comics updated on Sundays with a new hentai poster in the style of inspiration or motivational wall posters. 	288480
https://gaming-porn.com/	Gaming Porn Hentai Game	NSFW ollection of animated gifs, hentai art, and cartoon porn illustration from ero games. 	288017
http://oppaihentaigif.tumblr.com/	Oh, my! Oppai!	Big tits hentai anime and big breasted Asian porn animations. 	288017
https://toonoops.com/	ToonOops	Animated cartoon images and free image samples of Member Sites.  	288017
https://t-cartoons.com/	T Cartoons	Drawn futanari and shemale cartoons, comics and hentai image galleries. [Membership] 	288481
https://tram-pararam.com/	Tram Pararam	Parody drawn porn illustrations of characters from popular cartoons, series, and movies. 	288481
https://demicomix.com/	Demi the Demoness	S.S. Crompton's adult comic series. News, features art and information about Hell's cutest Demoness. 	288486
http://tickleking.tripod.com/	Tickle Stories	Tales involving celebrities and original characters.  Also includes a submit feature. 	288209
http://www.asstr.org/~robflem/	Rob Fleming's Smoky Romance Stories	A collection of his smoking fetish writing. 	288209
http://smokingstories.net/	ASFS Stories	Extensive archive of smoking fetish tales by various authors. 	288209
http://www.gaydemon.com/stories/fetish/	Gay Demon	Homosexual stories mostly involving male on male SM, bondage and other fantasies. 	288209
http://www.myfirsttime.com/	My First Time	Short tales of first sexual experiences submitted by real people. 	288209
http://eroticspankings.com/	Erotic Spankings	BDSM stories covering punishments of submissive females. Also involving sexual humiliations. 	288209
http://www.tiemyankles.com/	Tiemyankles.com	Collection of kinky erotic stories. Focused on cheating wives and interracial sex. 	288209
http://www.dmusgrave.com/	D. Musgrave's Hidden Treasures	Sexual stories and novelettes by Derek Musgrave. Mostly voyeurism, noir and D/S genres. 	288209
http://www.spankinglife.com/	Spanking Life	Searchable collection of spanking stories and domestic discipline articles. 	288209
http://www.yaoidesigns.com/	Yaoi Designs	Original writings of Amber Yetter. Boys loving boys stories with elements of fantasy, sci fi and SM. 	288209
http://www.asstr.org/~Kristen/extreme/index.htm	Extreme Sex	Collection of stories with extreme and rough sexual content. 	288209
http://www.ladiesinleathergloves.com/stories.htm	Ladies in Leather Gloves	Stories of beautiful, cruel women who use their leather gloves to dominate and then punish men. 	288209
http://www.ardorotica.com/	Ardorotica	Femdom, clothed female nude male (CFNM), nude in public stories and reviews of books. 	288209
http://devotionalsex.com/15reallist.html	Devotional Sex	Stories about doing something new, more extreme or more intense than usual. 	288209
http://www.sissygirlstories.com/fantasies.html	Sissy Girl	Fantasies written by sissies and panty slaves belonging to the Princess Lynne. 	288213
http://www.clubsissy.com/	Club Sissy	Personals, pictures and stories for transvestites, cross dressers and people who support them. 	288213
http://www.wusfeetlinks.com/stories.html	Wu's Foot Stories	Submitted by people who have sexual interest in the feet or footwear. 	288215
http://abelspiano.com/fetish/	Foot Worship	Stories of men who worship the feet of women. Various authors. 	288215
https://www.lockedmen.net/	Locked M4M	Space where men involved with other men can engage in live chat, read and contribute stories. 	288216
http://www.asstr.org/~creampie/archive.html	Story Archive	Cum eating stories by Creampie Eater. Autobiographical, original writing. 	288217
http://www.sexstories-lesbian.com/	All Girl Stories	Girl on girl sex stories, topics include intentional, planned affairs, and first timers. 	288219
http://www.radfic.com/	Radclyffe's Fiction	Original women love stories by Radcliffe, and fan fiction. Downloadable in zip-format. 	288219
http://www.mindcaviar.com/bi/bi.html	A Bi-Friendly Place	A bisexuality resource center. Includes a FAQ, e-mail group, links,  books, news, articles, fiction, poetry and erotica. 	288220
ftp://ftp.asstr.org/pub/Authors/Val_White/val.html	White, Val	Stories primarily deal with bisexual men and women in group sex situations. [FTP site] 	288220
http://www.nifty.org/	Nifty Erotic Stories Archive	Large and well-organized archive of gay, lesbian, transsexual, and otherwise alternative sexuality stories. 	288218
http://www.hotgaystories.com/stories.html	Hot Gay Stories	Sex stories dealing mostly with first times and twinks. Some bisexual encounters. 	288218
http://ear.trippy.org/SC/SC1999.html#_Toc420830252	The Second Coming	A story in 16 chapters with both straight and gay erotic features about the life of a boy called Bill. 	288218
http://www.agaysex.com/gay-stories.html	A Gay Sex	Sexually explicit stories in different categories, including bisexual encounters, coming out, first time, fetishes, group sex, incest and military. 	288218
http://www.mrbstories.com/	Daniel's Diary	Large collection of original stories written by Mr B., an author of gay teen erotica. Also includes interviews with the boys. [Membership] 	288222
http://www.sexstories-gay.com/	Gay Sex Stories	A collection of reader submitted free stories. 	288221
http://www.tommyhawksfantasyworld.com/	Tommyhawk's Fantasy World	Gay erotic literature. Topics from sci-fi to historical, content from raunchy to hilarious. Two stories updated every week in free area. [Multiple AVS] 	288221
http://www.asstr.org/~wrestlr/	Wrestlr's Story Site	General gay fiction and mind-control stories, some co-written. Biography of the author. 	288221
http://www.gay-story.com/	Gay Story	Erotic stories feature men on men and first time bisexual adventures. 	288221
http://www.eunuch.org/	Eunuch.org	Stories focusing on male and female castration. 	288223
http://www.tgcomics.com/	TG Comics	Collection of transgender comics, stories and illustrations by various artists. 	288223
http://www.transladyboy.com/	Trans Ladyboy	Blog covering transexual topics, including erotic shemale stories. 	288223
http://www.tgfa.org/	TG Graphics and Fiction Archive	An archive of transgender graphics and fiction, with TG images taken from comics, books, magazines, role playing games and other media. 	288223
http://www.asstr.org/~Wholemanz/	Wholeman's Whole	Collection of transgender stories. 	288223
http://www.pornhome.com/stories/freya/	Freya's Sexual Transgender	Transgender stories, images and captions. Home of the Spellbook universe. 	288223
http://www.rachelshaven.com/	Rachel's Haven	Discussion forum for transgender fiction and related issues. Contains TG caption gallery. 	288223
http://www.tradingpostinn.com/	The Trading Post	Fictional blog about men having been changed into women. 	288223
http://www.transplantedlife.com/	Transplanted Life	Fictional blog about men being changed into women. 	288223
http://transgenderfiction.wordpress.com/	Transgender Fiction, Captions and Comics	Short reviews presenting sites and blogs devoted to transgender stories, comics and captions. 	288223
http://tgmangas.free.fr/index2.htm	Farhad's TG site	Collection of trangendered Japanese manga comics. 	288223
http://greatshift.blogspot.com/	Great Shift - TG Captions	TG bodyswapping and other trangender captions 	288223
http://caseytg.blogspot.com/	Casey's TG Caps	Transgender erotic softcore captions 	288223
http://www.tgcaps.com/	TG Caps	Captioned drawings and photos with a transgender theme. Sister site to TG Comics. 	288223
http://www.youtube.com/user/TGtales?gl=AU&hl=en-GB	YouTube - TGtales's Channel	Captioned video edits with a transgender theme. 	288223
http://nikkissweetdreams.blogspot.com/	Nikki's Sweet Dreams	Explicit  captioned images with a trangender theme. 	288223
http://www.asstr.org/~DocSavage/	Doc Savage's Story Archive	An online science-fiction epic erotic story. 	288225
http://www.mcstories.com/	Erotic Mind-Control Story Archive	Het and slash original stories and fiction featuring mind-control. 	288225
http://www.belariath.com/	Legends of Belariath	Lustful trolls ravaging innocent elf girls, and Minotaurs capturing human girls as slaves. 	288225
http://www.sexfantasystories.com/	Sex Fantasy Stories	Erotic fiction about demons, outlaws, Greek gods and Roman soldiers. 	288225
http://www.asstr.org/~Naked_Blades/	Naked Blades	Sword & sorcery and fantasy stories, artwork and articles. 	288225
http://www.asstr.org/~warrior_women/	Warrior Women	Erotic stories depicting strong, sexy females in a world of heroic fantasy. Characters are mostly human, but some tales include orcs and dwarfs. 	288225
http://www.pendorwright.com/	Elf Sternberg's Pendorwright Projects	Home page of Elf Sternberg, a very prolific SF/ fantasy/ furry erotica author. 	288225
http://members.tripod.com/gothic_press/alex/alex.html	Alex Severin's Exodus Erotica	Homepage of dark, erotic, gothic writer Alex Severin. Featuring links to many pieces of fictions and the Alex Severin mailing list, as well as an online catalogue or previous works. 	288228
http://depravity.depressed.net/	Annabelle's Dungeon of Depravity	Erotic horror stories plus poems written by ennui, includes stories written by Annabelle's friends. 	288227
http://www.tenebris.org/mbb/	Methos Boxer Brigade	News, het and slash stories, images, and recipes, all focused around Methos. 	288230
http://www.angelfire.com/journal/everpalace/not_usual_h_slash/index.html	Not the Usual Highlander Slash Archive	Connor slash, Richie/Methos, other non-Duncan/Methos pairings, and crossovers. 	288231
http://www.fictionresource.com/slash/	Slash Fiction Online	Links organized by fandom, recommendations, glossary, and image gallery. 	288232
http://www.angelfire.com/ut/terlygoodspecs/	Utterly Good Specs	Vampire Chronicles fan fiction by a variety of authors. 	288234
http://moonstar.forgiving-eyes.net/	Remus/Sirius Fuh-Q-Fest	All stories are about the pairing of Sirius and Remus. Includes writing challenges, fiction, rules, and links. 	288235
http://www.angelfire.com/clone/passive_lunacy/	Passive Lunacy	Stories, fan art, and poetry. Mostly slash. 	288235
http://www.squidge.org/~cabs/	Citizens Against Bad Slash	Reviews, essays, writing resources, and discussion board. 	288238
http://www.squidge.org/~minotaur/	The Slash Page Database Project and Minotaur's Sex Tips for Slash Writers	Lists nearly 900 sites offering slash stories in more than 500 fandoms. Also sex information for slash writers. 	288238
http://www.trickster.org/fannishbutterfly/10_peeves.html	Ten Little Peeves	Top 10 list of things writers do wrong. 	288238
http://www.slashaholics.org/thamiris/slash/Grammar.html	Odysseys and Ecstasy: Grammar	Also known as "Thamiris' Sexed-Up Grammar Guide." The mysteries of grammar explained in a slash context. 	288238
http://www.dymphna.net/fanfic/	Pearl	Buffy, Roswell, Babylon 5, X-Men, and other stories by Kate Bolin. 	288241
http://littlecalamity.tripod.com/Stories.html	Jane Leavell's Fan Fiction	Humorous and dramatic stories, as well as crossovers. Fandoms include Quantum Leap, The Incredible Hulk, Ghostbusters, and Riptide. 	288241
http://www.asstr.org/~christineindigo/	Christine Indigo: Internet Pornographer	Slash and het works. Includes Ultima series fiction and oldschool punk/alternative band real person stories. 	288241
http://members.shaw.ca/lothlorien/	Lothlorien	Offers writings by Galadriel from Lord of the Rings, Highlander, Star Wars, and various anime series. Gen, slash, and het pairings. 	288241
http://www.angelfire.com/realm2/midknight/	MidKnight's Lair	Gen, het, and slash based on fandoms including Smallville, Gundam Wing, Harry Potter, Vampire Chronicles, Witchblade, and Forever Knight. 	288241
http://members.tripod.com/~LaurenClark/	CataCombs	General and adult fiction featuring characters played by actor Jeffrey Combs, plus photos, wallpapers, and filmography. 	288239
http://www.squidge.org/~virgule/index.html	Virg and Fort	Gen, slash and het stories by Virg and Fort, from The Bill, Sentinel, Highlander, Star Trek, Homicide, X-Files, and the DC Comics universe. 	288239
http://starjones.50megs.com/	Star Jones Archives	Indiana Jones and Star Wars stories, including adult het and slash. 	288239
http://slashsluts.populli.net/	The Slash Slut's Recs	Links to stories in a wide variety of fandoms, including crossovers. Also includes articles on slash writing and "Annoying Things in Fanfic." 	288239
http://slashcity.com/barb/index.htm	Barb's Highlander and X-Files slash	Mulder/Krycek and Duncan/Methos fiction. Also includes stories based on Due South, Hard Core Logo, and Sentinel. 	288243
http://members.tripod.com/luxshine/index.html	From Fics to Scripts to Essays	Offers works by Adalisa from Buffy, Star Wars, Due South, and Xena. Also features original fiction. 	288243
http://www.lyricalmagic.com/	Worlds Without Boundaries - Destina's Slash Fiction	Fiction includes pieces from Star Wars, Due South, and the Sentinal. 	288243
http://www.angelfire.com/nb/annehiggins/warn.html	Anne Higgins	Offers writings from fandoms including Batman, Star Wars, Smallville, Man from UNCLE, and JAG. 	288243
http://www.slashcity.com/	Slash City	Fiction and photo archives, reviews, chat room, and message board. 	288242
http://members.tripod.com/wtnsslist/	Witness List	Archive for stories based on shows and movies involving law enforcement characters and members of the legal profession.  Fandoms include Law and Order, NYPD Blue, Profiler, Pretender, Twin Peaks, US Marshals and Due South. 	288242
http://www.oblique-publications.net/oblique.html	Oblique Publications - Zine and Story Archives	Bringing old zines online. Batman, Blake's 7, The Crying Game, Due South, Northern Exposure, The Professionals, Sherlock Holmes, X-Files, and others. [PDF] 	288242
http://www.altfic.com/	The Pink Rabbit Consortium	Stories and artwork from a variety of fandoms, featuring female slash relationships. 	288242
http://www.dymphna.net/wakeupgay/	Wake Up Gay!	Stories speculate on what would happen if a character suddenly discovered he or she is homosexual. 	288242
http://lunar777.tripod.com/FanFics.htm	Fanatics Vin Diesel Site  Fan Fiction	Archive of "Pitch Black" stories by several authors. 	288246
http://www.angelfire.com/realm/obsidianquills/index.html	Obsidian Quills	Qui-Gon/Obi-Wan slash fan fiction, essays, and links. 	288250
http://www.squidge.org/swal/	SWA-L SW Slash Archive	Many slash stories. Various pairing, mainly Qui-Gon/Obi-Wan and Han/Luke. 	288250
http://www.siubhan.com/sithacademy/	Sith Academy	The Phantom Menace parody fan fiction, centered around Darth Maul. Artwork, essays, and links. 	288250
http://www.squidge.org/~ndannais/	Nicole's Fic	Assortment of Qui-Gon/Obi-Wan fiction. 	288250
http://www.squidge.org/~foxsden/kitchen/terrisindex.html	Mom's Kitchen	Stand alone and series-related fan fiction by MrsHamill. 	288250
http://moonsofiego.thepensieve.net/	The Moons of Iego	Fiction focusing on Anakin/Padmé. Includes character profiles and fiction separated by time period. 	288251
http://www.angelfire.com/movies/pitchblack/fanfic.html	Pitch Black Fan Fiction	Stories and poems. 	288252
http://littlekali.tripod.com/34splash.htm	Three for the Money	A work of fan fiction based on the movie Pitch Black.  A sequel to "The Faithful". 	288252
http://littlekali.tripod.com/faithful.htm	The Faithful	A work of fan fiction based on the movie Pitch Black. 	288252
http://www.angelfire.com/movies/sleepyhollowfanfic/	The Sleepy Hollow Fan Fiction Site	Gen and slash stories, humor, poetry, and guide to Sleepy Hollow slash on the web. 	288253
http://www.angelfire.com/wizard/dianetaylor/	KinkyGrrl's Fan Fiction	Hurt/comfort series based on the character. 	288256
http://members.tripod.com/almaith/	Iolausian Library	Gen and adult Iolaus fiction. 	288259
http://iolausians-r-us.tripod.com/	Iolausian Hideout	Gen, adult het and slash fan fiction dedicated to Iolaus and IolausToo. 	288259
http://www.slashaholics.org/ksa/index.htm	Ksmithares Archive	Slash fiction featuring Ares from the Hercules and Xena series. Home of the KSA mailing list. 	288262
http://www.slashaholics.org/thamiris/slash.html	Odysseys and Ecstasy	Stories by Thamiris, featuring Ares, Iphicles and other male characters.  Home of the Herc-Xenaverse slash webring. 	288262
http://dkfanfic.tripod.com/	Tales of Dark Nicholas	Forever Knight fan fiction exploring the darker side of Nick Knight. 	288263
http://niterose.tersonodesign.com/fanfic.html	NiteRose's FK Fiction	Gen and adult Forever Knight stories by NiteRose. 	288263
http://www.dymphna.net/leftofvenus/	Slightly Left of Venus	Female slash archive for Roswell.  Submissions welcome. 	288264
http://www.dymphna.net/ucsl/	The UCSL Archive	Large archive for fiction featuring unconventional pairings. Also hosts story reviews and recommendations. 	288266
http://www.angelfire.com/ny4/willowangelspike/	All Things Willow	Fan fiction featuring Willow, arranged by pairing.  Submissions welcome. 	288266
http://www.angelfire.com/extreme2/Icedragonxxx/	All BtVS Fanfic	General and adult Buffy stories arranged by character. 	288266
http://www.allaboutspike.com/	All About Spike	Explores the character from a redemptionist perspective through selected essays and stories of all pairings and ratings. Includes a message forum. 	288266
http://www.angelfire.com/rock3/fish_and_chips/	Clockstopper’s Fan Fiction	Fan fiction by Clockstopper featuring Spike with either Xander, Angel, or Buffy. Includes fan art gallery and links. 	288266
http://littlecalamity.tripod.com/Stories/Buffy.html	Watcher, What of the Night?	Features fan fiction, Giles-centric, written by Jane Leavell. 	288266
http://mysticmuse.net/	The Mystic Muse	This site contains Fan Fiction stories set in the Buffy the Vampire Slayer and Angel universes. 	288266
http://bloodandbeers.freehostia.com/	Blood and Beers	All stories involve one or more characters consuming alcohol. Includes gen, het, and slash works. Also offers pictures from the series of characters drunk or drinking. 	288266
http://www.tthfanfic.org/	Twisting the Hellmouth	A fan fiction archive of over 13,000 Buffy the Vampire Slayer and Angel crossover stories. 	288266
http://scarlet.lady.tripod.com/	Studies in Scarlet	Scarlet Lady's fan fiction. Angel-centric BtVS and AtS stories, including m/m slash. 	288266
http://dymphna.net/cordyslash	The Cordyslash Archive	The archive for list of the same name, hosting f/f slash starring Cordelia Chase. Also features links and desktop wallpaper. 	288268
http://www.dymphna.net/loaded/	Loaded	Giles and Oz fan fiction. 	288268
http://angelfire.com/grrl/wyndgyrl	Buffy Erotic (Femslash) Fiction by Wynd Gyrl	F/F slash romantic fanfiction. 	288268
http://www.angelfire.com/darkside/fics051/	Buffy The Vampire Slayer Femslash Fan Fiction by Lia	Personal archive of stories featuring the Buffy and Faith, Buffy and Dawn, and Faith and Dawn relationships. Includes a selection of altered images. 	288268
http://www.angelfire.com/ego/thumbwar/	Thumb Wrestling	Tara/Dawn stories, fan art, beta readers, and essays. Submissions accepted. 	288268
http://www.excessant.com/	Tales from the Attic	Slash archive for various pairings from Buffy the Vampire Slayer.  Includes fan art gallery and related links. 	288268
http://bigguns.slashdom.net/	Big Guns	Archive for GrahamSlash mailing list. Various pairings, all include Graham. 	288268
http://phoenix-stories.webs.com/	BtVS Fanfiction by Phoenix0879	Fanfiction by author Phoenix0879 includes slash stories of both m/m, and f/f.  The Legacy Series, a Xander-centric pairing with an MOC, and various others such as Willow/Tara, and Harry Potter crossovers between Faith and Bellatrix Lestrange.  Site also features wallpapers, links, and forum. 	288268
http://oocities.com/sulkygeek/index.html	Sulkygeekiness	Stories by Sulkygeek include characters from both shows; most are centered around Faith. Includes a Faith picture gallery and relationship guide. 	288268
http://www.angelfire.com/my/nautibitz/	Naughty Bits: Spike/Buffy Fanfiction	Stories by NautiBitz. 	288271
http://members.tripod.com/spikebuffyfic/	Spike and Buffy: A Thin Line Between Love and Hate	Various stories featuring the character, some romantic and some dark. Includes BDSM and non-con works. 	288271
http://www.angelfire.com/goth/bloodlinkbuffyspike/index.html	Bloodlink: Whispers in the Dark	Stories, challenges, poems, and picture gallery. 	288271
http://www.angelfire.com/al/Diarys/	The Watcher's Diaries	Fan fiction archive for Buffy the Vampire Slayer and Angel the Series. 	288269
http://www.angelfire.com/tv/inqstive1sfanfiction/BuffyFanfic.html	Buffy the Vampire Slayer Fanfiction	Buffy/Angel, Buffy/Spike, Angel/Willow and Spike/Willow stories. 	288269
http://members.tripod.com/feverfate/	Fever of Fate: Willow Fan Fiction	Crossovers, Willow/Angel, Willow/Xander, and Willow/Oz fiction. 	288269
http://www.angelfire.com/poetry/kissofjuda/index.html	Juda's Kiss	Home to Faith and Angel stories. Includes original and hosted works, as well as links and banners to other sites. 	288269
http://www.angelfire.com/sd/cruelobsessions/	Cruel Obsessions	Adult archive devoted to the Buffy/Angelus pairing. 	288272
http://members.tripod.com/~GBLvr/contents.html	Cardassia Sutra	Fan fiction archive dedicated to slash stories involving at least one Cardassian. Mostly Garak/Bashir stories. 	288274
http://www.syredronning.de/	Acidqueen's Star Trek Fan Fiction	Acidqueen's multiple pairing zone: S/Mc, K/S, Spock/Saavik, f/f; AU, MU and BDSM. Stories include "The Tarot Suite." 	288278
http://taitlu.tripod.com/	Gateway: Archives of The Lost Tomes	Vulcan fic by Gayle Rochefort-Potts, mostly m/f involving Sarek or Spock, some m/m. 	288278
http://arachnethe2.tripod.com/	Ara's Place	Arachnethe2's mainly K/S stories and poetry. 	288278
http://www.syredronning.de/art.html	Art from Karracaz	A gallery of innocent and naughty Kirk, Spock, McCoy, K/S, S/Mc and Saavik art. 	288278
http://www.members.tripod.com/tempestcoyote/	Tempest's Caves	Janet's Spock/McCoy fiction. 	288278
http://www.asstr.org/files/Authors/John_OConnor/www/startrek.html	John O'Connor	John O'Connor (lushcoltrane) has written multi-pairing TOS f/f, including Rand/Chapel, Areel Shaw/Gillian Taylor, and Roberta Lincoln/Isis. 	288278
http://www.asstr.org/files/Authors/jdish/www/Janice%20and%20Kirk's%20dark%20side.txt	JDish	"Janice and Kirk's Dark Side" by jdish: what really happened in Janice Rand's cabin during "The Enemy Within." 	288278
http://www.asstr.org/files/Collections/LEXtext/MikesCollection/Mike%2017%20Star%20Trek.txt	Uncle Mike	"Where No Man Has Cum Before": m/f multiple. 	288278
http://www.angelfire.com/az2/fanfic/supernova.html	The Supernova Stories	Sadie Maxwell's erotic Trek fic, including Chapel/m and Christopher Pike/Number One. 	288278
http://www.djinnslair.com/	Djinn's Lair	Star Trek stories about a variety of TOS characters, from McCoy to Saavik, also various pairings, including Kirk/Chapel. 	288278
http://www.waxjism.org/cimorene/trek/	Intuition/Calculation: Cim and K'Sal's Kirk/Spock	Kirk/Spock stories by Cimorene and K'Sal. 	288278
http://www.waxjism.org/cimorene/trek/sunbeam/	Miss Sunbeam's Heap 'o' Trek Smut	Kirk/Spock, S/Mc, K/C and other slash pairings dance to the inimitable beat of The Enigmatic Big Miss Sunbeam. 	288278
http://hjc.akicif.net/storylist.html#TrekTOS	Carnall Enterprises, UnLtd	Jane Carnall's old school TOS slash, first published in such zines as "Unique Touch" and "NOME." Includes K/S, S/Mc/Zarabeth, and K/S/Mc. 	288278
http://hafital.slashcity.net/	Hafital's Fanfiction Paradise	Hafital's TOS fiction, mainly Kirk/Spock; some other pairings. 	288278
http://gilda-elise.livejournal.com/	Elise Madrid's K/S Fiction	Previously published K/S slash stories by Elise Madrid. 	288278
http://istannor.tripod.com/Istannor.html	Istannor's Startrek Fanfic	A renowned historian for the Federation is sharing with us his knowledge of the real life on the Enterprise. And some other stories. 	288278
http://startrekromances.tripod.com/sc.html	Ronda's Spock and Christine page	Ronda Sexton's PG-13 to NC-17 Spock/Chapel stories. 	288278
http://www.trekiverse.org/	Trekiverse: The Official Archive of the Usenet alt.startrek.creative.* Heirarchy	The official story archive of the ASC* family of newsgroups. 	288276
http://www.squidge.org/blts/	Better Living through Trek Stories	Homepage and story archive of the Better Living through Trek Stories (BLTS) mailing list. 	288276
http://www.users.globalnet.co.uk/~skazki/	The Book of Original Series Star Trek Fiction	Chekov-based gen and het online book of Star Trek fiction, by Jane and others. 	288276
http://www.squidge.org/~peja/startrek/general.htm	WWOMB Het and Gen Star Trek Stories	G to NC-17 Star Trek stories, gen or het only. 	288276
http://www.squidge.org/~peja/startrek/slash.htm	WWOMB Star Trek Slash Stories	G to NC-17 Star Trek stories with gay relationship themes. 	288276
http://members.tripod.com/~LilyParis/	Garden	Paris/Torres Voyager romances by Lily. 	288281
http://members.tripod.com/~cheile/	J/C Shrine	Gen and adult Janeway/Chakotay stories by Cheile. 	288281
http://www.loony-archivist.com/ptcarchive/	Official P/T Collective Archive	Paris/Torres stories of every kind. 	288281
http://www.angelfire.com/bc/jojosworld/voyager.html	JoJo's World	Paris/Torres fan fiction, pictures, and polls. 	288281
http://www.angelfire.com/trek/craters0/index.html	CraTers	Archive of Chakotay/Torres romance stories. 	288281
http://www.angelfire.com/trek/khylaren/	Khylaren's Voyager Fanfiction	Star Trek Voyager fanfiction written by Khylaren. Stories range from PG to NC17. Action, Adventure and romance stories. Several are posted currently and the author updates regulary. 	288281
http://www.siubhan.com/list.html	Siubhan's  Fanfic	Fan fiction that features the characters of Voyager with occasional special guests.  The fiction is primarily adult-oriented, focusing male/male sex and relationships (slash). 	288282
http://www.angelfire.com/trek/storiez/Trial.html	Chelsey's Enterprise Page	Includes gen and het stories, as well as multimedia, downloads, and episode guide. 	288285
http://triptpolers.houseoftucker.com/	Trip/T'Polers:  A Trip and T'Pol Shipper's Site	Gen and het stories based on the characters.  Also includes photo novella of season 1, and image gallery. 	288285
http://archive.nu/adult.html	Alt.starTrek.creative.erotica.moderated  Archive	Indexes for newsgroup, with links to archived Star Trek fan fiction and slash fiction. 	288273
http://members.tripod.com/~DarrelB/BRI.html	The Beta Reader Index	For writers of Star Trek fan fiction looking for someone to edit their material. 	288273
http://www.angelfire.com/zine/trek/	Miss Sunbeam's Star Trek Universe	Stories with characters from all the Trek series, crossovers and AU. 	288273
http://www.angelfire.com/tv2/touchstone/	Touchstone	Gen and het stories. Also offers series news, character profiles, and episode guide. 	288287
http://www.area52hkh.net/	Area 52: The HKH Standard	The 'Stargate Slash Fanfic Archive' is the gathering place for stories from the Gateway and JackDaniels mailing lists.  The Archive is updated every week. 	288289
http://www.squidge.org/~theforest/stargate/stargate.html	Forest	Multiple pairings of the men from SG-1, by Legion. 	288289
http://www.angelfire.com/id/CrazeeNDan/Fanfic.html	Crazee 'N' Dan's Fanfic Bit	Stories by Dan and Crazee. 	288289
http://www.angelfire.com/scifi/sjadult/	SJ Adult	Adult Sam and Jack stories and challenges.  Home of the SJAdult mailing list. 	288292
http://www.angelfire.com/sc/nev/stories.htm	Nevyn's Stargate Fanfic Archive	Het stories focusing on Sam and Jack. 	288292
http://www.samandjack.net/	Sam and Jack Fan Fiction	Fan fiction stories by various authors with Sam/Jack emphasis. 	288292
http://members.tripod.com/~Rolan/	The Gedkesian Tales: Enter the Hall of Rolan	Heroic science fiction action, adventure, erotica and a challenge. The Doctor gets very involved. 	288294
http://www.angelfire.com/ms2/farscape/index.html	Pilot's Fanfic Zone	Gen, adult, and slash stories from Farscape. 	288295
http://www.angelfire.com/tv/crais/	Crais Page of Honor	Adult fan fiction featuring Farscape's villain, and information about the actor who portrays him. 	288295
http://fangrrl.populli.net/smutscape/	SmutScape	Archive of the smutscape@topica.com mailing list, mostly slash. 	288295
http://www.slashx-files.com/farscape/	Farscape / Archive	Accepts all m/m and f/f pairings, as well as threesomes, using an automated submission script. Readers can search for stories according to multiple criteria. 	288295
http://lonchura.tripod.com/slash.html	Erotic Fan Fiction	Gen, het, and slash stories by Merri-Todd, from X-Files and The Sentinel. 	288298
http://www.angelfire.com/va/UnderthePink/	Journey Under the Pink	Het and slash stories from Xena and The X-Files by Absinthe. Includes numerous crossovers, as well as artwork. 	288298
http://www.angelfire.com/va/UnderthePink/sleeptodream.html	Sleep to Dream	Mulder/Scully, Xena/Gabrielle, and crossover stories also featuring American Gothic and La Femme Nikita. 	288298
http://jfc.freeshell.org/stories.html	Breaking the Glass Box	Het and slash stories by Janet F. Caires-Lesgold. Fandoms include The X-Files, Buffy the Vampire Slayer, Angel, and Smallville. 	288298
http://teal-talitha.livejournal.com/	Teal's Fanfic	Stargate SG1 and X-Files stories by Becc Carter. 	288298
http://archive.shriftweb.org/	Buffy Fiction Archive	Searchable, automated archive for Buffy the Vampire Slayer and Angel stories, affiliated with the BFA-L mailing list. Includes gen, het, and slash stories of various types in a variety of ratings. 	288297
http://www.angelfire.com/tv/fanfiction/index.html	Mightier Than the Sword	Stories based on Buffy, FX, Profiler, The Others, Star Trek, Relic Hunter, Dark Angel, X-Men, and other shows. 	288297
http://members.tripod.com/~AiR_WSW/Athea.html	Athea's Fanfic Page	Stories in fandoms including Sherlock Holmes, Highlander, Professionals, Kung Fu - The Legend Continues, Voyager, and Lois and Clark. 	288300
http://www.slashx-files.com/blog/	WitchQueen's Random Edicts	Farscape and X-Files fan fiction, plus essays and links. 	288300
http://elvichar.tripod.com/	SlashCom	Stories are based on comedy shows and include male/male and female/female pairings. 	288299
http://www.cageyklio.net/	Cagey's Fanfiction Dustbin	Gen and adult stories. Fandoms include Forever Knight, X-Files, Angel, Remember WENN, Highlander, Kung Fu: The Legend Continues, and Stargate: SG-1. 	288301
http://www.angelfire.com/nd/castmuse/	Casting Muse in Hues	Star Trek Voyager Janeway/Chakotay stories and Seaquest DSV Bridger/Westphalen fiction by Shalee Stewart. 	288301
http://theprettypretty.tripod.com/	PrettyPretty's Fan Fiction	Stories based on The West Wing (Josh/Donna) and Due South. 	288301
http://www.angelfire.com/tv2/buffyfix/home.html	Get Your Buffy Fix	Archive of Buffy and Angel series stories, challenges, and round robins, as well as episode reviews, essays, and links. 	288301
http://www.asherasarchive.com/	Ashera's Archive	Archive of Xena and Hercules slash, lesbian and het with stories by pairing, title and author, includes a glossary, gallery and links. 	288304
http://www.angelfire.com/id/DarkAngel/index.html	Dark Angel Xena	Bondage, consensual S/M, warlord and slave fantasies, and other Xena fiction that pushes the boundaries of woman to woman love. 	288307
http://www.angelfire.com/on3/sparx/index.html	My Place	Xena alternative and Uber fan fiction by Sparx.  Submissions welcome. 	288306
http://www.merwolf.com/ffiction.html	Merwolf's Cave	Subtext and Uber fan fiction by Melissa Good. 	288306
http://viviandarkbloom.tripod.com/	Time-Waster	Uber fiction by Vivian Darkbloom, including the White Trash series. 	288308
http://www.angelfire.com/az2/blackrage/	GYGR: Black Rage	Uber Xena fan fiction based on an original character and her adventures. 	288308
http://www.angelfire.com/or/UBERCENTRAL/index.html	Uber-Xena Central	Stories set in the past, present, or future, whose characters may share some characteristics of Xena and Gabrielle. 	288308
http://www.beyonduber.com/	Beyond Uber	Listings of new and updated Xena-uber and original fiction stories, also has artwork and links. 	288308
http://unitb.slashcity.net/andromeda/andromeda.html	Ana's Andromeda Fiction	Primarily Harper/Tyr slash stories. 	288312
http://fangrrl.populli.net/gvse/	Forbidden From Intimate Contact	Archive for the GvsEslash@topica.com mailing list, all Henry/Chandler stories. 	288314
http://members.tripod.com/~mannaladroit/	Manna from Heaven	Stories and parodies (m/m) by Manna La Droit. 	288316
http://rainbowsfanfiction.populli.net/duesouth.html	Due South Fan Fiction	Slash stories by Iris M. Gray. 	288316
http://members.tripod.com/~Gayeld/Blurring.html	Blurring the Lines	A single Emergency story, featuring Johnny Gage. 	288317
http://www.angelfire.com/zine/EFromTheHeart/	E! From the Heart	General and adult fan fiction, arranged by title. 	288317
http://www.angelfire.com/hi4/carriedoolfanfic/FastTimes/FTSHTOC.html	Fast Times at Salem High	The story is an alternate universe from the Days of Our Lives storyline. It Contains mixed and alternate couples. Written in episodic format. Hard edge and adult material. 	288319
http://www.angelfire.com/hi2/theyoungriders/	TYR's Bedtime Stories	Fan fiction site with contests and current stories grouped by content and ratings. 	288321
http://vernehurt.tripod.com/s.html	The Even More Secret Adventures of Jules Verne	Hurt/comfort stories primarily involving Phileas Fogg and Passepartout, with the emphasis on "hurt." 	288325
http://www.squidge.org/~flamingo/starskyhutchslash/	Starsky & Hutch Slash Archive	Stories reprinted from fanzines and newly posted to the Web, organized by author. Also includes drabbles. 	288326
http://legacyweb.com/fanfic_library/ptlfanfic.htm	PTLFANFIC List	Poltergeist: The Legacy adult fan fiction list for posting stories and discussion of fan fiction. Age statement is required. 	288327
http://members.tripod.com/~Tasha_Drake/polt_fiction.html	Tasha's Poltergeist: The Legacy Fiction Page	Stories with violent or sexual content from Poltergeist: The Legacy. 	288327
http://members.tripod.com/~Reets/lo_index.html	Law and Order the Slash Years	Stories based on Law & Order with Mike Logan as the main character. 	288329
http://cath4sara.tripod.com/	Cath4Sara	Catherine/Sara slash stories. 	288330
http://members.tripod.com/sockii/lurkden/lurkden.html	Lurker's Den	Babylon 5-related fan fiction and links. 	288335
http://members.tripod.com/~B5FanFiction/rws.html	Ranger, Warrior, Soldier	Minbari-based fan fiction, rated for content by the authors. 	288335
http://www.ourdramaqueen.com/sw/	Space Witches HomePage	Erotic B5 Crusade/American Gothic crossover fan fiction: How the Excalibur's crew discovered a mysterious planet inhabited by the four Space Witches. 	288335
http://www.squidge.org/~lianne/nikita/nikita.htm	Lianne's Nikita Slash Fiction	Several stories featuring Michael, Birkoff, Opeations, and others. 	288338
http://psi-factor-nights.faithweb.com/	Psi Factor Nights: The Inner City of Sensuality.	Slash fan fiction, based on "Psi Factor: Chronicles of the Paranormal." 	288257
http://www.angelfire.com/tv2/jeanster/blackadder.html	Blackadder Fan Fiction by Jean Akins	Gen and adult stories, drabbles, and half-drabbles.  Also crossovers with Sherlock Holmes, Dr. Who, and The Thin Blue Line. 	288257
http://www.angelfire.com/ny/fanficarchive/	Hart to Hart Fan Fiction Archive	Het stories written by the show's enthusiasts. 	288257
http://www.angelfire.com/on/aimee/profiler.html	Aimee's Profiler Fanfiction	Slash fan fiction, mostly Sam/Angel. 	288340
http://members.tripod.com/~athenadreamer/	Fan Fiction	Jarod/Miss Parker romance stories and crossovers with The X-Files and La Femme Nikita. 	288342
http://elliottsilver.tripod.com/pretenderpage.htm	Let the Centre Arrest You	Gen and adult Pretender fiction by Elliott. 	288342
http://members.tripod.com/~AiR_WSW/Amirin5.html	Amirin's Sports Night Slash	A series of Dan/Casey stories. 	288343
http://www.angelfire.com/realm/wolfhowl/smallvillehome.htm	Smallville Stories	Character biographies and stories by Angelina. 	288344
http://www.loony-archivist.com/smallville/chemistry/	Chemistry: A Chloe/Lex Fan Fiction Archive	Gen and het stories focusing on the characters. Includes biographies, relationship timeline, and image gallery. 	288344
http://www.loony-archivist.com/coyote/	Wild Coyote: The Smallville Het Archive	All pairings, ratings, and genres, except slash. 	288344
http://www.dymphna.net/smalltowngirls/	Small Town Girls	Slash stories pairing Chloe/Lana, Chloe/Lois Lane. Also includes crossover with Buffy the Vampire Slayer's Faith. 	288345
http://schism.tktv.net/	Schism	A Homicide: Life on the Street fan fiction archive 	288353
http://secorfiles.tripod.com/	The Secor Files	Adult fan fiction featuring characters played by actor Kyle Secor. 	288353
http://www.squidge.org/~adsoffice/	AD's Office Homepage	Home of an ICQ Channel for slash-friendly adults, focusing on the Mulder/Skinner pairing. Includes logs of previous sessions and a schedule of online events. 	288357
http://www.xanthe.org/	Xanthe...	Stories include het, slash, and humor, some focusing on BDSM and/or threesomes. Also offers fan art, story recommendations, polls, and rants. 	288359
http://twooutofthree.populli.net/	Two Out Of Three	Mostly slash stories but some het, primarily focusing on  Byers and Langly. 	288359
http://www.angelfire.com/sc/xfilesvault/index.html	Gillyx's World of X FanFic	Mulder/Scully romances, and Scully slash. 	288359
http://members.tripod.com/~Lywendre/roadsless.html	Roads Less Traveled	Slash and adult stories. Mostly Lone Gunmen slash and het, as well as Scully fiction. 	288355
http://members.tripod.com/~AAA_Archive/	Angst All Around (AAA) Archive	Angst all the time.  Gen and adult stories. 	288355
http://www.squidge.org/3wstop/	Three Way Stop	Mulder/Scully romance, slash, and erotic stories featuring Skinner by frogdoggie, Blue Mohairbear and Mik. 	288355
http://members.tripod.com/~AVxfiles1/xf-fanfic/xf-ff.htm	Xf-fanfic Mailing List and Archive	General and adult stories posted to the list. 	288355
http://www.angelfire.com/oh3/SkinnerSanctum/index2.html	Amokeh and Jvantheterrible's Skinner Sanctum	Mulder/Skinner slash and Skinner/Scully romance stories. 	288355
http://www.angelfire.com/ms/lysandlys/	Skanky Ho Central -- Fanfic by Lysandra and Lysistrata	Stories include missing scenes and humor, as well as threesomes with Mulder and Scully. 	288355
http://members.tripod.com/~dingbatt/	X-Files Angst Archive	Mostly slash with some rape. All stories involve physical or psychological violence. 	288355
http://www.angelfire.com/mb/wsjournal/index.html	Walter Skinner's Journal	An alternate universe series written as a diary. 	288361
http://www.angelfire.com/oh4/homeofthegoddess/	Home of the Goddess	Stories and poetry by Michele. 	288361
http://www.squidge.org/~surrealarts/	Alternative Arts	Gen and adult stories, set in both the X-Files and Lone Gunmen universes. 	288362
http://www.members.tripod.com/Araxdelan/	Araxdelan's Slash Site	Stories written by Araxdelan, Lone Gungirl, Abbie, Lissa, and Fallen Angel. 	288363
http://www.squidge.org/sksa/index2.html	SKSA	Affiliated with the Skinner/Krycek mailing list. Some stories include threesomes with Mulder. 	288360
http://members.tripod.com/~AiR_WSW/Amirin4.html	Amirin's X-Files Slash	Mulder/Krycek and Mulder/Skinner stories, and links to other archives. 	288360
http://members.tripod.com/~GriffG/stories.html	Griffin's Den	Gen and Mulder/Skinner and Spender/Krycek stories. 	288360
http://www.squidge.org/~slashingthefox	Slashing the Fox	Gen and slash stories and drabbles. Pairings include Mulder/Krycek, Mulder/Skinner, Mulder/Alien Bounty Hunter, and Mulder/Other. 	288360
http://www.angelfire.com/sc/scullypage/CERTIFY.html	ScullySlash List Story Archive	Stories posted on the ScullySlash mailing list before October 2000 are archived. 	288364
http://lek.populli.net/	Lisa e Krysa	Archive and awards for Mulder/Krycek slash fiction. 	288365
http://members.tripod.com/xfangst/	TwoSpooky's Home for Wayward Fanfiction	Romance stories heavy on the angst. Also links to movie and post-Requiem stories. 	288368
http://susanproto.freeservers.com/	Susan's Garden	Romance and angst written by Susan Proto. 	288368
http://surfacing.com/xl/	XL's XF Realm	XochiLuvr's stories, including humor, badfic (intentionally bad writing), and romances. 	288368
http://members.tripod.com/~LiliBlue/	Lili Blue's X-Files Fan Fiction	Adult and gen romance stories. Also includes art and postcards. 	288368
http://romoangst.users2.50megs.com/	Romo and Angst	Romantic and angsty stories. 	288368
http://members.tripod.com/danak35/	DanaK's X-Perience	Scully-centered stories, including Mulder/Scully and Skinner/Scully romances. 	288366
http://members.tripod.com/swld/main.htm	The Shippers Who Like Doggett Fic Archive	Stories portray Doggett and Reyes in a positive light while preserving Mulder/Scully romance. 	288366
http://members.tripod.com/efanatic/show/mutantx/	Mutant X Slash Archive	Slash stories based on the series, with a variety of pairings and ratings. 	288370
http://www.squidge.org/~theforest/senfic.html	The Forest	Home to the Sentinel slash of Owlet, Cynthia Selene (also known as Turtle), Snarf, Senscribe, Legion, EagleEye, Caorann, Lyrica, Vikster, Sihaya Black, CKC, and Aaboe (also known as Panther).  Some slash from other fandoms, and some Sentinel crossovers. 	288374
http://www.squidge.org/5senses/	The Sentinel Slash Virtual Season	"Episodes" of The Sentinel commencing after the end of the final season, written by various slash authors. 	288374
http://www.trickster.org/kass/	Kass's Sentinel Scribblings	Slash stories and slashy sonnets about Jim and Blair. 	288374
http://www.members.tripod.com/~JosephineDarcy/fiction.html	Josephine's Fiction Page	Sentinel slash by Josephine Darcy, plus one Yuu Yuu Hakusho story. 	288374
http://members.tripod.com/~AnnaBleigh/contents_page.htm	Fiction by the Sea	Sentinel and Pretender slash by Annabelle Leigh, as well as essays on slash fiction and The Sentinel. 	288374
http://members.tripod.com/~tour_of_duty/todslash.html	Tour of Duty Slash	Slash stories based on various war movies. 	288377
http://members.tripod.com/psbili/	Arcane Lover	Slash stories written by Phantom Black Sheep, mostly focusing on the character of Ezra Standish. 	288382
http://www.angelfire.com/stars3/dzgogogirl/	Lady Emorah's Fan Fiction	Contains stories and pictures. 	288388
http://www.angelfire.com/boybands/mynsyncfanfiction/	Everything In Pieces	Includes slash, links, and tagboard. 	288388
http://www.angelfire.com/emo/tionalism/	My Date With A Backstreet Boy	Features stories, visuals, poems, editorials, and fan art. 	288389
http://www.angelfire.com/pop2/BSBEvil/	Realm of The Evils	Contains stories, pictures, and a message board. 	288389
http://www.angelfire.com/pop2/thisiswrong/	This Is Wrong	Contains slash, pictures, animations, quotes, and links. 	288389
http://www.mediageek.ca/zoicite/	Commoner's Tales	Contains slash, recommendations, and links. 	288389
http://www.angelfire.com/nc3/lfc/	Left From Center	Includes Nick-centered stories, visuals, facts, and humor. 	288389
http://mooncalf.org/	mooncalf	Stories based on Final Fantasy, Xenogears, and Storm Ocean. Includes gen and yaoi works. 	288393
http://bagend.livejournal.com/	Bag End	LiveJournal community for venting and criticizing all kinds of Lord of the Rings fan fiction. Strictly for the heretical, the disillusioned, the painfully honest and the opinionated. 	288395
https://lotr-whorehouse.livejournal.com/	The Middle Earth Whore House	LiveJournal community for people who keep Lord of the Rings based sockpuppets/character journals. However, all friends, LOTR and/or smut fans and plain old humans are welcome to join in on the frolick. 	288395
https://middle-earth.livejournal.com/	Middle-Earth Sock Puppet Theatre	LiveJournal community for roleplaying any characters from Tolkien's universe. Members maintain in-character journals. 	288395
http://sockpuppets.livejournal.com/	Middle Earth Sock Puppet News	LiveJournal community for news updates of plotlines in the Middle Earth Sock Puppet Theatre. 	288395
http://www.angelfire.com/in4/lotr/	Temple of Gutter: LotR	Character stories by various authors, categorised by species. 	288394
http://fellowshipofthelegol.tripod.com/	The Fellowship of the Legolas	Stories and artwork featuring the character of Legolas. 	288394
http://www.ansereg.com/ansereg.htm	Ansereg	Slash, het, BDSM, and dark stories by Tyellas. Features the Elladan/Elrohir pairing. 	288394
https://slashwraiths.livejournal.com/	Slashwraiths	LiveJournal community to rant, chat, and post fanfic about the slashy fellowship. Both book and movie canon are accepted. 	288399
http://members.tripod.com/bagendslasharchive/	Bag End Slash Archive	Stories by Evenstar717, featuring the pairings Sam/Frodo, Aragorn/Frodo, and Aragorn/Boromir. 	288398
http://bagenders.stormpages.com/	Bagenders	Soap-opera comedy series by Lady Alyssa and Random Flatmate, set in a three-bedroom semi in a town in the north of England in 2001. Also has the LotR Male Pregnancy Ghetto. 	288398
http://www.squidge.org/fellowship/	Fellow Ship	A group devoted to the Aragorn/Boromir pairing. Stories are sorted by author and title. Also has a mailing list, image galleries, and resources for writers. 	288398
http://www.libraryofmoria.com/	The Library of Moria	An archive of character slash stories posted to the lxf newsgroup. Many pairings, and a random pairing generator. 	288398
http://frodosfantasy.tripod.com/	Frodo's Fantasy	Stories by Teresa, focused on Frodo and Sam. 	288398
http://axebow.hakaze.com/	Axe and Bow	An archive of stories and artwork posted to the Axe_Bow mailing list, featuring the pairing of Legolas and Gimli. 	288398
http://squidge.org/vadas/eomerslash/	Éomer Slash Archive	Multi-author archive featuring fanfiction and art devoted to the character of Éomer Éadig. 	288398
http://www.angelfire.com/wizard/cdh/	Chocolate Dipped Hobbit	Stories by Kinkyhobbit and Kevswitchau, including the "Five Go Mad in Middle Earth" crossover, and real-person slash stories featuring Elijah Wood. 	288396
https://fellow-shippers.livejournal.com/	FellowShippers	LiveJournal community for discussion and posting of stories. 	288401
https://ringspell.livejournal.com/	Ringspell	LiveJournal community for slash-friendly conversations pertaining to members of the Fellowship and other cast members (such as Hugo, Craig, Dave, and Karl). 	288401
http://www.sabershadowkat.com/lordoftherings/lordoftheringssplash.html	Dongaer	Real-person slash fiction and images, featuring Orlando Bloom and Viggo Mortensen. 	288400
http://www.angelfire.com/zine/fanficonline/	Wrestling Fanfiction Online	Stories arranged by author and title. 	288403
http://www.angelfire.com/wrestling/hardyfanfics/	Hardys Fanfiction	Stories about the Hardy Boys and other wrestlers. 	288403
http://www.angelfire.com/wrestling2/wwfjeffandmatt/DreamLand.html	DreamLand	General and adult wrestling stories, both het and slash. 	288403
http://members.tripod.com/lilaquamarie/	Dream Paradise	Mari's wrestling slash, featuring WWF and WCW wrestlers. 	288403
http://www.angelfire.com/extreme3/slashtastyk/	Slashtastyk	An outlet for Slash authors who want their work on the web. Also includes pictures, support, and various other WWF items. 	288403
http://stormslash.tripod.com/	Offbeat Shenanigans & Serious Slash - The Lance Storm Slash Archive	A comprehensive archive of slash stories featuring Lance Storm. 	288403
http://www.angelfire.com/pq/ywp/	Mercury32's Fanfic Emporium	Archive of Mercury32's stories. Home of Bitter Wine and some other insanity. 	288403
http://www.angelfire.com/sk3/intensity/index.html	Intensity	Contains het and slash stories about WWE wrestlers as well as special sections dedicated to the pairings of Jeff Hardy/Lita and Shawn Michaels/Stephanie McMahon. 	288403
http://www.angelfire.com/movies/wolviefemmes/homesite.htm	Wolvie Femmes	X-Men fan fiction, humor, and links to related sites. 	288406
http://www.lediableblanc.com/	Le Diable Blanc	Contains X-Men slash stories by Court and various authors. The stories on this site focus on Remy with various partners. Adult content. 	288407
http://tentative.net/sascha/	Cocoon Crash	Sascha's fan fiction website.  Includes the archives "Mind Dance" and "Icicles in the Sunrise".  Adult Content. 	288407
http://www.xmmff.com/	X-Men: The  Movieverse Fan Fiction	Contains slash and other fan fiction, all based on the movies X1 and X2. Adult content. 	288407
https://archiveofourown.org/collections/FHSA	Full House Slash Archive	A multi-fandom archive that includes X-Men fiction. 	288407
http://www.whoosh.org/issue25/mccart1.html	The Sex Lives Of Xena: Warrior Princess Alt Fan Fiction Authors	Based on survey results, compares reality of authors' sexual behavior to the behavior portrayed in their stories. 	288410
http://www.members.tripod.com/~JosephineDarcy/fiction1.html	Things You Learn From Slash	Long list of cliches and oddities that arise in slash fiction by Josephine Darcy. 	288410
http://trickster.org/symposium/	Fanfic Symposium	Archive of essays on a variety of issues in fandom and writing fan fiction. 	288410
http://www.knightwriter.org/	Waveney Online Zine Shop	Offers some 1,500 zines in more than 90 fandoms from a wide variety of publishers. Second-hand zines also available. 	288411
http://vipersdemons.tripod.com/DBP.htm	Demon Bunny Press	Crossovers, gen, het and slash, for Andromeda, Magnificent Seven, Pirates of the Caribbean, Stargate, Star Wars, JAG, Highlander, FarScape and others. [Requires Java] 	288411
http://www.crossovers.net/makeitgoaway/adultdefault.htm	Jim & Melody's Adult Fanzines	Fanzine resellers (new & used) of Star Trek and other Media Fandom Zines. 	288411
http://members.ozemail.com.au/~brussell/	IIBNF * Press	X-Files, Due South, UFO and Multimedia slash zines from Australia. 	288411
http://www.superstories.net/	Superstories	Interactive stories and archive, gen and adult, featuring Marvel and DC comic book characters. 	288412
http://aif.freeservers.com/	The 'lesser' AIF Archive	Supplementary page to Mycophile's. A few AGT, TADS, and walkthrus that aren't in the main AIF archive yet. 	288448
http://www.chyoo.com/	Chyoo	Interactive sex stories. 	288448
http://www.angelfire.com/ny5/writersparadise/index.html	Soul Connection - I Am Gone, though I Am Here...	Intense, immediate connection between the main characters leads to unparalleled love and devotion. Part two deals in a more paranormal aspect. Interactive to all who'd like to add to the ongoing story. 	288448
http://edgeliving.blogspot.com/	Edgeliving	A periodic account of edgeliving as practiced by Master Jim and slave marsha, including their thoughts on M/s relationships. 	288454
http://www.allsexblogs.com/	All Sex Blogs	Adult blog project bringing updated sex news from around the web. 	288458
http://sothisonetime.blogspot.com/	And this One Time	Randomness, funny and emotional. 	288458
http://mysocalledsexlife.blogspot.com/	About Last Night	The sexual adventures, misadventures and insignifica or a thirty year old bisexual polyamorist. 	288458
http://allisonssecrets.blogspot.com/	Allison's Secret Life	This is the blog of her other life, the one most of her friends and colleagues don't know. The innermost musings of an oversexed bisexual English girl, turned pro. 	288458
http://naughtyopath.blogspot.com/	The Adventures of Spanko Girl	The day to day adventures of a spanko girl struggling to grow into herself under the watchful eye of her strict disciplinarian. 	288458
https://bottomsmarts.blogspot.com/	My Bottom Smarts	One woman's thoughts and experiences concerning life, love, and spankings. 	288467
http://bitchyjones.wordpress.com/	Bitchy Jones’s Diary	This blog is about her journey to find men she can hit with stuff and have them like it. 	288467
http://www.cuckoldvideoclips.com/	Cuckold Blog	Read about real people's experiences in the cuckolding lifestyle. 	288468
http://chasteerotica.blogspot.com/	Chastity Belt Erotica	Giles English, erotic novelist. Wrote a book about being in a chastity belt and is now writing a follow up book. 	288468
http://collarncuffs.blogspot.com/	Collar N Cuffs	Loves, hates, dreams, rants and raves in the FemDom lifestyle. 	288468
http://dancefan.blogspot.com/	DanceFan: on Strippers and Life	A tribute to the club scene and the 100 or so lovely dancers, shared delightful playtime. 	288474
http://dickandchick.blogspot.com/	Dick and Chick	A male and female point of view. Two former coworkers who share similar ideas on what's absurd offer a unique view on life and stuff. 	288474
http://privatevivification.blogspot.com/	The Divorce Chronicles	An odd little diary which, like its owner, is a bit of an exhibitionist. 	288474
http://phonemadame.blogspot.com/	Diary of a Phone Madame	Online journal detailing the 12 year career, personal and professional experiences of a phone sex operator turned adult telephone entertainment proprietress. 	288474
http://wwwthedevilsdandruff.blogspot.com/	The Devils Dandruff	Diary of a crazy working girl who loves to party. 	288474
http://mollycrabapple.livejournal.com/	The Dirty Deeds of Molly C.	Tales of a woman who specializes in naughty illustrations. 	288474
http://www.drunkcyclist.com/	Drunk Cyclist	Bikes, beers, and boobs. 	288474
http://www.lushstories.com/bisexual.aspx/3	Lush Stories	Tales of bisexual people who fall between the two extremes of homosexuality and heterosexuality. 	288212
http://www.storysite.org/storyindex.html	Crystal's Story Site	An archive of stories dedicated to TG. Stories are accessed by selecting an author and visiting their page(s) where a synopsis is presented, along with relevant categories. 	288213
http://www.boundstories.net/bdstories.html	Bound Stories	Part of Gromet's Plaza, featuring bondage, fetish, BDSM and self bondage type stories. 	288209
http://www.fantasies.com/	Fantasies	User submitted taboo erotica stories divided into categories. 	288209
http://www.lushstories.com/wife-lovers.aspx/24	Wife Lovers	Stories of cheating, married women having lovers, either men or women. 	288210
http://storiesonline.net/stories/bytag/scatology	Scatology	Humiliation of toilet slaves. Few authors. 	288214
http://www.thespankinglibrary.org/	The Kilahara Library of Spanking	An archive of stories, serials and poems featuring over 450 authors. Requires registration. 	288209
http://www.falaka.net/falaka-story	Falaka Stories	The art of feet torture and bastinado pain. 	288215
http://vanillaedge.wordpress.com/the-stories/	The Edge of Vanilla Stories	Original fiction by Tom Allen of males locked in chastity belt. 	288216
http://www.mcstories.com/	The Mind-Control Archive	A collection of highly immoral stories divided by categories, authors and titles. 	288209
http://www.varazdin.com/fenn/	Sherilyn Fenn Fun Page	Fan page with pictures from "Two Moon Junction" and "Twin Peaks", and a couple of publicity shots. 	287809
http://www.angelfire.com/stars2/michaelgreco/exp2.html	Michael Greco Unofficial	Contains photos, information, articles, and gossip about the Eastenders actor. 	287810
http://www.angelfire.com/celeb2/SusanWard/index.html	Sultry Susan Ward	Fansite with photo gallery, short biography and links. 	287812
http://imdb.com/name/nm0581093/	IMDb: Rena Mero	Includes photo gallery, past appearances and biography. 	287823
https://www.seka.com/	Seka.com	Official fan site. Includes movies, biography, film list and merchandise. [Membership] 	287936
http://www.vanessadelrio.com/	Rio, Vanessa del	Picture galleries, video clips, diary, and appearance information for this porn queen. [Membership] 	287937
http://www.asiacarrera.com/	Asia Carrera	Official homepage of this famous Euro-Asian film star. Contains photos, a biography, and tour dates. 	287943
http://www.christycanyon.com/	Christy Canyon	Official site with never before seen photos, dance schedule, contests, video clips and personal diary. [Membership] 	287947
http://www.nikki-nova-nude-pics-gallery.com/	Nikki Nova Nude Pics Gallery	Includes over 400 high quality photos.  [Membership] 	287954
http://www.faqs.org/faqs/personalities/traci-lords/	Alt.fan.traci-lords  Faq	Frequently asked questions from the Usenet newsgroup. 	287962
https://rebeccalordproductions.com/	Rebecca Lord	Official website which includes news, photos, merchandise, internet radio, and merchandise. [Membership] 	287897
http://akiralane.com/	Akira Lane	Official site includes exclusive merchandise, pictures and movies. [Membership] 	287897
https://fameregistry.com/Janine-Lindemulder/	Just Janine	Photos, biography, news, movies, exclusive interview, and games. 	287972
http://www.minkaxxx.com/	Minka's Internet Fan Club	Home of Minka, voted best big bust "entertainer" of 2000.  Preview area includes merchandise, censored photos, tour schedule, movie reviews, and her newsletter. [Membership] 	287976
http://www.myfavoritepornstars.com/kira-kener/	Pornstar Kira Kener	Offers images, biography, movie list and news. 	287978
http://naughtyraylene.com/	Porn Star Raylene	Photos, filmography, short interview and games with pornstar Raylene. 	287983
http://www.terapatrick.com/	The Official Tera Patrick website	Official site with pictures, movies, live chat, biography and personal diary of porn super star. 	287985
http://www.heatherhunter.com/	Heather Hunter	Official website which includes exclusive photos, artwork, videos, and behind-the-scenes exclusive footage.  [Membership] 	287991
http://www.anniesprinkle.org/	Sprinkle, Annie	Official homepage of the prostitute, porn star, sex guru and performance artist. Includes news, samples from books and media history. Extensive selection of Annie Sprinkle video tapes, photographs and art available in the Sprinkle Shoppe. 	287994
http://us.imdb.com/name/nm0143621/	Tabatha Cash	Entry in the Internet Movie Database. 	287995
http://www.tammiann.com/	Ann, Tammi	Official web site for porn star Tammi Ann. [Membership] 	288004
http://www.pandorapeaks.com/	Pandora Peaks	Home of the big bust superstar Pandora Peaks.  The preview area includes merchandise and photos of the week. [Membership] 	288005
http://www.alexandrasilk.com/	Silk, Alexandra	Official site offers pictures, videos, chat and biography. [Membership] 	288006
http://www.dougstanhope.com/	Stanhope, Doug	Biography, photos, merchandise, and credits of the outrageous comedian. Also includes porno toons. 	287747
http://www.furious.com/perfect/adultmusicals.html	Come In My Mouth: The Story of the Adult Musicals of the 1970s	Discusses the history of adult-themed musicals in the 1970s. 	287747
http://extremeelvis.com/	Extreme Elvis	Pictures, audio and video clips and articles about Elvis Presley impersonator. 	287747
http://www.alexanderthepoet.com/	Alexander The Poet	Pornographic humorous poetry. 	288205
http://www.angelfire.com/ma/darkheart/	My Darkness	Dark poetry, journal, stories, fantasy, and erotica. 	288206
http://www.angelfire.com/nd/danscorpio/pom.html	NLP Poetry: Pomes and Lyrical Things	Poems written using "Novel Language Pattern" principles and other experimental techniques. 	288206
http://www.angelfire.com/biz/NickyMacksPimpPoetry/	Poetry, Pimp Style...Of Course	Submitted poetry with pimp life themes. 	288206
http://www.angelfire.com/poetry/moetry/home.html	Poetry Moetry	Poems and an autobiographical fantasy. 	288206
http://naughtypundit.blogspot.com/	Naughty Pundit	Thoughts on politics, history, books, science fiction, entertainment and naughty topics. 	288451
http://notforayear.blogspot.com/	Not For a Year	A lifestyle change, getting fit, getting thoughtful about the environment and choosing not to get any (sex) for a year. 	288451
http://exploringtheds.blogspot.com/	Narrations of My D/s Lifestyle	To express feelings about the D/s lifestyle. Timid thoughts in the beginning, bravely decisions in the continuation. Domination via submission. 	288451
http://thequeenofpink.blogspot.com/	The Queen of Pink	A sarcastic bitch who says fuck a lot. Loves her tatas and flip flops too. 	288452
http://gaypornblog.com/	Gay Porn Blog	Salacious ramblings about homosexual pornography and links to smutty websites. Reporting on a variety of people, events, and observations of living in San Francisco. 	288456
http://girlwithaonetrackmind.blogspot.com/	Girl with a One-track Mind	Diary of a sex fiend. 	288456
http://girlfag.blogspot.com/	Girl Fag	One leatherperson's views on life and continual exploration. 	288456
http://gyrls-diary.blogspot.com/	Gyrls Diary	Secret diary about her sex life, sometimes spiced with naked photos. 	288456
http://www.hardasarock.blogspot.com/	Hard As A Rock	A young husband discusses his wife and other interesting women. 	288457
http://certifiedsexwhacko.blogspot.com/	Hi, My Name Is Steve, and I Am a Sex Addict	Tell-all, no-holds-barred, therapist-mandated sex journal. Come laugh, cry, or just shake your head sadly as he tries valiantly to screw up his life and ruin every good thing that happens by pursuing women (and girls) who are completely wrong for him. 	288457
https://www.blogger.com/blogin.g?blogspotURL=http://theh0letruth.blogspot.com/&bpli=1	The h0le Truth	First experiences and random ramblings from the perspective of a thirty-something submissive. Adult BDSM content. 	288457
http://hislittlegirl.livejournal.com/	His Little Girl	Journal from a submissive, includes an ongoing collection of quotes. 	288457
http://www.lustlovelatex.com/	3XL: Lust, Love & Latex	A fetishist's personal journey into the rubber realm. On living with a fetish for rubber and relationships. Free rubber photos, fetish fashion news and cool guides to the fetish community. 	288459
http://atasteofthegoodwife.blogspot.com/	A Taste of The Good Wife	Artist and very happy wife. 	288459
http://www.taratainton.com/	Tara's Trysts	The explicit account of the daily life of Tara Tainton, erotica author, webmistress, advocate of sexual freedom, and experientiallist, with an emphasis on writing and reading without holding back. 	288459
https://www.blogger.com/blogin.g?blogspotURL=http://talkingdirty.blogspot.com/&bpli=1	Talking Dirty	A phone sex girl blogs about sex, politics, tech, kink, and life. 	288459
http://www.youngsuburbanwife.blogspot.com/	Young Suburban Wife	The true chronicles of an attractive young twenty-something working woman living in the suburbs of a midwestern city with her partner-in-crime husband. 	288460
https://www.blogger.com/blogin.g?blogspotURL=http://wantonmaleness.blogspot.com/&bpli=1	Wanton Maleness	An adult blog of salacious and lascivious thoughts and deeds. 	288461
http://drunkenwhore.blogspot.com/	The Whore's Boudoir	Apparently a how-to guide for sex. In reality, just talking about thoughts and experiences in love, sex and relationships. 	288461
http://www.wtfpeople.com/	What The Fuck!?	Multiple user blog with people posting various adult themed links. 	288461
https://www.blogger.com/blogin.g?blogspotURL=http://wetmiranda.blogspot.com/&bpli=1	Wet Miranda	Erotic fiction and some true life sexual experiences of a 30 year old Miami Beach red-head with great breasts. 	288461
http://femaleauthority.blogspot.com/	Wife-Led Marriage	Women are beginning to openly embrace their feminine power through formal agreements in which a male's role is to obey and submit to loving female authority. Couple's journals of their experiences. 	288461
http://www.my-journal.com/	My-Journal.com	Online diaries and forums for adults. 	288462
http://onelifetaketwo.blogspot.com/	One Life Take Two	The life of a parent, and pervert, in New York City. 	288463
https://www.blogger.com/blogin.g?blogspotURL=http://duncan44444.blogspot.com/&bpli=1	One Guy's Point of View	A blog about loving female dominance of the male. 	288463
https://www.blogger.com/blogin.g?blogspotURL=http://ondominance.blogspot.com/&bpli=1	On Dominance	Thoughts on Female Dominance and supremacy, in a relationship, from the perspective of an experienced male submissive. 	288463
http://mistressmatisse.blogspot.com/	Mistress Matisse	Seattle writer/ professional dominatrix's personal musings, rants and life-trivia. 	288464
http://madbecka.blogspot.com/	Mad Becka Thirtysomething F***wit	A journal of a thirty-somthing woman which is a comedy and an erotic search for the man she thinks she wants. 	288464
http://madelineinthemirror.blogspot.com/	Madeline in the Mirror	Prim and properly perverted parent. 	288464
http://my-secret-life.blogspot.com/	My Secret Life	The odyssey of a married white male navigating through a sex-obsessed universe. 	288464
http://alacarte.blogspot.com/	Viewing the Local Antiquities	Images, and stories about having sex with whores, tips on having sex with whores, what it feels like to have sex with whores. 	288465
http://vanillaedge.wordpress.com/	The Edge of Vanilla	This will not be a specifically kink-oriented blog; rather, a journal about the intimacy and sexuality within relationships that border on the edge. 	288465
http://returnhappy.blogspot.com/	Return To Happiness	He was the Good Husband. Now venturing forth into the world of dating, being a single parent and figuring out who he is. This is his return to happiness. 	288466
https://www.blogger.com/blogin.g?blogspotURL=http://darkerpleasures.blogspot.com/&bpli=1	The Ramblings of a BDSM Webmaster	Views from an adult publisher and its about breasts and nipples and the kinky things you can do with them in your spare time. 	288466
http://jackyfin.blogspot.com/	Jacky's Gay Sex Chronicles	Life, experiences, and fantasies all roled into one. 	288470
http://evalux.livejournal.com/	Journals of a Pleasure Activist	Eva Lux. 	288470
http://koochietaster.blogspot.com/	Kootchie Taster	A pussy man. There is never a day that goes by when he doesn't think about that beautiful flower between a girl's legs. 	288471
http://katjaminx.livejournal.com/	Katja Minx	Decadent Dominatrix, bondage &amp; torture artist, corporal punishment administrator, &amp; kitten with a whip. Shares her pearls of wisdom with her worldwide stable of swine. 	288471
http://www.livejournal.com/userinfo.bml?user=submissiveblog	Submissive Blog Community	Live Journal community for submissive's who keep journals and want to share information and support. 	288472
http://sexwriter.typepad.com/	SexKitten	Writes candidly about sex, love, life, and everyday things. 	288472
http://submissivereflections.blogspot.com/	Submissive Reflections	Kneeling before Him. 	288472
http://singletails.blogspot.com/	SingleTails	Political musings, leather and BDSM, commitment to bachelorhood, frustrations with work and big thoughts. 	288472
http://solitarywife.blogspot.com/	A Solitary Wife	Diary of a hunting widow. 	288472
http://www.spankingblog.com/	Spanking Blog	Links to spanking stories and photos. Also a journal with thoughts about the spanking fetish. 	288472
http://spankedhubby.blogspot.com/	Spanked Hubby	Fifteen year lifestyle of being a spanked husband. 	288472
http://rexandroxy.blogspot.com/	Sex With Rex and Roxy	A 30-something married couple's sex journal. It's explicit, anonymous, honest, and from both perspectives. 	288472
http://www.sexinart.net/	Sex in Art	Dedicated to the exploration and portrayal of one of sex through the creative process. 	288472
http://sichicago.blogspot.com/	Submissive in the City	Confessions of a male slut in his search for a Dominant woman. 	288472
https://www.blogger.com/blogin.g?blogspotURL=http://sublimesubmission.blogspot.com/&bpli=1	Sublime Submission	An exploration into all the facets of submission. It is both practical and erotic both introspective and responsive. 	288472
http://mrsclaudia.blogspot.com/	Starting a FemDom Marriage	Journal sharing the transition from a traditional marriage to a FemDom marriage. 	288472
http://lustylady.blogspot.com/	Lusty Lady	Rachel's deep thoughts and random commentary. 	288473
http://www.leatheradventures.com/	Leather Adventures	Enjoying the adventure. 	288473
http://legsakimbo.blogspot.com/	Love Me or Blow Me, Either Way	Writings of Blog Ho. 	288473
http://popcorntree.blogspot.com/	Popcorn Tree	Mom half in LA, half in Vegas. 	288475
http://pornjunkie.blogspot.com/	Pornjunkie	Diary of a porn addict. Sex, lies, cheating, pornography, and recovery. 	288475
http://pussytales.blogspot.com/	Pussy Tales	The public life of a cute, BDSM bi-sexual Witch who loves to fuck. 	288475
http://nicebluejournal.livejournal.com/	Pussy Talk	Quick, punchy reads about men and real, fantasy, and cybersex. Sometimes hot, sometimes funny. For horny people who think too much. 	288475
https://www.blogger.com/blogin.g?blogspotURL=http://prudence-tells-all.blogspot.com/&bpli=1	Prudence Tells All	Happily married (though not to each other) Mr Smith and Mrs Jones have been secretly meeting for laughs, drinks, meals, and unbelievably good sex for years now. 	288475
http://apagunion.com/	Adult Performers Actors Guild	Representing performers in the adult industry. Information about the guild, memberships, and meetings. 	287747
https://fameregistry.com/racquel-darrian/	Porn Star Racquel Darrian	Free site that offers photos, biography and movie reviews. 	287987
http://www.escortsmania.com/	Escorts Mania	Personal details, prices, photos, contact and weblinks to women around the world. 	287540
http://openadultdirectory.com/escorts/	Escorts World Wide	Comprehensive listings of adult professionals arranged by location. 	287540
http://www.marbella-escort.com/	Marbella Escort Agency	Features males and females from around the world. Profiles and pictures available. 	287542
http://www.swedishharmony.com/	Swedish Harmony International	Female companions based worldwide, available for personal appointments. Provides details, photos and fees. 	287542
https://www.venusescorts.com/	Venus Escort	European service with independent women worldwide. Entries have contact details, photos, and fees. 	287542
https://www.boys4u.com/	Boys 4 U	Profiles with stats, photos, and details of young men worldwide. 	287544
http://www.chippendales.com/	Chippendales	Show schedule, photos of dancers, online videos of performances and merchandise. 	287546
http://domina.ms/	Domina Ms	Site creation and hosting service for professional mistresses with a directory including full personal information and photos of Dommes from around the world. 	287548
http://www.seriousmistresses.com/	Serious Mistresses	Worldwide links directory of Mistresses featuring the UK. Some have their own pages on the site. 	287548
http://www.dickievirgin.com/	Dickie Virgin's Domination Guide	World-wide Dominatrix listings with a quick-click photo option and gallery. 	287548
https://www.hushes.com/	Hushes Media	Single girl service providing live one-on-one chat. 	287552
http://www.climaxxxave.com/	Cottage Communications Inc.	Provides virtual role-play with mature women and offers several sample photographs. 	287552
http://www.forbiddenphone.com/	Forbidden Phone	Offers live chat with Trish.  Lists call preferences and provides sample images. 	287552
http://www.secretcaller.com/	Secret Caller	Offers live chat with Crystal or Sunny.  Provides sample photographs, a detailed explanation of the service and offers tips and resources to enhance the surfer's experience. 	287552
http://www.jenniferhunterconsulting.com/	Jennifer Hunter Consulting	Specializes in fetishes related to sado-masochism, bondage and discipline. Provides a short introduction and stories related to each operator. 	287552
http://www.peplove.com/	People Exchanging Power	Features several submissive and dominant women.  Topics include BDSM, TV/TS, spanking, humiliation, foot worship and erotic mind control.  In person sessions are permitted where available. 	287552
https://www.phoneflirts.com/	Phone Flirts	Features several women, includes journal, voice clips and sample photographs. 	287552
http://www.sissyschool.com/	Sissy School	Specializes in the feminization of men, provides fantasy chat and training sessions.  Offers a list of call topics, message board and fiction forum. 	287552
http://www.niteflirt.com/	NiteFlirt	Several women, men and transgendered individuals are available for chat.  Provides sample pictures and biographies, web cam opportunities and recorded messages.  Offers an affiliate program. [Membership Required] 	287552
http://www.mistressedenn.com/	Mistress Edenn	Specializing in spanking, erotic embarrassment, sissies and panty boys, forced bi-sexuality, anal training, strap ons and CBT. [NiteFlirt Membership Required] 	287552
http://palmislandinc.com/	Palm Island Inc,	Provides a link to their phone sex sites. 	287552
http://www.experiencekris.com/	Experience Kris	Offers virtual companionship. 	287552
http://www.strawberrytease.com/	Hourglass Group Ltd	Includes voice clips, sample photographs and online journal. 	287552
http://www.madisonsdirtysecrets.com/	Madison’s Enterprise	Features several women, provides sample photographs, online diary and chatroom. 	287552
http://www.goddessannika.com/	Goddess Annika	Fetish mistress specializing in money slavery and financial domination.  Includes bio, sample photographs and weblog.  [NiteFlirt Membership Required] 	287552
http://www.phonesexsweetie.com/	Phone Sex Sweetie	Provides live calls or recordings featuring Nikki.  Offers sample pictures, voice clips and journal. Topics include GFE, cross-dressing and tease and denial.  [NiteFlirt Membership Required] 	287552
http://www.strokesforme.com/	Modatell LLC	Offers live chat with Mandy, includes sample photographs and a diary. 	287552
https://www.121contacts.co.uk/	Worldwide Digital Media Ltd	Provides a variety of UK numbers for ladies offering different types of phone and text chat. 	287552
http://www.adult-wholesale.com/	GWLT Distributors	Assortment of novelties, and accessories for retailers. [Restricted Access] 	287554
http://www.royaladultvideo.com/	Royal Video Distributors	DVDs, VHS, condoms, and magazines. 	287554
https://www.orion-wholesale.com/home	Orion Versand GmbH & Co KG	German showroom and catalog of novelties. [Restricted Access] 	287554
http://ovniwholesale.com/	Ovni Holdings, LLC	Provider of toys for drop shipping, distribution, and fulfillment services. 	287554
http://www.elladevienne.com/	DeVienne, Ella	Gallery and contact information. 	287559
http://www.ausmodels.com/	AusModels	Pictures and profiles of females. [Australia] 	287560
http://www.ladirectmodels.com/	LA Direct Models	Photographs and profiles of female and male talent.[California] 	287560
http://www.matrixmodels.com/	Matrix Models	Galleries and stats of female models, video clips, and previews. 	287560
http://www.spieglergirls.com/	Spiegler Girls	Pictures of a variety of females. 	287560
http://www.pinkwhite.biz/	Pink and White Productions	Produces adult movies for a lesbian audience. 	287561
http://www.freespeechcoalition.com/	Free Speech Coalition	Trade association for the adult entertainment industry. Includes news and legal information on censorship and freedom of expression. 	287532
http://adultstaffing.com/	Adultstaffing	Job listings ranging from video performers to webmasters. 	287567
http://www.sexyjobs.com/	SexyJobs.com	Help and situation wanted ads for many different categories of adult related work. 	287556
http://www.allboymodeling.com/	All Boy Modeling	Talent board exclusively for male models. 	287560
http://www.vintage-erotica-forum.com/	Vintage Erotica Forum	Message boards featuring discussions, pictures and videos. 	287571
http://peachyforum.com/	PeachyForum	Modeling message board with discussions about celebrities. 	287571
http://www.fritchy.com/	Fritchy	Message boards with categories including porn, celebrities, asians and amateurs. 	287571
http://www.flirt4free.com/	Flirt4Free	Live sex shows with girls, guys and shemales.  [Pay by Time] 	287622
http://www.imlive.com/	ImLive.com	Chat and video site includes webcams, contests and ratings, personals, and live sex chat. Also includes non-Adult advice chats on a variety of subjects. 	287622
https://www.mydirtyhobby.com/	My Dirty Hobby	Adult sex webcams site. Chat is available for free. Private shows are pay-per-view. 	287622
http://www.menonthenet.com/	MenOnTheNet.com	Sites listed in categories such as twinks and cruising. Mailing list facility. 	287588
http://www.chubbylinks.com/	Chubby Links	BBW links set into categories. 	287599
http://www.bdsm-list.com/	BDSM List	Listing of bondage, domination, SM, and spanking websites. 	287601
http://www.thebestporn.com/	TheBestPorn.com	Features site reviews including cost, content review and scoring. 	287613
https://www.adultreviews.com/	Adult Reviews	Reviews of subscription based adult websites. The reviews are based on quality, speed of delivery, content quality and cost to join. 	287613
http://www.porn101.com/	Porn101.com	Sites separated into categories with an editor and user star rating. Some samples provided. 	287613
http://www.myadultreviews.com/	My Adult Reviews	Paysites sorted into category. Gives site statistics and detailed write-ups. Has user ratings and the ability to express your opinions. 	287613
http://www.pornusers.com/	Porn Users	Offers surfer-contributed adult membership site reviews. 	287613
http://www.gostories.com/index.html	Go Stories	Erotic story links and guide. 	287614
https://cams.com/	Cams.com	Live adult video chat site based on amateur webcam girls broadcasting from their homes. 	287622
http://www.forcedfemdom.com/index.html	Forced Femdom Top List	Lists sites in order of traffic flow. 	287643
http://www.phonesexcentral.com/	Phone Sex Central	Offers sites ranked by popularity, and also listed by category. 	287637
http://www.arterotic.bigtopsites.com/	Art Erotic Topsites	Lists photography and softcore erotica websites. 	287637
http://www.gayporncards.com/	Gay Porn Cards	Categories range from kissing to hardcore. 	287650
http://funny-pictures.com/	Funny-Pictures.com	Ecards for adults in flash format.  Several categories to choose from. 	287650
http://cypherpunks.faithweb.com/	Xandra Freedom Remailer	Send free anonymous email over the Mixmaster and Cypherpunk networks, using this anonymous remailer from Xandra. 	287649
http://storiesonline.net/article/Poison_Pens_Guide_for_Amateur_Writers_of_Erotica	Poison Pen's Guide for Amateur Writers of Erotica	The basics for novice writers from spelling and grammar to choosing a pen name by Andrew Nellis. 	287688
http://www.compu-diva.com/IvoryGates/writing.htm	Writing Erotica	An article by John McMullen on his biases, fetish fiction, mechanical details, narrative voice and distance, predictable plots and boring sex, suggestions, and scenarios. 	287688
http://members.tripod.com/fictionfix/page4.html	A New Sensation: Keys to Sensual Writing	By Julie Anne Parks. How-to advice and inspiration for erotica writers. 	287688
http://www.literotica.com/storyxs/writ_stor.shtml	Literotica.com: Writer's Resources	Essays and how-to articles from the writers at Literotica.com that will help improve your writing. 	287688
http://www.desdmona.com/fishtank.asp	Desdmona's Fish Tank	A writer's group for authors of erotic stories. Have your story reviewed prior to publication, and help others review their stories. 	287688
http://www.sex-lexis.com/	Sex Lexis	Dictionary of sexual terms, a second dictionary of equivalents of the "F" word and thesaurus. 	287688
http://www.squidge.org/~minotaur/classic/eroc.html	Minotaur's Sex Tips for Slash Writers	Tips for adult writers from a fan of slash fiction. 	287688
http://darkerotica.blogspot.com/	Dark Erotica Writing	Technical how-to's for writers of adult fiction. Grammar and techniques with marketing advice. Site by Morgan Hawke. 	287688
http://www.eroticartcollection.com/	Erotic Art Collection	Erotic drawings, paintings, and photographs by acclaimed artists. 	287701
http://www.mindworkshop.com/alchemy/indcnt.html	Indecent Images	Evocative pre-Raphaelite paintings, with commentary and background by Steven William Rimmer. 	287701
http://www.lindalevy.com/	Gestures	Portfolio of erotic art by Linda Levy. 	287701
http://members.tripod.com/~Ten_Ten/index.html	Broeke, Jan ten	Ten's Sensualist Paintings - This art is thought provoking, and hauntingly beautiful. It deals with the mystery of propagation. 	287702
http://www.stefanblondal.com/	Bløndal, Stefan	Award-winning Danish painter, original oil paintings on eroticism and sensuality, his biography and exhibitions. 	287702
http://www.trummpics.com/	Trumma, Karla	A collection of erotic portraits, pin-ups, and cartoons, as well as illustration, landscape, and comics. 	287702
http://sexyart.free.fr/	Pin-Ups and Sexy Paintings	Virtual gallery of erotic art, done in different media, by various artists. Originals and prints are available for purchase. 	287702
http://www.girlsandboys.50megs.com/	Girls And Boys	A stylized look at todays  sexuality, emotions, and relationships, through the eyes of the artist John J. 	287702
http://www.jessicabaker.net/	Baker, Jessica	Featuring a gallery of stylized erotic paintings and illustrations. 	287702
http://www.johnreuss.com/	Reuss, John	Dark and disturbing surreal paintings in acrylics and human blood by the German/Danish painter. 	287702
http://garvgraphx.com/	Garvgraphx: The Pin Up Art of Garv	Galleries of digitally painted erotic pin-ups and information about the artist. 	287706
http://www.amazonsoul.com/	Amazon Soul	A work in progress, blending science fiction and erotica and created entirely in CG. A multimedia concept comprised of images and animation. 	287710
http://www.angelfire.com/goth/clip/	Clip's weird Poser props	Dungeon/torture props include nail table, gyno table with stirrups, "inspector" horizontal restraint device, "bars" sitting restraint device, syringe, hyperbaric-looking incubator, vacuum sucker and evil-looking fitness machine. 	287710
http://crazyxxx3dworld.com/	Crazyxxx3Dworld	Chapter-based hardcore adult graphic novels spanning genres of westerns, science fiction and horror. Aliens, monsters, impregnation, but not without humorous dialogue at times. Some animations. [membership] 	287710
http://www.3rd-art.com/	3Darlings	Digital erotica store. Images and animations of nude computer-generated women with huge breasts. Bondage and lactation themes. No longer offers models for sale. Membership area now open. 	287710
http://www.hextasy.com/	heXtasy	SinSister's and Dedman's artwork, "Deviant Designs" store and Poser freebies, all with a goth-dark flavor (think equal parts Giger, Wednesday Addams, and Bettie Page). Postwork tutorials on hair and blood. Lestat character head morph for Michael, collars, latexwear, unusual furniture... 	287710
https://www.infinitee-designs.com/	Infinitee Designs	Downloadable wallpaper backgrounds of 3D Sci-fi and Fantasy art for your desktop. Photoshop actions, Bryce downloads, rock t-shirts, sci-fi, fantasy, erotic art by Ralph Manis, created with Bryce, Photoshop and Poser. 	287710
http://www.renderotica.com/	Renderotica	Currently the largest online adult CG art community. Gallery of user submitted 3D erotic/horror art; now offering subscription-based 2nd tier gallery. Also includes user contributed resources for Poser, forums and online store. Home of original hi-res Poser figure Dina V. based on model DinaMarie Vannoni. [free registration for basic access; subscriptions available for private areas] 	287710
http://www.verywierd.com/	Veryweird	3D rendered art and stories with a sadistic theme. 	287710
http://www.wappen3d.com/engl.htm	Wappen modeling	Props and buildings with a distinctly Old World European flavor. Gallery with some erotic content. 	287710
http://www.eroticillusions.com/	Erotic Illusions	A hub of paysites featuring all original art and stories about females naked and in peril, alien encounters, fantasy worlds, sex, bondage, lesbianism, BDSM, fetishes, trans-gender. Not all sites are CG. 	287710
http://danl.50megs.com/	DanL	Sci-Fi comic book with similarly themed downloads and gallery, emphasis on robots, space, and pin-up cheesecake. Forklift, land rover, spacecraft, skimpy dress transmaps for download. "Milker" mad scientist bondage breast pump. 	287710
http://www.virtualeve.com/	Virtual EVE	Interactive sex simulator for Windows (commercial) featuring a caucasian couple whose expressions never seem to change from neutral eyes-open. Requires DirectX 8. 	287710
http://www.larrycarlson.com/	Chi Chi Williams World	Multimedia piece, consisting of Flash movies and music. 	287705
http://www.heavensart.com/	Osnabrugge, William Van	Heaven's Art - Etchings, watercolors, pastels, and photography. 	287711
http://www.sketchyart.com/	Kunze, Kai-Uwe	Featuring paintings, drawings, sketches, and photography. Some of the images are erotic. 	287711
http://www.angelfire.com/ns/dlzimm/index.html	Zimmerman, D.L.	Elements of Life - Original digital art focusing on color, line, and the human body. 	287711
http://www.angelfire.com/ks2/cool1/index.html	Winter, Martin	Unconditional Love - Artist and male escort, invites you to enjoy his latest creations. 	287711
http://www.artforengineers.com/	Sophie's Grand Empire	Featuring sensual and erotic drawings, and poetry. Also includes guest photographers' imagery. 	287711
http://www.saintvirginpeter.com/	Saint Virgin Peter	Showcasing surreal paintings, drawings, and poetry. 	287711
http://markgreenawalt.com/	Greenawalt, Mark	Future-Class X Publishing - A collection of traditional and erotic painting and drawing. Also includes bodypainting, and photography. 	287711
http://zwaik.tripod.com/	GyP Imagine	Surreal and occasionally erotic digital manipulation, painting, and drawing. 	287711
http://www.marrusart.com/	Marrus	Nightmare illustrations and comics, paintings, and bodyart of the New York City artist. 	287711
http://www.fetishdreams.com/	Alice in Rubberland	Fetish dreams in drawing and computer art by Rob. [Membership] 	287711
http://www.kdj-design.dk/	KDJ Design	Offers workplace decoration, trade stands, body painting and contemporary art. 	287711
http://www.saudek.com/	Jan Saudek	Official portfolio of grotesque erotic photographs and paintings by the Czech artist. 	287712
https://www.tomoffinland.org/	Tom of Finland Foundation	Includes a biography, exhibitions, newsletters and archives of original erotic art. 	287715
http://www.patrickfillion.com/	The Art of Patric Fillion	The official Patrick Fillion gay art website. Collections of images, comics, links. 	287714
http://www.sepp-of-vienna.at/	Sepp of Vienna	Fetishes and BDSM, nude male art. Image galleries, online shop, links. 	287714
http://www.playermen.com/	Gay Art by Player	Oil, ink, color and B&W drawings and paintings. Nude men, porn scenes, creatures. Five image galleries. 	287714
http://gaymaleart.de/	Gay Art by Ralf Paschke	Nude male drawings and paintings. BDSM, fetishes, leather, bald men, slaves and masters, bondage. Galleries, wallpapers, guestbook and links. 	287714
http://www.hottlead.com/	Michael Broderick's Art	Male porn and erotic drawings and paintings. Image galleries, artist's biography, online shop, links. 	287714
http://www.jeffsmusclestudio.com/	Jeff's Muscle Studio	Artwork and comics celebrating the beauty and power of the muscular male. Image galleries, links, online shop. 	287714
http://www.robclarke.net/	Rob Clarke Erotic Art	Paintings, drawings and digital art. BDSM, muscle men, humor. Image galleries, online shop, links. 	287714
http://icemanblue.com/	Iceman Blue	Gay cartoons and comics by Iceman. Image galleries, blog, shop fanarts. 	287714
http://www.tagame.org/	Gay Erotic Art of Gengoroh Tagame	Numerous galleries with drawings and paintings, comics and manga. BDSM, fetishes, bondage, pinups, bears. Blogs, 3D theater, shop, downloads, links. 	287714
http://porngaytoons.com/	Gay Porn Toons	Blog with galleries and links to porn parodies of famous toons in gay and shemale scenes. 	287714
http://www.marcdebauch.com/	The Art by Mark Debauch	Artworks in oils, gouache, graphite, colored pencils, ink. Image galleries and links. 	287714
http://gayeroticartlinks.blogspot.com/	Gay Erotic Art Links	Weekly updated gay art blog with link collections and galleries. 	287714
http://gay-cartoon.adult-collections.com/	Gay Cartoon Blog	Gay hentai, 3d gay art, shemales and other categories of drawn gay porn. Pay site overviews, links. 	287714
http://www.haskinsmaleart.com/	Haskins, David W.	Over 60 artworks created using Miami live models without photography. Originals for sale. 	287714
http://www.drubskin.com/	Drubskin	Drub's homo punk trash art. Image galleries, blog, downloads, links. 	287714
http://jacquessultana9.blogspot.com/	Male Art by Jacques Sultana	Paintings, male nudes and portraits. Regular exhibitions in galleries and cultural venue. 	287714
http://www.therainbowboysgallery.blogspot.com/	The Rainbow Boys	Illustration, design, homoerotic art. Drawings, paintings, sketches. Links. 	287714
http://www.stevemacisaac.com/	The Art of Steve MacIsaac	Comic strips, portraits, illustrations, blog, links. 	287714
http://tomastoons.blogspot.com/	Tomas Leiva Gay Toons	Artist's blog. Paintings and drawings. Links. 	287714
http://pamelax.free.fr/	Erotic Nude Drawings by PamelaX	Primarily lined artwork.  Large thumbnailed gallery. 	287713
http://angstnyc.tripod.com/homepage.htm	Art and Design by Jon-Erik	Showcasing a collection of gay male erotic drawings. [Flash] 	287713
http://www.steel-art.com/	Steel	Featuring a gallery of fetish color pencil drawings. 	287713
http://www.pauljohnballard.com/	The Art of Paul John Ballard	Pencil, ink and color highly detailed paintings and drawings. Image galleries, links, artist's photo album. 	287713
http://www.yoniversum.nl/	Camphausen, Christina and Rufus	Intimate art gallery. 	287716
http://www.2001photo.com/	Project 2001 Photo	Created for support of the photographers of Komi Republic (Russia) and popularization of their creativity. Black and white photos of nude women and men. Sexuality, humour and melancholy in photo-art. 	287738
http://www.michelle7.com/	Michelle7	Fine art erotica: artist galleries, sensual photography, and erotic films. [Membership] 	287738
http://www.photography-online.de/	Photography Online	Large collection of erotic and other photography from around the world. 	287738
http://www.lcbphotography.com/	LCB Photography	Featuring two galleries of fetish art erotica. Also includes headshot, fashion, model, commercial, and product photography. 	287740
http://darkperfection.com/photographers/lee_higgs/	Higgs, Lee	Collection of dreamlike-colored domination photographs. 	287740
http://www.suze.net/	Randall, Suze	Famous photographer features her original photo centerfolds. [Membership] 	287743
http://mpol1.free.fr/photosIE.htm	Michel Polizzi	A collection of photographs of women in varying states of undress. 	287743
http://www.glamourphoto.freeuk.com/	Glamourphoto	Erotic and glamour photography. 	287743
http://www.00artoferotica.com/	Coello, Robert	Erotic photo galleries, fine art nudes of girls in outdoor setting, bikini, thong, lingerie, fetish photographs. [Membership] 	287743
http://www.rafik.com/	Rafik	French professional photographer from Paris, shooting nude models and porn stars. Also includes landscape, still life, animal, and figurative photography. 	287743
http://www.jamiegriffiths.com/	Griffiths, Jamie	Gallery of mostly monochromatic and occasionally disturbing female nude photography. 	287743
https://jimgalantestudio.wixsite.com/galante	Galante, Jim	Commercial New York City photographer exhibiting still life and landscape artworks. Also includes a gallery of sensual or nude glamour female portraits. 	287743
http://www.marccollins.com/	Collins, Marc	Fine art nude photography, galleries of pictures. 	287743
https://www.modelmayhem.com/cymarron	Cymarron, Dan	Gallery of digitally enhanced nude photography by this San Diego artist. 	287743
http://www.michaelberkowitz.com/	Berkowitz, Michael	Fine art nudes inspired by 19th century French erotica. 	287743
http://www.wasteland.com/morey/index.htm	Morey, Craig	Focusing on bondage images and abstract, whimsical black and white nudes. 	287739
http://www.fitzmulti.com/	Fitzgerald, Brad	Professional adult men's magazine photographer, his work has been featured in many of your favorite magazines and web sites. 	287739
http://www.thongfoto.com/	Nguyen, Thong	ThongFoto - An international glamour, fashion and erotic photographer who specializes in capturing the spiritual essence of his subjects. [Membership] 	287739
http://www.bearmkt.com/	BearMkt	On-line photo gallery, glamour and fashion photography. Located near New York City, offers model portfolios and headshots. 	287739
http://www.2001photo.com/gallery5/	Velichko, Irina	A woman photographer is a rare phenomenon. Especially, if the woman photographs a nude body. Irina's photos are very much alike with scenes of theatrical performance. It is photoart from Russia. 	287739
http://www.polarphoto.com/	Polar Photography	Toronto photographer Scott Appleby exhibits erotic female swimsuit, fitness, and glamour works. 	287739
https://perecolom.art/	Colom, Pere	Fine art photography featuring photo emulsion and Polaroid transfer on hand made paper. 	287739
http://www.holzknecht.at/	Holzknecht, Christian	International working photographer shows his work in five galleries about fashion and fetish. 	287739
http://davidm.com/	Mendelsohn, David	Featuring digitally manipulated and traditional erotic works. Also includes commercial photography. 	287739
http://www.lost.art.br/	Lost Art	Assorted life, outdoor, style and travel photography. 	287739
http://www.florianstecher.at/	Stecher, Florian	B/W and color photographic work by the Austrian artist. 	287739
http://www.martinryter.com/	Ryter, Martin	Photographer of erotic male nudes, published in magazines world wide. 	287744
http://www.louislasalle.com/	Louis LaSalle Fine Art Photography	Fine art photography of the male nude. 	287744
http://www.photographybythomasmitchell.com/	Thomas Mitchell	Fine art photography of the athletic male. 	287744
http://www.seleneluna.com/	Selene Luna	California based performer with biography, resume, photos, and contact information. 	287750
http://www.creamystevens.com/	Creamy Stevens	Photograph gallery, show schedule, and biography.  New York. 	287750
http://www.julieatlasmuz.com/	Julie Atlas Muz	Biography, links, videos, and information on her various projects. 	287750
http://www.brooklyngirl.com/littlebrooklyn/	Little Brooklyn	Photograph gallery, videos, biography, and show schedule.  New York. 	287750
http://www.belmontburlesque.com/	The Belmont Burlesque Revue	Chicago-based troupe. Information, images, merchandise, and contact information. 	287751
http://www.devilettes.com/	The Devilettes	San Francisco based troupe. Upcoming shows, images, performer profiles, contact information, and press. 	287751
http://www.wauwausisters.com/	The Wau Wau Sisters	Comedy duo.  News, schedule of events, photographs, and press clippings. 	287751
http://starshineburlesque.com/	Starshine Burlesque	Featuring striptease, magic, acrobatics, and vaudevillian antics.  Photographs and show schedule.  New York City. 	287751
http://www.teaseorama.com/	Tease-O-Rama	Yearly convention. Mailing list, merchandise, news, history, organizer and performer profiles, activities, sponsor list, show information, press kit and coverage. 	287749
http://www.thenewyorkburlesquefestival.com/	The New York Burlesque Festival	Annual event feauturing dancers and the Golden Pasties Awards.  Schedule of events, list of dancers, and news. 	287749
https://www.peternorth.com/	Peter North Official Website	Short biography, many photos and movies clips, plus some behind the scenes goodies. [Membership] 	287837
http://www.lucwylder.com/	Luc Wylder's Personal Website	Adult performer, erotic artist, director and owner of Fallen Angel Video. Photo galleries, video, chatroom. [Membership] 	287838
http://www.roccosiffredi.com/	Rocco Siffredi	Official website. Videography, biography, backstage. [Membership] 	287865
http://www.smutjunkies.com/	SmutJunkies	Information about porn stars and models, including videos made and publications in which they appeared, sorted alphabetically. 	287826
http://gay.pornparks.com/menofporn/index.html	Men of Porn	List of Yahoo! Groups and MSN Communities focused on adult video actors, plus a short list of web sites. 	287826
http://www.tabithastevens.com/	The Official Tabitha Stevens Website	The official site with pictures, movies, live chat, appearances, biography  and personal diary of the sex star.[Membership] 	287997
http://www.adultwork.com/	AdultWork.com	Directory of adult service providers including escorts, webcammers, phone chat operators. 	287537
http://www.peterflinsch.com/	Flinsch, Peter	Gallery of original erotic art and male nudes in graphite, pen and ink, watercolor, and pastels on paper, and oils on board. 	287714
http://www.kirwanarts.com/	Kirwan, Michael	Galleries of homoerotic drawings and photos. 	287711
https://www.bellaslist.com/	Bella's List	Directory of dominant women with website listings, image galleries, and interviews. 	287548
http://www.xtreemconnex.com/	Xtreemconnex Chat	Free chat rooms, social networking profiles, groups and forums. 	287571
http://storiesonline.net/docs/writerguide.php	Poison Pen's Guide for Amateur Writers of Erotica	Includes basic rules and advice on grammar, usage, and mechanics. Informative tips regarding perspective and style. Explains the differences between erotica vs. pornography. 	287688
http://spaceofporno.com/	Gay Hentai Blog	Gay art blog. Gay comic strips and artworks by Julius, Ulf, yaoi manga. Overveiws, comments, links. 	287714
http://www.kolyada.com/	Kolyada, Serhiy	Featuring surreal and erotic imagery of modern Ukrainian reality including nude women depicted against shadowy backgrounds of corporate slogans. 	287702
http://www.buzzen.com/	Buzzen.com	For all ages. Also has user blogs and a radio station. 	287571
http://planetsuzy.org/	Planet Suzy	Message boards with fetish categories. 	287571
http://erohm.com/	Punishment Camp	Original artworks of E Rohm. All male prison punishment scenes, corporal punishment, humiliation, dog training, toilet servitude. Image galleries and links. 	287714
https://www.erotica-readers.com/	Erotica Readers & Writers Association	ERWA is an international community interested in the world of erotica and sensual pleasures. 	287688
http://net1on1.com/	Net1on1 Wholesale Ltd	Also provides drop-shipping and e-commerce websites with information on each. 	287554
http://www.adultwholesaledirect.com/	Giggles World Corporation	Wholesalers and drop shippers. Products include DVDs, games and smoking accessories. 	287554
http://www.wholesale-sex-toys.net/	B-Link Toys & Gifts Co., Ltd	Offers wholesale and dropship services selling items such as dildos, novelties and bondage gear. Provides FAQs, company information and a blog. 	287554
https://www.prettybigescorts.com/	Pretty Big Escorts	Listing of larger sized women and reviews available for each. UK focused with international ladies also apparent. 	287540
http://www.punterlink.co.uk/	Punterlink	Categorised links to different types of call girl and massage related sites. Discussion forum and international links. 	287540
http://www.selectanescort.com/	Select an Escort	Photo listings of female escorts. Each profile with contact information and self written biography searchable by location and/or services provided. 	287540
http://www.chathour.com/	Chat Hour	Provides a variety of censored or 'unlimited' areas to talk, including adult, international, teen and philosophy rooms. 	287571
https://www.tuscl.net/	The Ultimate Strip Club List	International directory and customer reviews. 	287546
https://broadly.vice.com/en_us/article/how-to-make-money-writing-kindle-erotica	How to Make Money Writing Kindle Erotica - Broadly	Article by Livia Gershon. 	287688
http://www.writing-world.com/romance/erotica.shtml	Writing and Selling Erotica Fiction	Article by Catherine Lundoff. 	287688
http://www.tommyhawksfantasyworld.com/guide.htm	Tommyhawk's Guide to Writing Erotica	This primer is about writing quality gay erotica, but it has useful suggestions for all writers. 	287688
https://chaturbate.com/	Chaturbate	Provides live streams of men, women, couples and transsexuals, with a token tipping system to reward or encourage the broadcaster. 	287622
https://livejasmin.com/	LiveJasmin	Broadcasts live streams with sound. Includes fetish and mature women as well as gender categories of male, female and transsexual. 	287622
https://www.streamate.com/	Streamate	Provides access to live streams with sound; some with interactive features such as vibrators. 	287622
https://bongacams.com/	Bonga Cams	Provides live video streams of females, couples, males and transsexuals from their home. Categories include shaved/hairy pussy, big cocks and big ass. 	287622
http://www.cams247.com/	Cams247	Provides male, female and transgender Asian models in live video streams. Includes a profile and pictures of each one. 	287622
http://camwithhim.com/	CamWithHim.com	Made for the gay male audience, providing live streams of mostly muscular men. Includes a blog and a forum. 	287622
http://4chan.org/	4Chan	Covers Japanese culture, interests and creativity with an x-rated section providing hardcore, hentai and GIF animations. 	287571
http://www.xcams.com/	XCams	European multi-lingual selection of women, couples and transsexuals. 	287622
https://www.cam4.com/	Cam4	Provides streaming views of men, women and transsexuals. Includes couples. 	287622
https://www.soulcams.com/	SoulCams	Males, females and couples chat and perform on the other end of a webcam. Includes photograph competitions for the models, and customer reviews. 	287622
https://www.asstr.org/writershelp.html	Alt.Sex.Stories Text Repository	The purpose of this page is to provide authors with links to various websites and other useful online information in the pursuit of better writing. 	287688
http://prosexwriter.blogspot.com/	Pro Sex Writer Blog	Posts by Jessie Fitzgerald. Currently inactive since 2011. 	287688
http://www.she-international.com/	She-International	Female escorts and models. Photos and details of individuals via free membership, though no fees listed. 	287542
https://adultfactory.com/	Adult Factory	Offers turnkey packages. Gives sample designs and information about their affiliate program. 	287565
https://paradisekitty.com/	Paradise Kitty	WebCam modelling agency offering online training. With information about what they offer, FAQs and a blog. 	287565
https://www.naughty.uk.com/affiliateInfo.asp	Naughty Originals	Novelty products manufacturer. Signup form for their affiliate program. 	287565
http://twinkpay.com/	Twink Pay	Provides details about their two tier affiliate programs for their gay themed porn sites. 	287565
https://asianslave.biz/	Asian Slave Club	Agency originating in Australia supplying submissive women and a few Dommes. 	287547
https://www.gigolo-escort.co.uk/	The Men’s Company	European gigolo service. Features mostly male profiles and pictures. 	287543
https://goddesslilith.com/	Goddess Lilith	Offering sessions in the USA, Ireland and London. Includes her travel dates. 	287548
https://sinsearch.com/	Sin Search	Has profiles and pictures of independent dommes throughout the world. 	287548
http://1st-models.com/	First Models	Lists ladies available across the globe along with their pictures. 	287540
https://www.kay-escorts.com/	Kay Escorts International	Based in Germany, with ladies working worldwide. 	287542
http://www.escortscollection.com/	Escorts Collection	Lists independent ladies and agencies. 	287540
https://www.lovehub.com/	LoveHub.com	Advertising platform for companions and agencies offering their services worldwide. 	287540
https://www.ts-dating.com/	TS-Dating.com	Provides photographs and profiles of transsexual ladies worldwide, including length of penis if particularly noteworthy. 	287540
https://www.happyescorts.com/	HappyEscorts	Provides listings of independent ladies and agencies worldwide. With a search function and photographs of the ladies. 	287540
https://www.escort-ads.com/	Escort-Ads.com	Lists male, female and trans independent companions and agencies. With a forum. 	287540
http://www.hornystockings.com/toplist/	Horny Stockings Toplist	Toplist for nylon, stockings, pantyhose and legs fetish sites. 	287640
https://www.myfreecams.com/	MyFreeCams.com	Featuring mostly women in a variety of body shapes, ethnicities and state of dress. Private shows available with most ladies. 	287622
http://www.pornbb.org/	PornBB	Includes boards for straight, gay, hentai and fetish. 	287571
https://www.intporn.com/	Intporn.com	Boards for picture and video posting over different categories. 	287571
https://www.eccie.net/	Eccie.net	Forums including regional escort reviews and general discussion. 	287538
https://jdforum.net/	JDForum.net	Message board with pictures and videos posted. Categories are diverse and include BDSM and ethnic. 	287571
http://www.foxxxmodeling.com/	Foxxx Modeling	Provides pictures and stats for their female models along with a contact form. 	287560
https://www.dhgate.com/	DHgate	Chinese market-place for wholesalers of mainstream items and adult, for example vibrators. 	287536
https://www.rubberdutch.com/	RubberDutch	Designers and manufacturers of latex clothing for men and women with stores across Europe. 	287553
https://escortfox.com/	Escort Fox	Features independent escorts and agencies from across Europe. 	287542
http://www.world-escort-girls.com/	World Escort	Lists agencies and independent working ladies. 	287540
https://www.breathtakers.net/	Breathtakers Entertainment, Inc.	Agency with males and females across the globe available to strip for events. 	287546
https://myawd.com/	Adult Wholesale Distributors	Wholesale and drop shipping options for toys, accessories and products such as CBD related items. 	287554
https://www.one-dc.com/en/	ONE-DC	Offers sex toys, clothing and bondage items for wholesale or drop ship. 	287554
https://www.sky-reseller.com/	Sky-Reseller.com	Wholesalers of sex toys, clothing and BDSM items. 	287554
http://www.jdswholesales.com/	JDS Wholesales and Distributors	Canadian wholesaler of sex toys and adult goods. 	287554
https://www.mccoysguide.com/	McCoy's	Directory listing adult services including escorts, corrective services and massage parlours. With a separate section selling their guides, and premium membership giving access to star ratings and reviews. 	287537
https://platinumstages.com/	Platinum Stages	Sells strip club related items such as poles, stages and lighting. Also offers rentals. 	287555
https://www.idweb.net/	Idweb Ltd	British wholesaler also offering drop ship services for sex toys and lingerie. 	287554
https://www.uk-phone-sex-lines.co.uk/	Live Lines UK Ltd	Provides British numbers of ladies along with pictures. 	287552
https://www.cheapphonesexhq.co.uk/	Datapro Services Ltd	Offering British phone numbers to chat about sex and fetishes. 	287552
https://www.live121chat.com/	RJ Media	Provides British ladies to chat to across a range of topics including domination and mature. 	287552
http://www.911jerkoff.com/	Sonefex Inc.	Provides phone numbers and pictures for their ladies including mommies and transsexuals. 	287552
http://www.phonesexcuckold.com/	KTT Communications	Blog providing photographs and descriptions of cuckold phone sex. 	287552
http://sportyteens.net/	Nude Sporty Teens	Provides links to paysites, blogs and other top lists. 	287641
http://www.corporalpunishments.com/	Corporal Punishments	A ranking of websites focused on spanking and other disciplines. 	287642
http://www.nightexchange.com/	Night Exchange	Singles hotline with uncensored calls. 	287552
http://www.chat-avenue.com/	Chat Avenue	Offering a variety of chat rooms including adult, gay, lesbian, teen, singles, and sports. 	287571
http://viviennevavoom.com/	Vivienne VaVoom	Michelle Baldwin, a.k.a. Vivienne VaVoom, teacher and dancer. Available for birthday parties. Colorado, US. 	287750
http://www.schoolofburlesque.com/	New York School of Burlesque	Jo Weldon. Teaching workshops for dancers. News, biography, workshop schedule, and information about the art form. 	287749
http://www.misshollyhock.com/	Miss Holly Hock	Burlesque pin-up and performer performing across the midwest, US. Classes and links to resources. 	287750
https://www.showgirlawakening.com/	Showgirl Awakening	Kellita Maloof, offers live online dance performance programs and mentorships. 	287750
https://www.angiepontani.com/	Angie Pontani	Upcoming shows, images, merchandise, contact information, links, press, reviews, and journals. 	287750
https://skintightouttasight.com/	Skin Tight Outta Sight Rebel Burlesque	Canadian troupe. Show schedule, biographies of the performers, and photographs. 	287751
http://www.karendreams.com/	Karen Dreams	Offers picture sets and videos, mostly at beach. [Membership] 	287329
http://pornfolders.com/maturen04/search.htm	Old Barbie Girl with Big Boobies	A mature gal playing with her metallic vibrator. 	285770
http://black-ass.hardcoresex-pictures.com/index.html	Black Ass Pictures	Pictures of black and white girls in intra and interracial sex. 	286276
http://www.unclechigo.com/interracial-gang-bang/	Interracial Gang Bang	Galleries of black on white sex action. 	286276
http://www.oral-cumshot.com/sluts/indexd.html	Submissive Sluts	Girls in latex sucking dicks. 	286010
http://www.oral-cumshot.com/asian-cum-shot/	Asian Cum Shot	Photos of Asian girls getting splashed by semen. 	286372
http://www.xxx-black-porn.com/index.html	Xxx Black Porn	Pictures of black babes, Latina girls and interracial porn. 	286274
http://www.boobs.nakedusa.com/index.html	Big Boobs	Pictures of a blonde, brunette, and a black woman. 	285770
http://www7.kinghost.com/amateur/erotika/A-Brax-Ass.html	Girls and Matures Free Galleries	Several pages of images of busty blondes and brunettes. Some toy and finger-play. 	285770
http://www.teenpornstars.net/cs/bigtits/a.htm	Monster Tit Babes	Gallery of babes with monster boobs. 	285770
http://www.xtrasex.com/a/bunny/a.htm	Nikki and Bunny	Two big-boobed women in girl-girl action. 	285770
http://www.avslinx.com/free/boob/index.htm	Xtralarge Tits	Middle aged blonde shows her big chest. 	285770
http://www.exoticbreasts.com/	ExoticBreasts.com	Features pictures and video clips of women with natural boobs. [Membership] 	285771
http://nice-tits.largetits-pictures.com/index.html	Nice Tits	Variety of medium breasted women. 	285779
http://www.czechpornstars.net/Anastasia_Christ_busty_pics/	Anastasia Christ	Photos featuring a blonde exposing her breasts. 	285779
http://www.oral-cumshot.com/tits/indexd.html	Tits and Cum	Photos of boobs that have had jizz shot on them. 	285779
http://busty.girlstopless.com/index.html	Busty Girls	Busty babes and young girls flashing big tits. 	285779
http://www.big-tits.busty-strippers.com/	Big Tits	Naked european and black women showing their large breasts. 	285779
http://large-tits.titfuckingpictures.com/index.html	Large Tits	Pictorials of naked women with huge tits. 	285779
http://small-teen-tits.com/	Small Teen Tits	Dark haired woman shows off her tiny tits. 	285807
http://smalltits.toplesslolitas.com/index.html	Small Tits	European and Asian women with tiny boobs. 	285807
http://www.tiny-tits.bigtits-pics.com/index.html	Tiny Tits	Assortment of small chested women. 	285807
http://www.chinmaster.com/	Chinmaster.Com	Pictures of older and younger women posing naked together. 	285827
http://www.pornzite.com/doctor_evil/	Doctor Evil	Pictures of a young lady with pigtails on an examination table getting a tube up her ass. 	285850
http://www.a24-7pornsite.com/candy-smoking/	Candy Smoking	Blonde in a black tee shirt sits on a chair smokes and handles herself. 	285855
http://www.smoking-bitch.com/	Smoking Bitch	Photo galleries and a small collection of video clips, all focusing on women having sex. 	285879
http://www.sex-marks.com/av/pee/index.htm	Blondie Pissing	Busty female on a naked trail outside stopping to urinate. 	285902
http://www.chickpee.com/desperate/	Desperate Piss Girl	Pictorial series of a brunette peeing in public. 	285902
http://www.teenpornstars.net/cs/golden/a.htm	Golden Shower	Series of a blonde woman peeing standing in the woods. 	285902
http://www.pantieupskirt.com/a/pee/index.htm	Outside Watersports	A girl in a green dress pisses in the forest. 	285902
http://www.footfetish-footfetish.com/cr/pee/index.htm	Outside Watersports	Babe pissing through her tights outdoors. 	285902
http://www.chickpee.com/peepants/	Pee Pants	Pictures of redhead pissing through her yellow biker pants in public. 	285902
http://www.crosex.com/avs/wsa/ppc/a.htm	Pee Pee Cheerleaders	Pictures of cheerleader peeing on the floor. 	285902
http://www.peepleasures.com/	Pee Pleasures	Galleries of females that can't hold it in. 	285902
http://www.peeshooters.com/	Pee Shooters	Pissing pictures including outdoor action. 	285902
http://www.xtrasex.com/a/pee/index.htm	Pissing Redhead	Babe peeing in a bowl. 	285902
http://www.teenpornstars.net/cr/pt/a.htm	Pissing Teenagers	Two females in a peeing gallery. 	285902
http://www.pissblog.com/blog/	PissBlog	Blog mostly devoted to wetting videos. 	285902
http://www.urinelove.com/	Urine Love	A site dedicated to people who love girls peeing. Includes a few sample pictures. [Membership] 	285903
http://www.wettingherpanties.com/	Wetting Her Panties	Videos and photos of girls peeing their panties. [Membership] 	285903
http://pornfolders.com/fistingn02/search.htm	Fisting In Ass	Two galleries of very similar closeup pictures. 	285913
http://www.thexxxarchive.com/g/fisting/index.htm	Fist Fucking	Photos of hand penetration. 	285913
http://www.a24-7pornsite.com/fisting_frenzy/	Fisting Frenzy	Three pages of some wrist twisting action. 	285913
http://www.pornzite.com/erotica_bizarre/	Erotica Bizarre	Foot and double hand in pussy. 	285913
http://www.pornzite.com/extreme_bang/	Extreme Bang	Man fisting a brunette hard and upclose. 	285913
http://www.pornzite.com/extreme_sex/	Extreme Sex	Man stuffing his hand inside a cunt. 	285913
http://www.pornzite.com/fisting_bang/	Fisting Bang	Girl takes hand in ass and cunt. 	285913
http://www.pornzite.com/fisting_fury/	Fisting Fury	Woman stuffing her hands in cunt and ass. 	285913
http://www.pornzite.com/hand_in_pussy/	Hand In Pussy	Girl inserting her hand in her own cunt. 	285913
http://www.pornzite.com/nasty_action/	Nasty Action	Girl with hands up her tight twat. 	285913
http://www.pornzite.com/bitch_fisted/	Bitch Fisted	Brunette girl helped stuffing hand in her cunt. 	285913
http://www.pornzite.com/fisting_extreme/	Fisting Extreme	Entire gang pleasuring a woman with their hands. 	285913
http://www.pornzite.com/fisting_pussy/	Fisting Pussy	Man fucking a chick on bed with his hand. 	285913
http://www.pornzite.com/girl_fisting/	Girl Fisting	Lesbian pounding a girlfriend with her hand. 	285913
http://www.pornzite.com/group_fisting/	Group Fisting	Gang doing some extreme stuff. 	285913
http://www.pornzite.com/hardcore_fisting/	Hardcore Fisting	Brunette with hand in ass and pussy. 	285913
http://www.pornzite.com/kinky_fist/	Kinky Fist	Group performing extreme actions. 	285913
http://www.pornzite.com/lesbo_fisting/	Lesbo Fisting	Lesbian inserting a hand into her girlfriend. 	285913
http://www.pornzite.com/self_fisting/	Self Fisting	Woman accepting hand in twat. 	285913
http://www.pornzite.com/upclose_fisting/	Upclose Fisting	Woman on a coach inserting her own hand. 	285913
http://www.pornzite.com/handball/	Handball	Blonde girl opens her twat for hands. 	285913
http://www.pornzite.com/fisting_fun/	Fisting Fun	Brunette opens her cunt to accept a hand. 	285913
http://www.pornzite.com/brutal_fisting/	Brutal Fisting	Skinny girl taking a hand in her twat. 	285913
http://www.pornzite.com/stretched_twat/	Stretched Twat	Woman having large hands in cunt and ass. 	285913
http://www.pornzite.com/fisting_drill/	Fisting Drill	Brunette takes hands into her cunt and ass. 	285913
http://www.pornzite.com/fist_pounding/	Fist Pounding	Pregnant lady taking hands up her cunt. 	285913
http://www.pornzite.com/girly_fisting/	Girly Fisting	Two girls handballing eachother on a sofa. 	285913
http://www.pornzite.com/twisted_fist/	Twisted Fist	Asian girl taking hand from asian man. 	285913
http://www.pornzite.com/slammed_fist/	Slammed Fist	Blonde woman inserting hands in new openings. 	285913
http://www.pornzite.com/fisting_thrust/	Fisting Thrust	Asian girl is having hands stuffed into her twat. 	285913
http://www.pornzite.com/actual_fisting/	Actual Fisting	Two girls in handball action while fucked by doctor. 	285913
http://www.pornzite.com/dream_fist/	Dream Fist	Closeup intrusion of a brunette woman. 	285913
http://www.pornzite.com/ebony_fist/	Ebony Fist	Black girl pushing her hand inside herself. 	285913
http://www.pornzite.com/fisting_fantasy/	Fisting Fantasy	Two ladyfriends outdoors playing with their hands. 	285913
http://www.pornzite.com/fisting_grinders/	Fisting Grinders	Group of women and men is into some extreme fucking. 	285913
http://www.pornzite.com/fisting_mamas/	Fisting Mamas	Ebony girls having fun penetrating eachothers pussies. 	285913
http://www.pornzite.com/fisting_tryout/	Fisting Tryout	Two brunettes and a gentleman doing some heavy fingering. 	285913
http://www.pornzite.com/group_nailing/	Group Nailing	Woman penetrated and used by gang. 	285913
http://www.pornzite.com/happy_hour/	Happy Hour	Fetish group is fooling around with their girls. 	285913
http://www.pornzite.com/fisting_a_friend/	Fisting A Friend	Woman stuffing her fist inside her female friend. 	285913
http://www.sex-marks.com/porn/f/	Raw Fisting Sex	Pictures of a man inserting his hand into a pierced pussy. 	285913
http://pornfolders.com/fistingn03/	Dirty Fisting Game	Photographs of a man inserting both of his arms into the pussies of two brunettes. 	285913
http://www.diapergal.com/	Diaper Gal	Posing, wetting and changing. Photographs, videos and a message board. [Membership] 	285916
http://www.adultbabysource.com/	Adult Baby Source	Photographs, videos, forum, stories and live chat. Topics covered include AB males and females, regression, carers, 'pregnancy' and lactation, and diapers. [Membership] 	285916
http://www.xtremediaper.com/	Xtreme Diaper	Photographs, stories, videos, and a forum. Covers hardcore aspects such as sex with an AB partner, humiliation, sissification, punishment, spanking and wetting. [Membership] 	285916
http://www.adultbabygirl.com/	Adult Baby Girl	Females being fed and changed by their carers, and playing with other AB friends. Videos, video stills and images. [Membership] 	285916
http://www.ineedamommy.com/	I Need a Mommy.com	Videos shot from the adult baby's point of view. Topics include domination, feeding, humiliation and diapers. [Membership] 	285916
http://www.pornzite.com/dmoz/spanking/adult_spanking/	Adult Spanking	Teacher punishing student and woman smacked in a pool. 	285919
http://www.pornzite.com/dmoz/spanking/ass_spanking/	Ass Spanking	Woman strapped to a chair and caned severely. 	285919
http://www.pornzite.com/dmoz/spanking/erotic_spanking/	Erotic Spanking	Praying girl gets her ass punished by a gentleman. 	285919
http://www.pornzite.com/dmoz/spanking/f_m_spanking/	F M Spanking	A woman taking her man over the knee making his ass red. 	285919
http://www.pornzite.com/dmoz/spanking/free_spanking/	Free Spanking	Doctor punishing patient and two daughters in hard action. 	285919
http://www.pornzite.com/dmoz/spanking/lesbian_spanking/	Lesbian Spanking	Dykes using their hands on bare bottom asses. 	285919
http://www.pornzite.com/dmoz/spanking/otk_spanking/	OTK Spanking	Dinner party goes wild and two girls are punished over the knee. 	285919
http://www.pornzite.com/dmoz/spanking/porn_spanking/	Porn Spanking	An older man using his hands and paddle on a girl. 	285919
http://www.pornzite.com/dmoz/spanking/real_spanking/	Real Spanking	Group of women getting their asses caned by a man. 	285919
http://www.pornzite.com/dmoz/spanking/sex_spanking/	Sex Spanking	Doctor using a patient and dyke punishes her girlfriend. 	285919
http://www.pornzite.com/dmoz/spanking/spanking/	Spanking	A lesbian girl punishing her friend and patient with doctor action. 	285919
http://www.pornzite.com/dmoz/spanking/spanking_fetish/	Spanking Fetish	Mature woman in fishnet stockings gets her ass whopped. 	285919
http://www.pornzite.com/dmoz/spanking/spanking_photo/	Spanking Photo	Female student recieves a hard punishent from her teacher. 	285919
http://www.pornzite.com/dmoz/spanking/spanking_picture/	Spanking Picture	Photo sets with lesbian lovers uses their hands on eachother. 	285919
http://www.pornzite.com/dmoz/spanking/spanking_site/	Spanking Site	Pictures of girls dominating their female lovers. 	285919
http://www.pornzite.com/dmoz/spanking/spanking_teen/	Spanking Teen	Girls recieving hardcore love from their older male companions. 	285919
http://www.pornzite.com/dmoz/spanking/spanking_woman/	Spanking Woman	Pictures featuring girls getting their asses smacked. 	285919
http://www.pornzite.com/dmoz/spanking/the_spanking_page/	The Spanking Page	Selection of bare bottom punishments by masters. 	285919
http://www.pornzite.com/dmoz/spanking/wife_spanking/	Wife Spanking	Woman on a cross whipped and some discipline action in a pool. 	285919
http://www.pornzite.com/dmoz/spanking/woman_spanking_man/	Woman Spanking Man	Lesbians girls punishing a guy with spoons. 	285919
http://www.spanked-girls.com/	Spanked Girls	Multiple picture galleries of females punished with canes and paddles. 	285919
http://www.pornzite.com/spank_or_die/	Spank Or Die	Girl is punished by her master. 	285919
http://www.pornzite.com/tied_bitch/	Tied Bitch	Girl is punished over the knee. 	285919
https://shadowlanestore.com/	ShadowLane	Pictures, stories, movies and implements for spanking for sale. [Membership] 	285920
http://www.realspankings.com/	Real Spankings	Several categorized spanking galleries. [Membership] 	285920
http://www.spankingonline.com/	Spanking Online	Speciality spanking website with many online videos and pictures. High quality free preview section which is updated regularly. [Membership] 	285920
http://www.tantrumtrainers.com/	Tantrum Trainers	Photographs, video clips, stories and live chat. [Membership] 	285920
http://www.women-spanking-men.com/	Women Spanking Men	A site that shows actual punishment videos and photos from a women run disciplinary institute. Strict F/m punishments, face sitting, CBT, and Fem Dom ass fucking. USA. [Membership] 	285920
http://www.paingate.com/	Pain Gate	Exclusive photos, videos and stories on whipping and severe spanking. Realmedia. [Membership] 	285920
http://www.bondageforfree.com/	Bondage For Free	Features bound and gagged secretaries, hogtied damsels, and ball-gagged women. 	285931
http://www.ashleyrenee.com/	Ashley Renee	Photo galleries of award winning model and co-stars. Features images and journal entries with 'behind-the-scenes' photos. [Membership] 	285958
http://www.houseofgord.com/	House of Gord	Several large photo and drawing galleries. [Membership] 	285958
http://www.restrainedelegance.com/	Restrained Elegance	Offers images of beautiful, sexy women tied up and tortured. [Membership] 	285958
http://www.shadowplayers.com/	Shadow Players	Pictures of  girls bound, disciplined, and trained as pony girls. [Membership] 	285958
https://www.juliesimone.com/	Julie Simone	Offers photo galleries of women in strict western and Japanese-style ropes with a smoking section. [Membership] 	286003
http://www.rope-bondage.com/	Rope Bound Babes	Stringent ropework on young women in kidnap-style bondage. [Membership] 	285958
http://www.imagostudios.com/	Imago Studios	Over three thousand original photos featuring 'woman-next-door' type restraint. Most models unique to site. Video clips (WMP) and videos to buy. [Membership] 	285958
http://www.modelstied.com/	Models Tied	Women bound and gagged, dressed in streetclothes, dresses or lingerie, often with boots. Video clips (MPEG) and forum. [Membership] 	285958
http://www.societysm.com/	SocietySM: A San Francisco Fetish Company	Photos and videos of women in various bound states with role-playing and sexual torture. Portal for the San Francisco Bay Area fetish lifestyle. [Membership] 	285958
http://www.jbroper.com/	JBR Productions	Original photos concentrating on glamour, costuming and adventures. Mostly rope bound. Models biographies. Over 60 MPEGs. [Membership] 	285958
http://ropedgirls.com/	Ropedgirls	Twenty plus galleries of amateur women tied up and gagged. Monthly contest. Videos (Real Player). [Membership] 	285958
http://www.qualitycontrol.cc/	Quality Control Bondage	Pictures of lesbian mistresses restraining and suspending slaves. Also includes tied up women posing. [Membership] 	285958
http://www.centaurcelluloid.com/	Centaur Celluloid	Nymphs held captive. Galleries of more than twenty models with extensive archives. Includes forty videos (mpeg). [Membership] 	285958
http://www.annisbondage.com/	Dave Annis Art - Graphic Rope Bondage Artwork	Elaborate drawings that depict women in rope bondage with humorous captions. [Membership] 	285958
http://www.nylonknots.com/	Nylon Knots	UK and European women in hose and in trouble. [Membership] 	285958
http://www.futilestruggles.com/	Futile Struggles	About fifty galleries of bound and gagged models. Videos (WMV). [Membership] 	285958
http://www.pornzite.com/chained_asian/	Chained Asian	Restrained girl with a tool to break free. 	285960
http://www.femdomart.net/female-domination.htm	Female Domination Fetish	Collection of spanking and smothering drawings. 	285976
http://www.pornzite.com/fem_dom/	Fem Dom	Pictures of two women torturing the cock of their tied up slave. 	285976
http://www.pornzite.com/first_torture/	First Torture	Pictures of a busty blonde having her pussy licked by a male submissive. 	285976
http://www.pornzite.com/extreme_domina/	Extreme Domina	Pictures of a large lady using a strapon on her male slave. 	285976
http://www.crosex.com/avs/n3/tmu/a.htm	Tie Me Up	Pictures of a girl tying up a man and fucking him. 	285976
http://www.pornzite.com/whipping_chick/	Whipping Chick	Photographs of a woman posing in stockings and suspenders. 	285976
http://www.pornzite.com/whipped_slave/	Whipped Slave	Photographs of a chained femsub being paddled by a brunette. 	285976
http://www.pornzite.com/outside_slave/	Outside Slave	Black and white photographs of a ponygirl being shown off out on the street. 	285976
http://www.pornzite.com/man_torture/	Man Torture	Pictures of a blonde and a redhead in PVC trampling and being worshipped by a male submissive. 	285976
http://www10.kinghost.com/fetish/spankingdom/mainpage.html	BDSM Lifestyle	Includes spanking, trampling and foot worship pictures. 	285976
http://www.pornzite.com/bdsm_gold/	BDSM Gold	Photographs of a brunette domina preparing her femsub for ponygirl training. 	285976
http://www.pornzite.com/bdsm_mania/	BDSM Mania	Photographs of a busty blonde domina doggy-training her male slave. 	285976
http://www.pornzite.com/strapon_fuck/	Strapon Fuck	Photographs of a brunette penetrating her male slave. 	285976
http://www.pornzite.com/slave_domination/	Slave Domination	Pictures of a restrained man being caned and teased by a blonde domina. 	285976
http://www.dommedesires.com/sweethumiliation/	Sweet Humiliation	Pictures of a PVC-clad domina in a dungeon setting with her male slave. 	285976
http://www.pornzite.com/dreadful_wax/	Dreadful Wax	Pictures of a domina torturing her femsub. 	285976
http://www.pornzite.com/domination/	Domination	Pictures of a brunette torturing her femsub's pussy on a bed. 	285976
http://www.femaledom.com/	FemaleDom.com	Ballbusting videos and pictures. [Membership] 	286003
http://www.humiliatrix.com/	Humiliatrix	Articles on how to humiliate and blackmail married men, plus femdom audio selections "Caught and Cuckolded" and "Seduced and Sissified". [Membership] 	286003
http://www.straponfuckers.com/	Strapon Fuckers	Women on men action. Photographs, videos and a live webcam. [Membership] 	286003
http://darkperfection.com/seska/	The Abduction of Seska	Detailed story with pictures of a fantasy rape scene. 	286010
http://japanese-bondage.asiansex-pictures.com/	Japanese Bondage	Pictures of submissive girls restrained and involved in hardcore sex. 	285960
http://www.kinkyfotos.com/kinkysex/index.html	Kinky Sex	Pictures of submissive men and women. 	286010
http://www.kinkysex.analfetishes.com/	Kinkysex	Pictures of men and women involved in a variety of fetishes. 	286010
http://www.kinky-sex.threesomes-sex.com/	Kinky Sex	Photographs of women in bondage and being spanked. 	286010
http://www.sex-slave.kinkysexfetish.com/	Sex Slave	Pictures of male and female submissives being trained and punished. 	286010
http://www.wasteland.com/	Wasteland	Galleries, videos, live events, chat, stories and resources. [Membership] 	286037
http://www.footfetish-footfetish.com/la/npll/a.htm	No Pussy Like Latino Pussy	Pictures of a hot nude Lation beauty. 	286240
http://www.sex-marks.com/cs/nlt/a.htm	Naughty Latino Teeny	Young latin teen plays with her sex toy. 	286240
http://www.naked-latina-girls.com/	Naked Latina Girls	Variety of models showing off what they got. 	286240
http://www.xtrasex.com/free/eroticlatina/a.htm	Erotic Latina	South American woman posing nude. 	286240
http://www.xtrasex.com/free/latina/a.htm	Amazing Latina	Brazilian girl posing nude outdoors. 	286240
http://www.avslinx.com/free/latina/a.htm	Young Latina Nude	Naked female in heels posing naked outside. 	286240
http://www.pornextasy.com/e/latina/index.htm	Banging Latino Pussy	Pictures of a model in action. 	286240
http://www.sexo-gratis.anal-hardcore-sex-pics.com/	Sexo Gratis	Several softcore and hardcore pictures. 	286240
http://www.teenpornstars.net/cs/latino/a.htm	Latino Heat	Beautiful latino chick 	286240
http://www.latin-pussy.teen-hardcore-sex-pics.com/	Latin Pussy	Pics of latin babes. 	286240
http://www.teenpornstars.net/gs/latina/a.htm	Latino Beauty Nude	Shots of girl by the pool. 	286240
http://www.pantieupskirt.com/a/latina/a.htm	Latino Heat	Models posing indoors and by the pool. 	286240
http://www.footfetish-footfetish.com/ax/latina/index.htm	Latino Heat	Photos of a brunette nude by the pool. 	286240
http://www.blackgirls.exoticblacks.com/index.html	Black Girls	Exotic black teens and latina girls stripping. 	286274
http://www.thexxxarchive.com/a/interracial/a.htm	Tight Pussy Black Cock	Pictures of a white woman getting fucked. 	286276
http://www.sex-marks.com/x/ir/wpbc/a.htm	White Pussies and Black Cocks	Pictures of a variety of different couples fucking. 	286276
http://www.avslinx.com/a/interracial/index.htm	White on Black	Pictures of an ebony girl sucking cock and being fucked. 	286276
http://www.thexxxarchive.com/a/wfb/index.htm	White Fucks Black	Photos of guys getting fucked by ebony women. 	286276
http://www.avslinx.com/a/axo/index.htm	Racial Hardcore Porn	Pictures of a white guy having sex with a black woman. 	286276
http://www.xtrasex.com/nd/raci/index.htm	Racial Banging Action	Offers pictures of Ron Jeremy fucking a black woman. 	286276
http://www.xtrasex.com/a/bw/a.htm	Black and White Threesome	Pictures of a woman having sex with two guys. 	286276
http://www.thexxxarchive.com/g/bb/a.htm	Blonde Sucks Black	Pictures of a white woman giving a guy a blowjob. 	286276
http://www.teenpornstars.net/a/bnw/index.htm	Black n White Sex	Pictures of an ebony girl sucking and getting fucked. 	286276
http://www.pornextasy.com/e/choco/index.htm	Chocolate and Cream	Pictures of a white man receiving oral sex and fucking a black woman. 	286276
http://www.sex-marks.com/ir/irgb/a.htm	Interracial Gang Bang	Pictures of a blonde woman giving oral and having sex with a black guy and a white guy. 	286276
http://www.interracial-sex.black-hardcore-sex-pics.com/index.html	Interracial Sex	Pictures of mixed couples having hardcore fun. 	286276
http://www.pantieupskirt.com/a/interracial/index.htm	Interracial Teensex	Photos of a white woman getting black cock. 	286276
http://www.pornextasy.com/e/interracial/index.htm	Interracial Action	Features pictures of a black woman having sex with a white man. 	286276
http://www.sex-marks.com/av/ir/index.htm	Salt n Pepper Porn	Pictures of a tattooed white guy and a black woman having sex. 	286276
http://xxx-interracial-pics.com/dogfart-blowjobs/index.html	Dogfart Blowjobs	Offers pictures of blondes sucking black cocks. 	286276
http://www.xxx-interracial-pics.com/dogfart-and-asian-sluts/index.html	Dogfart and Asian Sluts	Photographs of women sucking cock and being banged by black men. 	286276
http://www.blacksonblondes.com/	Blacks on Blondes	Featuring adult chat, live video, stories, and movies. [Membership] 	286303
http://www.asianlolitas.net/index.html	Asian Lolitas	Three galleries featuring semi-nude softcore pictures. 	286324
http://asian-pussy.asiansex-pictures.com/index.html	Asian Pussy	Pictures of girls showing spreading legs, and a few hardcore photos. 	286324
http://www.old-tom.com/traffic/jt/index.html	Asian Teen on the Beach	Pictures of a girl showing her naked body outdoors. 	286324
http://www.linkspatrol.com/free/fucking-oriental-hottie/petite-eastern-women/	Fucking Oriental Hottie	Tanned woman in nylons riding man's cock and getting fucked on the back. Two galleries. 	286331
http://www.asian-group-sex.com/	Asian Group Sex	Orgy of fucking, licking, sucking, and touching. 	286331
http://www.asiansex-pictures.com/	Asian Sex	Fucking and sucking in uniform, spreading pussy, and touching. Four galleries. 	286331
http://www.asian-sex.xxx-asian-girls.com/index.html	Asian Sex	Women boobing guy's cock, sucking, and fucking. Three galleries. 	286331
http://www.linkspatrol.com/free/asian-pussy-fucking/cute-japanese-teens/	Asian Pussy Fucking	Girl getting fucked from the back, riding man's cock, and sucking it. Two galleries. 	286331
http://www.koreanpornos.com/index.html	Korean Porn	Pictures of sexy nude Korean girls. 	286369
http://www.asian-girlsonline.com/jadehsu/	Asian Teen Jade Hsu	Features photos of Jade and another sexy asian undressing outdoors. 	286369
http://www.aasians.com/freegroupsex/	Free Asian Groupsex	Pictures of two women having sex with a guy. 	286331
http://www.rookiepussy.com/sungli/	Sexy Sung Li	Pictures of model getting naked. 	286372
http://www.asian-bar-girls.com/	Asian Bar Girls	Photos of girls that work the bars of Thailand. 	286400
http://thai-sex.asian-hardcore-porn.com/	Thai Sex	Girls in softcore and hardcore sex pictures. 	286400
http://www.sex-marks.com/cs/asia/index.htm	Asian Babe	Photos of a woman wearing an outfit while posing nude. 	286400
http://www.avslinx.com/u/asia/index.htm	Thailand Beach	Photos of a women nude on the sand and surf. 	286400
http://www.sawanthai.net/pages/thaibeauty/warning.htm	Sawan Thai	Quality pics of two gorgeous Asian babes getting naked. 	286400
http://www.thaichix.com/	Thaichix Asian	Asian teen hardcore pictures plus exclusive teen Asian video stream gallery. [Membership] 	286401
http://www.young-thai.com/	Young-Thai	Pattaya nightlife guide and photos and video of bargirls and where you can find each one. [Membership] 	286401
http://nude-asians.asian-hardcore-sex-pics.com/index.html	Nude Asians	Separate gelleries of two females stripping and a lesbian couple being intimate. 	286404
http://asianerotica.asianblowjobs.net/	Asian Erotica	Single picture galleries of three girls showing their bodies. 	286404
http://www.asian-pornos.com/index.html	Asian Pornos	Separate picture galleries of four women posing in lingerie and naked. 	286404
http://asianporn.oriental-pussy.net/index.html	Asianporn	Separate galleries of three girls posing naked. 	286404
http://www.asian.nude-naked-women.com/	Asian Nude Women	Pictures of three naked Oriental women. 	286404
http://asianpornstars.asianblowjobs.net/index.html	Asian Pornstars	Separate picture galleries of three named models posing naked and semi-nude. 	286404
http://www.asianology.com/	Asianology	Large site of models posing naked and semi-nude, with galleries named according to model's name or date added. 	286404
http://www.xxx-asian-girls.com/index.html	Xxx Asian Girls	Picture series of various girls stripping and posing, including a lesbian gallery. 	286404
http://www.xxx-asian-porn.com/index.html	Xxx Asian Porn	Separate galleries of three females posing naked and semi-nude indoors. 	286404
http://www.japanese-sex.asian-pornography-pics.com/index.html	Japanese Sex	Pictures of women posing solo, lesbians, and fucking. 	286439
http://www7.kinghost.com/asian/sakurasena/shrineindex.html	Sakura Sena Shrine	Pictures of model stripping out of different outfits. 	286439
http://www.jpfreeporn.com/	Japanese Free Porn	Women showing naked body and pussy. 	286439
http://www.nakedasiancuties.com/freesite/large-asian-tits/	Large Asian Tits	Models getting topless and taking off panty to be naked. Two galleries. 	286439
https://javmodel.com/	JAV Model	Large online collection of images and movies of AV models. [Membership] 	286440
http://www.jsexnetwork.com/	J Sex Network	Model photosets and movies, uncensored actions, and amateurs. [Membership] 	286440
http://www.ocreampies.com/	O Cream Pies	Japanese girls sucking, playing toys, and showing pussy. [Membership] 	286440
http://www.asian-sluts.net/	Asian Sluts	Features pictures, videos, teens, and erotic cartoons. [Membership] 	286448
http://www.black-girls.blackgirlspussy.com/	Black Girls Pussy	Pictures of two females posing nude. 	286459
http://www.teenpornstars.net/cr/yab/a.htm	Young and Black	A gallery of a college girl showing her pussy. 	286459
http://www.a24-7pornsite.com/ebony_humpers/	Ebony Humpers	Photographs of a number of women in lingerie, having sex. 	286463
http://www.black.anal-sex-free-pictures.com/index.html	Black Anal Sex	Females in doggystyle and on-top positions getting penetrated in the backdoor by their boyfriends. 	286463
http://black-sex.gangbang-pictures.com/index.html	Black Sex	Four galleries of Afro couples fucking. 	286463
http://www.blackanalsex.com/	Black Analsex	Photographs of people fucking. 	286463
http://www.sex-marks.com/a/ebony/	Ebony Lingerie	A petite model with long black curley hair, posing in red lingerie, and fucking herself with a dildo. 	286493
http://www.black-pussy-sex.com/	Black Pussy Sex	Women masturbating with dildos, posing nude, having their pussies licked, being fucked, and ejaculated on. 	286493
http://www.ebony-sex.free-black-sex-pictures.com/	Ebony Sex	A beautiful teen masturbates her shaved pussy, and buxom woman shows her big black ass, and horny amateur couples fuck one another. 	286493
http://www.blacksex.exoticblacks.com/	Black Sex	A teen posing nude, a black man licking pussy, and an interracial couple in a sixty-niner position. 	286493
http://www.black-sex.hardcoresex-pictures.com/	Black Sex	A couple in a sixty-niner position, a slippery wet model showing her pussy, an amateur having sex with two guys, and a model posing on the beach. 	286493
http://blacksexgoddess.com/nude-black-pussy/	Nude Black Pussy	Pictures of a semi-naked girl showing her cunt in a public park. 	286495
http://www.naked-black-women.black-pussy-sex.com/	Naked Black Women	Features a selection of ladies posing nude. 	286495
http://www.sex-marks.com/cs/black/a.htm	Hot Black Babe	Pictorial of slim girl in bed and showing her pussy. 	286495
http://www.black-porno.black-pornography-pics.com/	Black Porno	Galleries of women nude and in lingerie. 	286495
http://www.cunt.black-pussy-photos.com/index.html	Black Cunt	Photos of naked girls. 	286495
http://www.blackporn.blackanalsex.com/index.html	Black Porn	Offers pictures of various females posing nude and partially clothed. 	286495
http://www.black-tits.bigtits-pics.com/	Black Tits	Variety of women show off their boobs. 	286495
http://black-tits.free-black-sex-pictures.com/index.html	Black Tits	Pictures of several different girls with naked breasts. 	286495
http://www.blackgirlspussy.com/index.html	Black Pussy	Pictures of naked girls showing their cunts. 	286495
http://www.xxx-black-porn.com/black-pussy/	Black Pussy	Girls posing nude and pussy closeups. 	286495
http://www.black-booty.free-black-sex-pictures.com/	Black Booty	Pictures of various women posing partially clothed. 	286495
http://www.xtrasex.com/o/dark/	Busty Black Babe	Photographs of a mature woman posing on a bed. 	286495
http://www.footfetish-footfetish.com/cs/blackteen/index.htm	Dark Teen	Random photos of black ladies posing naked everywhere. 	286495
http://www.shadesofbrown.com/	Shades of Brown	Black and Hispanic models and strippers in high quality photos. All photos are original. [Membership] 	286528
http://www.karadavis.com/	Kara Davis	Picture galleries of amateur biracial girl with big breasts. [Membership] 	286528
http://www.nudeafrica.com/	Nude Africa	Pictures of black men and women including erotic stories and personals. [Membership] 	286528
http://www.ebonyjoy.com/	Ebony Joy	Picture galleries of black models, hardcore videos, mainstream live shows. [Membership] 	286528
http://www.nude-naked-women.com/	Nude Women	Pictures of naked ladies. 	286545
http://www.pornstars-revue.com/european_porn_stars/	European Beauty	Three galleries of euro girls: Sylvia Saint, Dian Jewel, Rita Faltoyano. 	286545
http://www.oral-cumshot.com/euro-porn/	Best of Euro Porn	Pictures of a woman sucking three cocks at once and a blonde being screwed. 	286545
http://www.asianheats.com/Samantha_Stiles/	Samantha Stiles	Images of a blonde woman getting naked. 	286545
http://www.porn-revue.com/hardcore-sex/	Sophie Sweet	A blonde is enjoying sexual pleasure from a man. 	286545
http://www.asianheats.com/Pornstars/Dorte_Damsgaard/	Dutch Blowjob Queen	Oral action pictures featuring a brunette girl. 	286545
http://www.simonscans.com/	Simon Scans	Pictures and movies of British amateur women including lesbians, toys and solo. [Membership] 	286571
http://www.suburbansluts.com/	Suburban Sluts	A range of ladies featured in photo galleries and a selection of erotic stories. [Membership] 	286571
http://www.mplstudios.com/	MPL Studios	Photographs of women posing solo, in lesbian scenes and using toys. Videos. [Membership] 	286571
http://www.fatgirls.chubbysluts.com/index.html	Fat Girls	Pictures of a variety of larger-than-average ladies. 	286656
http://www.sex-marks.com/ft/fib/a.htm	Fatter is Better	Softcore photographs of a brunette with long hair showing her pale plump body on a couch. 	286656
http://www.sex-marks.com/x/fat/fatteens/a.htm	Fat Teens	Photographs of a brunette with short hair posing in just a shirt on a couch. 	286656
http://www.footfetish-footfetish.com/cs/ft/a.htm	Fat Teenagers	Softcore photographs of a brunette in black lingerie. 	286656
http://www.sex-marks.com/cs/fatgirls/a.htm	Fat Girl	Pictures of a young chubby brunette posing in a hat. 	286656
http://www.sex-marks.com/cr/fattits/1.htm	Fat Tits Fatty	Softcore pictures of a brunette stripping off and posing on a sofa. 	286656
http://www.sex-marks.com/ax/fat/index.htm	Fat Whore	Pictures of a cuddly brunette posing and using dildos on a sofa. 	286656
http://www.sex-marks.com/ax/large/index.htm	Fat Young Nurse	Pictures of a bruntte teen in uniform putting a syringe in her pussy. 	286656
http://www.sex-marks.com/cs/fatslut/a.htm	A Fat Slut	Softcore pictures of a lady with long hair posing on a bed in her lingerie. 	286656
http://www.footfetish-footfetish.com/ft/hft/a.htm	Horny Fatty	Pictures of a young chubby blonde having sex with a cucumber and smoking. 	286656
http://www.thexxxarchive.com/cr/bbw/a.htm	American Fatty	A naked big girl in stockings. 	286656
http://www.teenpornstars.net/cr/fatteen/1.htm	Teenage Fatty	Pictures of a large brunette stripping off and cuddling a teddy bear. 	286656
http://www.footfetish-footfetish.com/cr/tatoo/a.htm	Tattooed Fatty	Pictures of a large blonde with a shaved twat posing with a trumpet on a couch. 	286656
http://www.avslinx.com/a/fat/index.htm	Teenage Chubby	Pictures of a brunette plumper with a ripe banana. 	286656
http://www.sex-marks.com/cr/fatty/1.htm	Young Plump	Horny naked chubby gal. 	286656
http://www.xtrasex.com/x/chubby/index.htm	Young Chubby	Brunette plumper in photo galleries. 	286656
http://www.crosex.com/fat/masfa/a.htm	Masturbating Fatty	Pictures of a slightly chubby brunette playing with herself on a sofa. 	286656
http://www.footfetish-footfetish.com/cr/massive/a.htm	Massive Girl	Pictures of a chubby redhead playing with her large tits. 	286656
http://www.avslinx.com/a/fatred/index.htm	Redhead Plumper	BBW plays with her stuffed lion. 	286656
http://www.thexxxarchive.com/x/f2/w/	Ready to Ride	Galleries of two extra large ladies posing nude on a motorcycle. 	286656
http://www.sex-marks.com/cr/rednfat/	Red 'n' Fat	Picture series of a chubby lady showing her shaved pussy. 	286656
http://www.thexxxarchive.com/cr/bigbabe/a.htm	Big Babe	Thumbnailed pictures of brunette plumper. 	286656
http://big-pussy.teenage-group-sex.com/index.html	Big Pussy	Naked big women and pussy licking pics. 	286656
http://www.footfetish-footfetish.com/cr/plumpers/a.htm	Blonde Plumper	Gallery of pictures of plumper. 	286656
http://www.thexxxarchive.com/cr/bigboots/a.htm	Big in Boots	A BBW only in boots. 	286656
http://www.footfetish-footfetish.com/cs/big/a.htm	Big Blondy	Extra large blonde babe. 	286656
http://www.xtrasex.com/a/large/a.htm	Big Pussies Toys	Chubby babe with toys. 	286656
http://www.thexxxarchive.com/cr/plump/index.htm	Busty Plumper	Photos of large brunette lady. 	286656
http://www.a24-7pornsite.com/bathing-BBW/	Bathing BBW	Photos of a long-haired girl bathing naked. 	286656
http://www.pornopacks.com/freesites/04/1012/01/	Blonde Plumper Toying	Blonde teen plumper with orange dildo playing in bed. 	286656
http://www.sex-marks.com/cr/fat/a.htm	Cushy Babe Fucks	Pictures of a blonde posing in lingerie and sucking a cock. 	286656
http://www.thexxxarchive.com/cr/chubby/a.htm	Chubby Babe	Pictures of a brunette shaving her pubic hair off with an electric razor. 	286656
http://www.xtrasex.com/x/fat/	Large Lady	Pictures of a brunette with curly hair and large breasts. 	286656
http://www.thexxxarchive.com/cr/ladylarge/	Lady Large	Photographs of an older woman stripping out of her panties and posing. 	286656
http://www.footfetish-footfetish.com/cr/f/a.htm	Large Body	Photos of plumper with rose garland tatoo. 	286656
http://www.sex-marks.com/d/fat/	Plump Teenager	Pictures of a small-breasted brunette posing on a bed. 	286656
http://www.sex-marks.com/d/xtrafat/a.htm	X-Tra Fat	Pictures of a young, chubby brunette in lingerie. 	286656
http://www.sex-marks.com/a/blackfat/a.htm	Black and Fat	Pictures of a plumper with big boobs. 	286685
http://www.thexxxarchive.com/a/fat/a.htm	Giant Body	Pictures of an obese lady posing nude and eating a banana. 	286685
http://www.thexxxarchive.com/g/mf/a.htm	Mature Fatty	Pictures of an Indian lady posing in a white basque with no panties. 	286683
http://chubbyloving.com/	Chubby Loving	Photographs and movies of plump to super-sized ladies. Area featuring pictures submitted by members. [Membership] 	286687
http://www.sex-marks.com/cr/oldfatty/1.htm	Old Fatty Fucking	A mature BBW in hardcore galleries. 	286698
http://www.thexxxarchive.com/cr/porky/a.htm	Old Porky	Mature BBW in lingerie. 	286698
http://pornfolders.com/fatn04/	Old Fat Girl	Pictures of a mature blonde with curly hair stripping out of her bra and panties and showing her pussy. 	286698
http://www.xtrasex.com/a/fatwoman/	Massive Babe	Pictures of a mature blonde with curly hair stripping off and posing nude on a sofa. 	286698
http://www.hellscafe.com/isabella/	Isabella's Sex Planet	A larger woman who likes it rough. [Membership] 	286699
https://japanhardcoremovies.com/	JapanHardcoreMovies.com	Provides high definition videos of Japanese women and men on a variety of themes including bukkake, bareback and pissing. [Requires Flash] [Membership] 	286440
http://www.fetishflixx.com/	Fetish Flixx	Offering full spanking movie downloads in dvd quality. [Membership] 	285920
http://www.xtrasex.com/free/public/index.htm	Flashing Amateurs	Women showing their tits in public. 	287248
http://www.sex-marks.com/cs/flashing/index.htm	Flashing Hotty	Pictures of a young brunette woman exposing herself outside. 	287248
http://www.xtrasex.com/free/flash/index.htm	Public Flashing	Ladies exposing themselves on the street. 	287248
http://www.sex-marks.com/a/flash/index.htm	Outside Nudist	Women flashing on a boat dock. 	287248
http://www.avslinx.com/a/party/index.htm	Nude Partygirls	Women flashing their tits in public. 	287248
http://www.sex-marks.com/a/outside/index.htm	Teenage Exhibitionist	Young women flashing in the woods. 	287248
http://www.xtrasex.com/a/outside/index.htm	Outside Nudity	Women posing in the park. 	287248
http://www.xtrasex.com/nd/public/index.htm	Amateur Exhibitionist	A blonde posing on a construction site near railroad tracks. 	287248
http://www.xtrasex.com/o/public/index.htm	Hot Flashing Babe	Images of a brunette teen in a short black dress showing her pussy and tits. 	287248
http://www.pornextasy.com/e/nudist/index.htm	Outdoor Nudist	Images of a mature woman exposing her bush and tits in a wood. 	287248
http://www.pornextasy.com/p/forrest/index.htm	Forrest Flashing	Photos of a blonde posing outdoors. 	287248
http://www.pornextasy.com/p/exhib/index.htm	Hot Exhibitionist	Flashing at the bakery. 	287248
http://www.pantieupskirt.com/f/crazy/index.htm	Crazy Flashing Chick	Girl in skirt flashes around town. 	287248
http://www.xtrasex.com/o/flashing/index.htm	Street Flashing	In black skirt, showing off tits around town. 	287248
http://www.pornextasy.com/x/public/index.htm	Exhibitionist Annie	A girl with short curly brown hair flashing outdoors. 	287248
http://www.pornextasy.com/p/hotsex/index.htm	Hot Amateur Sex	Amateur redhead fucks and sucks. 	287259
http://www.amateur-sex.busty-amateur-pics.com/	Amateur Sex	Four galleries of various pictures. 	287259
http://www.amateur-porn.adultsex-pictures.com/index.html	Amateur Porn	Galleries of hardcore and softcore pictures. 	287259
http://www.unclechigo.com/wife-swapping/	Wife Swapping Orgy Action	Features two women and three men in group sex photos. 	287259
http://www.amateurcreampie.com/	Amateur Creampie	Features surfer submitted pictures and home movies. [Membership] 	287286
http://www.westcoastgangbangs.com/	West Coast Gangbangs	Offers picture galleries, movie clips and videos of various girls. [Membership] 	287286
http://www.naked-neighbors.com/	Naked Neighbors	Amateur wives from around my neighborhood. 	287294
http://www.nicesmalltits.com/	Nice Small Tits	Sexy wives show off their tiny tits. 	287294
http://amateurs.nudeadultmodels.com/	Nude Amateurs	Amateur ladies posing nude. 	287294
http://naked-outdoors.com/	Naked Outdoors	Photos of a brunette girl posing on the train tracks. 	287294
http://www.sex-marks.com/ts/c/l/a.htm	Neighbours Daughter	Three galleries of a young girl. 	287294
http://www.teenpornstars.net/cs/nudeteens/a.htm	Wet and Cute	Nude young babe. 	287294
http://busty-amateur-pics.com/	Busty Amateur Pics	Busty women showing off their big tits. 	287294
http://www.cindynaked.com/	Cindy Naked	Pretty amateur shows off her fine tits and ass. 	287294
http://www.footfetish-footfetish.com/cs/amat/a.htm	Cute Amateur	A brunette undressing and posing naked on a bed. 	287294
http://www.pureteasers.com/	Pure Teasers	Teen amateurs getting naked. 	287294
http://www.ftvgirls.com/	First Time Videos	Offers directory of models with soft-core videos and picture sets. Image sizes up to 2000x3000 resolution.  [Membership] 	287329
http://www.naughtyallie.com/	Naughty Allie	Busty with long blonde hair, exhibitionist offers live cam shows, videos, and photo sets, solo and with friends. [Membership] 	287329
http://www.naughtyjulie.com/	Naughty Julie	Personal biography, pictures, video gallery, scheduled live cam shows, diary. [Membership] 	287329
http://www.asian-man.com/	Asian Man	Offers picture galleries and movie clips of an straight Asian man having sex with Blondes, Brunettes, Asians, Blacks, and Latinas. [Membership] 	287329
https://www.christineyoung.com/	Young, Christine	Blonde from Montreal, Canada. Offers personal diary, live shows, videos, and picture sets. [Membership] 	287329
http://www.wifeysworld.com/	Wifey's World	An all natural big-breasted amateur with many facial cum-shots. [Membership] 	287329
http://www.laurenafton.com/	Ms. Lauren Afton	Picture galleries of a mature redhead, you may also purchase home movies and panties. [Membership] 	287329
http://www.carolcox.com/	Carol Cox	Amateur pictures, videos and stories of Carol Cox and her friends. [Membership] 	287329
http://www.cathyscraving.com/	Cathy's Craving	Amateur site focusing on wife/husband team's sexual adventures with a passion for three or more and sharing. [Membership] 	287329
http://www.jeanswing.com/	Jean Swing	Hardcore amateur action with Jean. [Membership] 	287329
http://www.johnnypearl.com/	Johnny Pearl	Johnny Pearl gets to play with hot amateur females that pose nude on the net. [Membership] 	287329
http://www.southern-charms.com/	Southern Charms	A collection of amateur ladies. 	287329
http://www.sweetcuties.com/	SweetCuties	Teens and college girls offer softcore, hardcore, and lesbian pictures and videos. [Membership] 	287329
http://www.dawnsplace.com/	Dawn's Place	An amateur site with free galleries and members area featuring Dawn and her friends. [Membership] 	287329
http://www.dawnmariesdream.com/	Dawn Maries Dream	A redhead housewife that enjoys getting naked and sharing pics. [Membership] 	287329
http://www.desertcuties.com/	Desert Cuties	Blonde amateur model Jane and her friends from Arizona love to get naked and show off. [Membership] 	287329
http://www.aprilriley.com/index.htm	April Riley	Natural breasted model posing in galleries and videos. [Membership] 	287369
http://www.montrealdream.com/	Julie Jolie`s Erotic World	French Canadian amateur plays with other amateur models. [Membership] 	287369
http://www.lovelyvanessa.com/	Lovely Vanessa	Green-eyed DD blonde, sheds all in various solo sets. [Membership] 	287369
http://www.landofvenus.com/	Land of Venus	Nude bodybuilder and fitness model; picture galleries and videos.  [Membership] 	287369
http://www.earlmiller.com/	EarlMiller.com	Penthouse publisher - containing pictures, videos, chat, and personals. [Membership] 	287389
http://www.thexxxarchive.com/celeb/zeta/a.htm	Catherine Zeta-Jones	Offers non-nude and topless images of this actress. 	287383
http://www.sex-marks.com/a/jenlov/index.htm	Jennifer Love Hewitt	Offers non-nude images. 	287383
http://www.dita.net/	Dita Von Teese	Images, videos, audio clips, merchandise, and links for the pin-up girl. [Members] 	287479
http://www.mrskin.com/	Mr. Skin	Comprehensive listing of many actresses and TV stars with clips, pics, reviews, and ratings. [Membership] 	287479
http://www.celebritymoviearchive.com/	Celebrity Movie Archive	A variety of celebrity and supermodel MPEGS. [Membership] 	287479
http://www.nitrovideo.com/	Nitro Video	Archive of MPEGS featuring nude celebrities in a variety of categories. [Membership] 	287479
http://www.footfetish-footfetish.com/g/alicia/index.htm	Alicia Silverstone	Gallery of non-nude promo photos. 	287383
http://www.persiankitty.com/	Persian Kitty	High quality adult link listing. 	287598
http://www.link-o-rama.com/	Greenguy Link O'Rama	Links to adult sites categorized by subject. 	287598
http://www.allpornlinks.com/	All Porn Links	Features a variety of websites sorted by niche. 	287598
http://www.porn-fresh.com/	Porn Fresh Daily	Categorized list of websites with search facility. 	287598
http://www.findpics.net/	Findpics	Lists websites sorted by niche, and alphabetically. 	287598
http://www.linksonsex.com/	Links On Sex	Listing websites in a variety of categories. 	287598
http://www.adultsitetranslator.com/	AdultSiteTranslator	Offers translation services for banners, web sites, printed material, catalogs, news releases and software products.  Also provides multilingual desktop publishing in over 40 languages. 	287652
http://www.wolume.com/	Wolume Studios	Provides banners, full page ads, thumbnail galleries and customized php programming. 	287652
http://www.wyldesites.com/	WyldeSites, Inc.	Provides pay site tours, custom photography and digital art, photo restoration and retouching and promotional materials including banners, magazine and print ads, business cards and letterhead. 	287652
http://www3.upscaleart.com/	Upscale Art	Female-owned and operated, this site focuses on sites for escorts. 	287652
http://www.moistpixels.com/	Moist Pixels	Specializing in escorts provides several packages including tours, banner creation, content management and hosting. 	287652
http://www.solidgirls.com/index.html	Shyne Creative	Static or flash animated graphic design. Portfolio and pricing. 	287652
http://www.finelinex.com/	FineLineX Design	Specializes in the escort industry. Provides site and banner design, including flash animations. Portfolio and client testimonials. 	287652
https://www.escortwebdesign.com/	Escort Web Designs	Independent and agency site development, maintenance and hosting. Pricing, FAQs and testimonials. 	287652
http://www.j-webdesigns.com/	J-Webdesigns	Offers site development, promotion, hosting and programming. Includes client portfolio. 	287652
http://www.chameleonsubmitter.com/	Chameleon TGP Submitter	Offers a TGP submit and e-mail address confirmation tool. 	287655
http://www.qwebec.com/	QWEBEC Expo	Trade show and technical conference featuring industry suppliers.  Offers various exhibitions and workshops highlighting the latest products, trends and best practices. Quebec City, Quebec, Canada. 	287658
http://www.sexpo.com.au/	Sexpo	Provides information on health, entertainment, sexuality and lifestyle choices related to the industry.  Various Australian cities. 	287658
http://www.avn.com/	AVN	Provides video and dvd reviews and information regarding legal issues and headline news items confronting the industry.  Features a job board and a message center for general chat. 	287659
http://gfy.com/	Go Fuck Yourself	Board covering several topics including traffic trades and gallery requests, program announcements and an open section for questions and answers. 	287660
http://www.webmastercentral.com/	Webmaster Central	Provides straight, gay and niche plug-ins to member sites. [Password required to view demo] 	287662
http://www.photorama.nl/	Photorama	European based agency providing images and videos.  Topics include group, hardcore, gay and transsexual themes. 	287662
http://adultlabs.com/	AdultLabs	Offers straight and gay images and videos. 	287662
http://www.xbiz.com/	XBiz	Publisher of adult industry news and business information. 	287657
http://www.ynot.com/	Ynot	Content, affiliate and billing programs, industry news, and a discussion board. 	287657
http://www.fetishbucks.com/	Fetish Bucks	Promotes several niche sites including erotic cartoons, interracial couples and movie clips. Provides free content and pays weekly. 	287666
http://www.payserve.com/	Payserve	Promotes several niche sites including teens, ethnic women and transsexuals.  Offers free content and a referral incentive and pays monthly. 	287666
http://www.nichebucks.com/	NicheBucks	Pays monthly.  Promotes several fetish sites including mature women, amateur and gay men. 	287666
http://www.thaichix-cash.com/	ThaiChix-Cash	Promotes an Asian site, provides free content and pays weekly. 	287666
http://www.lovercash.com/	Lover Cash	Promotes several sites ranging from mature women to ethnic ladies to shemales.  The portfolio also includes fetish related dating sites.  Bi-weekly payouts. 	287666
http://www.intensecash.com/	IntenseCash	Promotes several fetish and gay sites covering a variety of topics including female body builders, shemales and twinks.  Provides weekly payouts and offers a referral incentive. 	287666
http://www.topbucks.com/	TopBucks.com	Promotes several fetish sites, offers free content including movie clips, hosting and a referral bonus.  Pays bi-weekly. 	287666
http://www.fetishhits.com/	Fetish Hits	Promotes several straight and fetish sites.  Topics include lesbians, porn stars and mature women.  Pays bi-weekly and offers a referral incentive and provides free image and movie galleries. 	287666
http://www.xxxcash.com/	XXX Cash	Promotes several fetish and gay sites.  Topics include women of color, military guys and celebrities.  Provides free content and pays bi-weekly. 	287666
http://www.nichewealth.com/	NicheWealth.com	Promotes several fetish sites.  Topics include amateurs, transsexuals, older women and gay guys.  Provides free content including hosted galleries and pays bi-weekly. 	287666
https://www.thrixxxcash.com/	Thrixxx Cash	Promotes several interactive sex games using 3D imagery. Pays weekly. 	287666
http://www.spookycash.com/	Blue Blood's Spooky Cash	Specializes in the gothic niche.  Categories include latex, bi-sexuals and science fiction themes.  Provides free content including hosted galleries and pays weekly. 	287666
http://www.newagerevenue.com/	New Age Revenue	Specializing in artistic nudes and fetish photography promotes two sites, provides free content and pays weekly. 	287666
http://www.occash.com/	OC Cash	Specializing in reality sites features interracial, foot and gang bang topics.  Offers a referral bonus. 	287666
http://www.serious-coin.com/	Serious Coin	Promotes various niche sites. Provides free content, free hosting and pays bi-weekly. 	287666
http://www.eurorevenue.com/	EuroRevenue.com	Includes bukkake, facial and porn star sites.  Offers a referral incentive, free images including videos and pays monthly. 	287666
http://www.hunkmoney.com/	Hunk Money	Promotes several gay sites.  Topics include orgies, jocks and twinks. 	287666
http://www.datinggold.com/	Dating Gold	Topics include amateur, Asian and gay sites.  Pays bi-weekly. 	287666
http://webmasters.asiamoviepass.com/	AsiaMoviePass.com	Promotes movie site featuring Asian women in BJ, facial and bukkake scenes.  Provides free content including hosted galleries, offers a referral incentive and pays bi-weekly. 	287666
http://www.pecash.com/	PECash	Items include dvds, magazines, sex toys and various novelties.  Offers several niche scripts and a referral incentive.  Pays monthly. 	287669
http://www.xpays.com/	XPays	Pays monthly.  Promotes several niche sites that vary periodically, herbal supplements, virtual storefronts, an AVS and phone sex.  Offers an award system. 	287666
https://www.aebn.com/	AEBN	Offers full-length streaming videos in a pay-per-view format. Categories include straight, gay and fetish movies. Provides free content, customized galleries and pays monthly. 	287666
http://www.vividcash.com/	Vivid Cash	Promotes individual pornstars and fetish sites, live chat and product enhancements. Provides free content and pays bi-weekly. 	287666
http://www.pornhome.com/	Porn Home	Offering 20 megabytes space, unlimited bandwidth, search engine submission and resources. 	287672
http://www.webcs.com/webcsdocs/adult/accounts.html	WEBster Computing Services	Offers virtual hosting. 	287672
http://www.xxxhostit.com/	XXX Hostit	Offers virtual, dedicated and co-located services. Company and service information and contact details. 	287672
http://www.web750.com/	Web750.com	Offers fully variety of shared, pay site and dedicated hosting solutions for adult web sites. 	287672
http://www.squarefree.com/pornzilla/	Pornzilla	A collection of bookmarklets and extensions aimed at facilitating surfing porn sites. 	287679
http://www.pokergirls.com/	Poker Girls	Strip poker software featuring models in high-quality video as the player's opponent. 	288494
http://www.vsp-poker.com/	VSP-Poker	PC game. Players can mark the deck, get opponents drunk or hypnotize them. Other features include smart AI, zoom with pan and stop-motion animation. 	288502
http://girls.c64.org/	Girls of '64	8-bit nudity. Games, images, slideshow, duds, animations, and demo pictures, all with commentary. 	288502
http://www.virtualfem.com/	VirtualFem	A natural language understanding virtual girlfriend. Virtual sex, virtual striptease game for Windows. 	288502
http://www.8thdeadlysim.com/	8th Deadly Sim	Object and skin downloads, some with sexual or violent themes. [Membership] 	288503
http://truesims.uberdream.com/	True Sims	Original, realistic female nude skins for all skin colors, including anti-censor patch. 	288503
http://www.2adultflashgames.com/	2 Adult Flash Games	A selection of adult flash games, including hentai. 	288506
http://erotic4real.dk/	Erotic 4 Real	Sells a sophisticated, erotic game for adult couples based on questions about morality, emotions or lust. 	288492
http://www.everwonder.com/david/worldofdeath/	World of Death	A collection of violent accident, murder, and suicide scene photographs and corpses. 	288509
http://www.thanatos.net/	Thanatos.net	An extensive death mask and nineteenth century post mortem photography collection. Forum, links, and a store featuring preserved specimens. 	288509
http://choosedeath.free.fr/	Choose Death	Forensic photographs of dead people.  Categorized by color, and to some extent location. 	288509
http://www.escortplus-web-design-promotion.co.uk/	Escort Web Design	Offers internet services to working ladies, including hosting and site promotion. Details of services, samples and means of contact. 	287652
http://eadultgames.com/	EAdultGames.com	Shockwave games such as strip poker, strip blackjack, slider, jigsaw puzzles. [Membership] 	288506
http://www.69design.co.uk/	69Design	Specialising in web design, hosting, marketing and promotion and content management for escort agencies. Located in the United Kingdom. 	287652
http://stats.dogfart.com/	DogFart.com	Promotes interracial sites. Offers sign-up payouts, recurring and webmaster referrals. 	287666
http://www.sucksex.com/	Sucksex	Pictures and stories of women in different categories. 	286312
http://www.sexyrotic.com/	Sexyrotic.com	Based in Europe provides softcore images of single models.  Specializes in outdoor scenes and offers custom work. 	287662
http://www.adultmalecontent.com/	Adult Male Content	Photos and videos, custom content work. [Password required to view content.] 	287662
http://beheadedart.com/	Beheaded Art	Photos of public beheadings, mostly from China and Japan. 	288509
http://www.funnyadultgamesplay.com/	AChat	3D online multiplayer game. Provides screenshots taken by members of their avatar having sex and a forum. 	288502
https://www.girlvanic.com/	Girlvanic Studios	Offering 3D sex simulation with demos. Products include Girlvania and Activedolls. With product information and screenshots 	288502
http://www.uplay-istrip.com/	Uplay-Istrip.com	Offers downloadable games including poker, belote, chess and sudoku. Also on DVD. Includes previews and FAQs. 	288493
https://strippokersupreme.com/	Video Strip Poker Supreme	Standard and high definition play. Provides demos and a page with pictures of the female opponents. 	288494
http://thugbattle.com/	Thug Battle	Web based street battle game. Rated mature. 	288506
http://www.puppetnightmares.com/	Puppet Nightmares	A free to play, high quality online RPG with anime graphics and a mature story. This game is not intended for children under 18 years of age. 	288506
http://forums.gaywidewebmasters.com/	Gay Wide Webmasters	Message boards with discussions about marketing, content production and the shemale industry. Includes tutorials and news. 	287660
https://adultbizlaw.com/	AdultBizLaw	Provides the profile of Californian lawyer Michael Fattorosi, who specializes in defending clients in the porn industry. Includes videos and links to press coverage of his cases. 	287657
http://www.adultstoresales.com/	Adult Store Sales	Order fulfillment firm that provides customizable storefront templates. Items include sex toys, videos and clothing. 	287669
http://www.myfreesexstore.com/	MyFreeSexStore.com	Offers white label stores. Provides FAQs and features information. 	287669
http://www.purpledollars.com/	Purple Dollars	Promotes an erotica site designed specifically for female surfers, provides hosted galleries and pays weekly. 	287666
http://nats.rawfuckingcash.com/	RawFuckingCash	Provides programs for their vintage and hardcore video sites. 	287666
http://www.azianigold.com/	Aziani Gold	Provides information about their revenue sharing and pay-per-signup for their hardcore, glory hole, pornstar and bodybuilder niche sites. 	287664
http://www.longbucks.com/	Long Bucks	Information about their revenue sharing and pay-per-signup hardcore teen and intergenerational sites. 	287666
http://www.webwidecash.com/	Web Wide Cash	Offers revenue sharing for their gay male sites. Niches covered include medical, daddies, bears, BDSM and muscle. 	287666
http://www.justgotcash.com/	Just Got Cash	Offers revenue sharing on their creampie, hardcore and amateur sites. 	287666
http://www.hdkbuxxx.com/	HDK Buxxx	Provides information and promotional materials for their hardcore gay variety site. 	287666
http://www.xlovecash.com/	XLoveCash	Offers recurring revenue for promotion of their gay and straight webcam sites. Also offers white label (turnkey) sites. Provides demos and FAQs. 	287666
http://www.awempire.com/	Adult Webmaster Empire (AWE)	Offers information on their revenue share, pay-per-signup and white label programs. Niches include gay, straight and transsexual webcam websites. 	287664
http://www.neilacash.com/	NEILA Cash	Offers recurring revenue sharing for their niche sites which includes teens in space, Swiss hardcore, straight bareback and 'sexy olympics'. 	287666
https://www.tsunami-cash.com/	Tsunami Cash	Provides information about their revenue sharing Japanese sites. Niches include bukkake, legs, oral and handjobs. 	287666
http://serious-cash.com/	Serious Cash	Offers revenue sharing on their amateur, MILF, teen hardcore, anal and 3D sites. 	287666
http://www.sponsorchat.com/	Sponsor Chat	Message board with general discussions about the industry and life. 	287660
http://femdom-tube.com/	Femdom Tube	Providing a selection of free movie clips including pegging, face sitting, sadism and spitting. 	285976
https://bdsmstreak.com/	Bdsmstreak.com	Provides full length movies in both standard and high definition featuring mostly men dominating women, with anal fisting, face fucking and bondage included. 	286010
https://www.thaisex.cc/	Thai Sex	Features videoes with men, women and ladyboys from Thailand in hardcore scenes. Categories include gay males and females, pre-op transsexuals and ladies giving oral. 	286400
http://homemadeuncensored.com/	HomeMadeUncensored	Provides user submitted photographs and movies. Categories include facials, lesbian and BBW. [Membership] 	287255
https://mmm100.com/	MMM100	Provides original European movies in categories such as deepthroat, squirting, orgies and brutal. Also provides access to a network of sites featuring pornstars and outdoor sex. [Membership] 	286571
http://jpornaccess.com/	JPornAccess.com	Provides high definition movies of Japanese women on various themes including bukkake, lesbian and group sex. [Requires Flash] [Membership] 	286440
http://dirtydatinglive.com/	Dirty Dating Live	Amateur-shot movies filmed on location at United States swingers events. Covers parties, couples and home videos. With photo-sets. [Requires Flash] [Membership] 	287255
http://www.blackpornhq.com/	BlackPornHQ	Movies featuring black women. Includes interracial, big boobs and toy play. 	286463
http://www.eadultcash.com/	EAdultCash	Offers promotional tools for their games and comic sites. 	287666
https://www.kinkydollars.com/	Kinky Dollars	Offers hardcore fetish sites including water bondage and electro-torture. Provides free content and a referral incentive. 	287666
http://www.xnations.com/index.php	X Nations	Provides a center for general conversation and features a link trade section. 	287660
https://www.host4porn.com/	Host4Porn	Offers shared and dedicated servers, and domain name purchasing. Provides information about their packages. 	287672
https://www.redbridges.net/	RedBridges	Selling eastern European amateur content. 	287662
https://www.celebritymoviearchive.com/tour/name.php/233	Catherine Zeta-Jones	Screen captures from various film and television appearances. 	287383
http://www.prisonerofporn.com/	Prisoner of Porn	Offers adult social media marketing, erotic content and translations for sites. 	287652
http://www.wildmistress.com/free/slaveinpain/	Slave in Pain	Pictures of a red-haired mistress doggy-training two male submissives and a blonde woman torturing her malesub. 	285976
https://www.thepisstube.com/	The Piss Tube	Streaming pee related movies in a diverse number of categories. 	285902
https://www.spicecash.com/	SpiceCash	Offers a variety of kink, fetish and BDSM sites to promote. Includes information about their sites, a join form and testimonials. 	287666
http://www.trainwreckcontent.com/	Train Wreck Content	Offers photographs and videos across a variety of categories. 	287662
https://www.adultwebhost1.com/	Adult Web Host 1	Provides information about their hosting plans and a blog. 	287672
https://adultseopartners.com/	Adult SEO Partners	Provides search engine optimization including brand protection. With information about the services offered. 	287654
http://www.porndorado.com/free/nude/index.htm	In the Park	Blond women strips nude outdoors. 	287248
http://www.porndorado.com/q/drunk/index.htm	Drunk Flashing Girls	Women baring their breasts in public. 	287248
http://www.porndorado.com/free/out/index.htm	Outdoor Nudity	Women drops her panties in the park. 	287248
http://www.porndorado.com/u/flash/index.htm	Nude in Public	Woman flashes outdoors. 	287248
http://www.porndorado.com/u/flasher/index.htm	Outside Flasher	Pictures of a woman naked or exposing herself in a park. 	287248
http://www.porndorado.com/free/fat/index.htm	Fatties Toys	Pictures of an obese brunette using a dildo. 	286656
http://www.porndorado.com/s/fat/	Hardcore Fatty	Images of a chubby lady sucking cock and being fucked. 	286698
http://asiansexiestgirls.com/	Asian Sexiest Girls	Photographs of a variety of models in softcore and glamour poses presented in a blog-style format. 	286372
http://www.tokyoporn.com/	TokyoPorn.com	Movie site featuring hardcore taster clips from a number of paysites. 	286439
https://www.asianzilla.com/	Asian Zilla	Blog-style format featuring mostly softcore photographs of women from various parts of Asia. 	286372
http://www.allasiantgp.com/	All Asian TGP	Tube featuring mostly Asian women in a variety of sex scenes. 	286331
http://www.junkypussy.com/freesites/asian-sex/8/index.htm	Mr. Chew’s Asian Beaver	A couple of galleries of a woman in a softcore lingerie shoot and a hardcore scene. 	286331
https://russiasexygirls.com/	RussianSexyGirls	Blog supplying photographs of mostly younger women. Sets include softcore and glamour scenes. 	286545
http://www.porndorado.com/q/racial/index.htm	Racial Hardcore	Black woman banged by a white cock. 	286276
http://www.porndorado.com/q/interracial/index.htm	Hardcore Interracial	Features pictures of a black woman fucking a white man. 	286276
http://www.porndorado.com/s/racial/index.htm	Naughty Interracial	Pictures of a black woman getting fucked by a white guy. 	286276
http://www.2busty.net/	Two Busty	Blog providing a collection of softcore photographs from popular titty paysites. 	285770
http://www.swankdollars.com/	Swank Dollars	Offers pay-per-signup and revenue share for its paysites. Genres include BBW and teens. 	287666
http://anylons.com/	Anylons	Offers revenue share via ccbill for its niche paysites which include pantyhose, feet and femdom. 	287666
http://nylonscash.com/	Nylons Cash	Specializing in retro and glamour lingerie paysites, offering revenue share through ccbill. 	287666
http://www.zzhardcash.com/	ZZ Hard Cash	Offers commission paid for referrals to their portfolio of sites. Niches include large breasts and Asian or Latina women. Ccbill controlled payouts. 	287666
https://www.gammastats.com/	Gamma Entertainment	Provides a number of straight, gay and niche sites to promote with various payment structures including revenue share, pay per sale, CPA and CPM. 	287664
https://usenetsafe.com/	UsenetSafe	Provides access to news groups, most offering porn in the form of videos and pictures. Downloads restricted to paid membership. 	287675
https://www.istripper.com/	iStripper	Offers a downloadable program featuring little ladies who strip. The non-nude ‘show’ is free, but the full monty costs money. 	287680
http://www.bisexual-porn.net/	Bisexual Porn	Two guys and one girl engaged in a variety of hardcore sex acts. 	285006
http://www.daddyswap.com/	DaddySwap	Free image trading for mature men and their admirers. Includes user submitted galleries and profiles from all over the world. 	285013
http://www.gayporn.cakeboy.com/index.html	Gay Porn	Porn photos of nude men and hardcore sex. 	285019
http://www.menthunder.com/freebies/gay_sex_pictures/	Gay Sex Pictures	Men on land and in boats taking part in sex and posing. 	285019
http://www7.kinghost.com/gay/gaysex1/sex/index.html	Gay Men Term	Photos of men outdoors next to a lake, taking part in groupsex. 	285019
http://www.xtrasex.com/a/gay/index.htm	Hardcore Gays	A guy with a shaved head enjoys getting head and fucking another male. 	285019
http://www.xtrasex.com/a/twink/index.htm	Hardcore Gays	Photos of a blonde and a Latino having sex outdoors. 	285019
http://www7.kinghost.com/gay/gaysex1/novice2/	Boy Sex Novice	Galleries of men posing, and other guys fucking while in bed. 	285019
http://www.bulkmale.com/	Bulk Male	Online version of the popular magazine for gay chubby men, chasers, and bears. Original photos, articles, personals, webcam chat, and community info. 	285091
http://www.chubnet.com/	Chubnet	Galleries, message boards, and chat. Certain parts of site require membership. 	285091
http://www.superchubs.com/	Superchubs.com	For large men and their admirers. Profiles, photos and videos uploaded by members. 	285091
http://www.pornhome.com/gay/leatherngt/	Hot Guys	Pictures of men of different ages and body shapes posing nude. 	285104
http://www.badpuppy.com/	Badpuppy	Photo galleries, movie reviews, screen savers, on-line magazines, streaming video, newsgroups, and shopping. [Membership] 	285105
http://www.kristenbjorn.com/	Kristen Bjorn	Behind the scenes photos, movie stills, and other exclusive items directly from Kristen Bjorn. [Membership] 	285060
http://www.nakedsword.com/	Naked Sword	Hardcore movies, stills, discussion forums and chat. [Membership] 	285105
http://dystran.free.fr/	Dystran	Lycra, sneakers, socks, gags, hoods, and dildos in solo action on this Frenchman's page. In French and English. 	285119
http://www.allkink.com/	AllKink's Jockstrap Locker Room	A historical archive of the athletic supporter, as well as jock-related memorabilia. 	285121
http://www10.kinghost.com/gay/newboy2/51/index.html	About Underwear Collection	Solo images including briefs, jock straps, swimwear, and shorts. 	285121
http://www.barbeint.net/	Barbeint	Many galleries of barefoot males. 	285151
http://www.angelfire.com/ego/footfantasy/	Male Foot Fantasy	Photo illustrated story site. 	285151
http://www.jayspix.com/	Jay Grafmiller Pictures	The Grafmiller Collection of male barefoot, tickling photos, and celebrities. 	285151
http://www.myfriendsfeet.com/	My Friends Feet	Barefoot, tickling and sock pictures, stories, and foot personal ads for men. 	285152
http://www.gayontherange.com/	Gay On The Range	An archive of gay paperback artwork from the 50's and 60's. 	285159
http://www.wrestlemen.com/	Wrestle Men	A site for wrestling fans including erotic images, stories, links, and live chat. [Membership] 	285171
http://leather-slave.com/	Leather-Slave	Personal page includes self gallery and a variety of BDSM and fetish sections. 	285187
http://www.boyfetish.com/	Boyfetish	Young gay teen bondage and extreme fetishes. 	285188
http://www.oral-cumshot.com/gay/indexd.html	Gay Zone	Assorted pics of guys with masculine and toned bodies. 	285198
http://www.gayerection.com/big-cocks/index.html	Big Cocks	Assorted galleries of showing cocks. 	285198
http://www5.kinghost.com/gay/gaysex/nude-ass-butt/	Asses and Butts	Selection of pictures of asses and puckers. 	285239
http://www.dutchbear.com/	Dutchbear's Galleries Amsterdam	Images of hairy men as well as chat boards. 	285244
http://www.latinboyz.com/	LatinBoyz.Com	Thousands of photos plus videos, chat, personal ads, erotic stories and clubs/cruising locations. [Membership] 	285254
http://www.bilatinmen.com/	BiLatinMen.com	Features bisexual videos, photos, erotic stories, and personals. [Membership] 	285254
http://www.filipinostuds.com/	Filipino Studs	Photo and video galleries of nude men.  [Membership] 	285271
http://www.avslinx.com/gay/ebony/a.htm	Ebony Gay Sex	Photos of a two men having sex. 	285278
http://www.avslinx.com/gay/black/a.htm	Black Gay Workout	Men working out in action photos. 	285278
http://www.sex-marks.com/a/gay/a.htm	Hard Black Hunks	Photos of various men engaged in hardcore sex shots. 	285278
http://pornfolders.com/bigcooksn01/search.htm	Black Bigcooks	Black men with large dicks showing them off and sucking other men. 	285278
http://www.chocolatedrop.com/	Chocolate Drop	Erotic images of men, video clips, video tape sales and live chat. [Membership] 	285279
http://nicebod.net/	Nicebod.net	A muscular, hairy-chested man wearing g-Strings, biker shorts underwear and posing nude. 	285303
http://www.19nitten.com/free/	Nineteenitten's Teen Models	Many galleries of young men posing in softcore photos. 	285321
http://www7.kinghost.com/gay/gaysex1/gaymen/	Gay Men Term	Hardcore photos of black and white guys. 	285321
http://www.boyfun.com/	Boy Fun	Camera shots of young nude men, specialising in models between 18 and 21 years old. [Membership] 	285348
http://www.teenboymodels.com/	Teen Boy Models	Nude lifeguards and surfers from Australia with original images. [Membership] 	285348
http://www.boyzparty.com/	BoyzParty.com	Photos and streaming video of all races of young men. [Membership] 	285348
http://www.eastboys.com/en/index.php/	East European Boys	Young men featured in exclusive photos and videos. [Membership] 	285348
http://www.pornzite.com/cucumber_bitch/	Cucumber Bitch	Photographs of a young auburn-haired woman with pale skin masturbating and inserting a vegetable. 	285468
http://www.pornzite.com/fruit_cocktail/	Fruit Cocktail	Close up pictures of a lady with a fuzzy muff inserting a bottle of juice into her pussy. 	285468
http://www.pornzite.com/vegetable_lover/	Vegetable Lover	Pictures of two mature amateurs inserting an aubergine and a chilli pepper. 	285468
http://www.footfetish-footfetish.com/g/massive/a.htm	Massive Beauty	Pictures of a blonde in black stockings masturbating with a bowl of oranges. 	285468
http://www.pornzite.com/veggie_girl/	Veggie Girl	Photographs of a brunette using marrows and artichokes on her pussy. 	285468
http://www.pornzite.com/veggie_fucker/	Veggie Fucker	Pictures of a brunette masturbating with a carrot and a cucumber. 	285468
http://www.pornzite.com/carrot_fucker/	Carrot Fucker	Pictures of a mature bespectacled blonde posing as a housewife and using a cucumber to pleasure herself with. 	285468
http://www.pornzite.com/banana_bounty/	Banana Bounty	Pictures of a latino woman with a shaved and pierced pussy using fruit to pleasure herself. 	285468
http://www.pornzite.com/carrot_bang/	Carrot Bang	Pictures of a blonde woman stuffing veggies into her hairy pussy. 	285468
http://www.pornzite.com/cucumber_girl/	Cucumber Girl	Pale-skinned woman in pigtails smears milk on her body and uses a vegetable on her pussy. 	285468
http://www.pornzite.com/fucking_cucumber/	Fucking Cucumber	Pictures of a latino girl on a bed using a vegetable on her pussy. 	285468
http://www.pornzite.com/i_love_carrots/	I Love Carrots	Photographs of a latino girl on a bed having sex with a vegetable in different positions. 	285468
http://www.pornzite.com/orange_lover/	Orange Lover	Pictures of a blonde teen in black lingerie playing with and eating fruit. 	285468
http://www.avslinx.com/a/pregnant/index.htm	Expecting Slut	Pictures of a woman stripping to show her belly and tits. 	285472
http://www.teenpornstars.net/cr/pregnant/a.htm	Expecting Hotties	Pictures of assorted naked babes in various poses. 	285472
http://www.pornextasy.com/e/pregnant/index.htm	Horny and Pregnant	Knocked up woman with seethru blue nightie, white stockings and heels shows her pussy. 	285472
http://www.xtrasex.com/o/pregnant/index.htm	Black Pregnant Babe	Knocked up ebony woman with white lingerie stockings and heels. 	285472
http://www.pregnantwench.com/	Pregnant Wench	Pictures of various women in bondage, sex and milking. 	285472
http://www.pregnantfotos.com/	Pregnant Pics	Pictures of a blonde and a brunette naked. 	285472
http://www.pregnantcoeds.com/	PregnantCoeds	Photos and videos of 18-25 year old expecting and lactating women. [Membership] 	285499
http://bizarresex.bondagefotos.com/	Bizarre Sex	Mixed pictures on themes such as spanking and foot licking. 	285507
http://www.extreme.pussyfistings.com/	Extreme Sex	Pictures of a solo girl, a pissing woman and bondage group sex. 	285507
http://www.europornstar.com/gyno-fetish/	Gyno Fetish Pictures	BDSM and medical sex photographs. 	285507
http://www.kinkysexfetish.com/index.html	Kinkysex	Pictures of bondage, foot fetish and toy play. 	285507
http://www.freexcafe.com/perfectflex/	Perfect Flex	Images of latex-clad women in a variety of contorted poses. 	285507
http://www.balloonfetish.com/	Balloon Fetish	Photos, video clips and live shows featuring girls inflating, squeezing, popping and having sex. [Membership] 	285510
http://emmasballoons.com/	Emma's Balloons	An amateur site that features women with balloons in photos, and videos. They offer both popping, and non-popping sets. [Membership] 	285510
http://www.mellyloon.com/	Mellyloon	Photos and movies of  various women inflating, playing and popping loons. [Membership] 	285510
http://www.looneynudes.com/	Looneynudes	Balloon inflation, and popping. Featuring pictures and videos with lovely ladies. [Membership] 	285510
http://www.balloonbuddies.com/	Balloon Buddies	Private discussion forums and email list featuring chat, stories, and pics. [Membership] 	285510
http://www.unclechigo.com/legs/	World Of Legs	Photos of a collection of ladies wearing mostly traditonal black seamed nylons. 	285517
http://www.lingerieobsession.com/	Lingerie Obsession	Lovely ladies in lingerie and silk stockings. 	285517
http://www.eliseerotic.com/	Elise's Erotic Web	Pictures of a woman wearing hosiery, short skirts and high heels. [Membership] 	285572
http://www.epantyhoseland.com/	Pantyhose Look of the World	Women showing off their assets in various styles of hosiery. Preview includes free pictures, information on the models and photo of the week. [Membership] 	285572
http://www.pantyhose1.com/	PantyhoseOne.com	Photographs and movies of lesbians in hosiery, in a variey of situations. [Membership] 	285572
http://www.unclechigo.com/sexy-legs/	Sexy Legs Pictures	Assorted photos of women in nylons and stockings. 	285579
http://www.between-legs.com/ll/girls-in-stockings/index.html	Girls In Stockings	Three galleries of sexy girls posing in stockings. 	285579
http://www.ffstockings.com/	Julia the Naughty Schoolteacher	Galleries of women in stocking and panties. [Membership] 	285580
http://www.soniadane.com/	Sonia Dane.com	Image galleries of her and her friends in panties, stockings, garters and heels. Also, stories and videos. [Membership] 	285585
http://www.teen-panties.teen-hardcore-sex-pics.com/index.html	Teen Panties	Pictorials of teen babes in sexy panties. 	285595
http://wetpanties.kinkyfotos.com/index.html	Wet Panties	Galleries of erotic babes in hot panties and pissing pics. 	285595
http://panty-fetish.latex-fetish-pics.com/	Panty Fetish	Brunette, blonde and Asian girls pose in undies and lingerie. 	285595
http://www.messygirl.com/	Messygirl	Woman covered in mud, pies and paint. [Membership] 	285602
http://www.crosex.com/avs/ext/csn/a.htm	Cock Seeking Nurses	Photo set featuring a girl posing and undressing on a bed. 	285605
http://www.pornzite.com/dmoz/nurses/busty_nurse/	Busty Nurse	Woman in uniform portraying infront of some gynecology equipment. 	285605
http://www.pornzite.com/dmoz/nurses/fucking_nurse/	Fucking Nurse	Female taking care of a male patient. 	285605
http://www.pornzite.com/dmoz/nurses/hot_nurse/	Hot Nurse	Male patient taking advantage of an uniformed lady. 	285605
http://www.pornzite.com/dmoz/nurses/kinky_nurse/	Kinky Nurse	Pictures of a   girl stripping totally out of her uniform. 	285605
http://www.pornzite.com/dmoz/nurses/lesbian_nurse/	Lesbian Nurse	Two dyke nurses with interests in latex playing together. 	285605
http://www.pornzite.com/dmoz/nurses/naked_nurse/	Naked Nurse	Ebony girl masturbating and posing in a uniform. 	285605
http://www.pornzite.com/dmoz/nurses/nasty_nurse/	Nasty Nurse	Woman in latex clothing makes a housecall to a patient. 	285605
http://www.pornzite.com/dmoz/nurses/naughty_nurse/	Naughty Nurse	Picture set featuring a woman stripping in a doctor office setting. 	285605
http://www.pornzite.com/dmoz/nurses/nude_nurse/	Nude Nurse	Young looking girl showing herself and her stethoscope. 	285605
http://www.pornzite.com/dmoz/nurses/nurse/	Nurse	Photos of a woman dressed in uniform posing on a bed. 	285605
http://www.pornzite.com/dmoz/nurses/nurse_fetish/	Nurse Fetish	Woman in uniform with red stockings masturbating and stripping. 	285605
http://www.pornzite.com/dmoz/nurses/nurse_fuck/	Nurse Fuck	Two ladies and a doctor performing oral surgery on eachother. 	285605
http://www.pornzite.com/dmoz/nurses/nurse_photo/	Nurse Photo	Girl stripping and masturbating in a doctors office. 	285605
http://www.pornzite.com/dmoz/nurses/nurse_pic/	Nurse Pic	Redheaded nurse makes sure her female patient is healthy. 	285605
http://www.pornzite.com/dmoz/nurses/nurse_picture/	Nurse Picture	Female in uniform showing us her twat. 	285605
http://www.pornzite.com/dmoz/nurses/nurse_sex/	Nurse Sex	Two ladies in and out of uniform giving eachother pleasure. 	285605
http://www.pornzite.com/dmoz/nurses/porn_nurse/	Porn Nurse	Photo set featuring a girl posing and undressing. 	285605
http://www.pornzite.com/dmoz/nurses/sexy_nurse/	Sexy Nurse	Pictures of a girl posing with a stethoscope. 	285605
http://www.pornzite.com/dmoz/nurses/wet_nurse/	Wet Nurse	A dyke uniformed girl in oral action with a patient. 	285605
http://www.pornzite.com/dmoz/nurses/horny_nurse/	Horny Nurse	Photo set featuring woman in uniform undressing and toying. 	285605
http://www.footfetish-footfetish.com/cr/gangbang/a.htm	Military Gang Bang	Shots of two army men fucking a blonde. 	285610
http://www.crosex.com/avs/n3/itschri/a.htm	It's Christmas	Photos of a girl stripping from a Santa Claus outfit. 	285612
http://www.a24-7pornsite.com/blonde-cheerleaders-rule/	Blonde Cheerleaders Rule	Pictures of a college girl stripping off her uniform. 	285616
http://www.teenpornstars.net/cr/cheerleader/index.htm	Cheerleader Dressing Room	Photos of a girl flashing her pussy in different locations. 	285616
http://www.pornextasy.com/p/cheer/index.htm	Cheerleader Pussy	A blonde strips and poses in the dressing room. 	285616
http://www.xtrasex.com/a/cheerleader/index.htm	Cheerleader Sex	Hardcore photos of a blonde cheergirl. 	285616
http://www.a24-7pornsite.com/cheerleader_chicks/	Cheerleader Chicks	Pictures of coeds stripping out of their uniforms. 	285616
http://www.a24-7pornsite.com/angie-small-tittied-cheergirl/	Small Titted Cheerleader	Pictures of a brunette stripping out of her uniform. 	285616
http://www.a24-7pornsite.com/drunk-cheerleader-partying/	Drunken Cheerleader Partying	Photos of a girl in uniform flashing and having fun. 	285616
http://www.ls-university.com/	Lightspeed University Cheerleaders	Nude cheerleaders, coeds in panties, and hidden locker room and dressing room voyeurism.  [Membership] 	285643
http://www.cheergirls.com/	CheerGirls	Thousands of cheerleader photos, videos and feeds.[Membership] 	285643
http://www.rookiepussy.com/tarasfeet/	Tara's Feet	Photos of girl who strips and sucks her own toes. 	285701
http://www.leg-fetish.fetish-sex-photos.com/	Leg Fetish	Galleries of two women showing off their bare and stocking feet and legs and a man worshiping a black woman's feet and legs. 	285701
http://www.fmconceptsinc.com/	FM Concepts	Extensive original photo galleries featuring barefeet, tickling, stocking feet, footjobs, and footworship. Also offers mail order foot videos, downloadable videos and stories. [Membership] 	285728
http://www.nice-butts.buttfuckingpics.com/	Nice Butts	Women showing their firm asses, includes some anal sex pictures. 	285737
http://www.amazing-asses.com/	Amazing Asses	Sexy teens show off their firm globes. 	285737
http://anal-sex.xxxanalpictures.com/index.html	Anal Sex	Softcore ass pics and anal fucking pictures. 	285737
http://www.buttcrazy.com/index.html	Bare Nice Butt	Pictures of blonde and ebony butts. 	285737
http://www.pornforwomen.info/index1.htm	My Favourite Porn for Women Photos	Softcore pictures of couples and solo men. 	286924
http://www.smutforwomen.com/	Smut for Women	Softcore galleries of men and couples. Jokes. 	286924
http://www.womenspornography.com/	Women's Pornography	Naked uncut man and a couple in softcore poses. 	286924
http://www.free-porn-for-women.com/	Free Porn for Women	Various men posing semi-nude and nude, and an article on male nudity. 	286926
http://www.forthegirls.com/nude-men/	Nude Men	Various guys posing naked. 	286926
http://www.sexsites4women.com/nudeblondguys/	Nude Blond Guys	Photos of fair haired men posing naked. 	286926
http://www.forthegirls.com/s04/s05/warning.html	Nude Black Guys	A black man naked in the spa, and another posing on a chair 	286926
http://www.forthegirls.com/erotica-for-women/	Erotica for Women	Photos of guys posing outdoors. 	286926
http://www.forthegirls.com/hot-sexy-men/	Hot Sexy Men	Pictures of various guys posing naked. 	286926
http://www.forthegirls.com/hot-men/	Hot Men	Photos of various guys posing nude and semi-nude. 	286926
http://www.forthegirls.com/s04/s01/warning.html	Hot Naked Guys	Photos of muscular guys taking a shower 	286926
http://www.forthegirls.com/s04/s03/warning.html	Hot Hunks	Ebony guy strips indoors and a white guy strips in a studio 	286926
http://www.sexsites4women.com/underpants/	Admiral Underpants	Pictures of men posing in and out of their shorts. 	286926
http://www.nakedblokes.com/	All Australian Naked Blokes	Pictures of various men posing outdoors. 	286926
http://naked-men-for-women.com/malenudes/	Artistic Male Nudes	A variety of men posing, and an article about nudity in art. 	286926
http://www.malecenterfolds.net/	Male Centerfolds	Softcore semi-nude photos of men posing. 	286926
http://www.forthegirls.com/men-in-underwear/	Men in Underwear	Galleries of various guys posing semi-nude. 	286926
http://www.forthegirls.com/big-dicks/	Men With Big Dicks	Photos of various guys posing in the nude. 	286926
http://hairyman.1nicebod.net/	Muscular Hairy Man	Guy poses in underwear, nude, masturbates and cums. 	286926
http://www.naked-men-for-women.com/bellybuttons/	Sexy Men With no Bellybuttons	Pics of semi-nude guys with their navels missing. 	286926
http://naked-men-for-women.com/rasta/	Sexy Rasta Man	Pictures of a dark skinned guy posing nude. 	286926
http://www.naked-men-for-women.com/sleeping/	Sexy Sleeping Men	Pictures of guys taking a nap. 	286926
http://www.forthegirls.com/shirtless-men/	Shirtless Men	A variety of guys posing semi-nude. 	286926
http://www.naked-straight-men.com/cowboys/index1.htm	Danglin' Cowboys	A variety of men posing in a western setting. 	286926
http://www.cake-party.com/laundry/	Do My Laundry, Lover	Galleries of men stripping and doing the washing. 	286926
http://www.loverboysusa.com/	Loverboys USA	Photos and movies of a male stripper troupe, including female audience participation.[Membership] 	286956
http://www.forthegirls.com/	For The Girls	Photos and movies of men and couples, erotic fiction, features and articles. [Membership] 	286956
http://www.erotic-foreplay.com/	Erotic Foreplay	Pictures of lovers kissing and touching each other. 	286959
http://www.womenserotica.info/holdme/	Hold Me, Kiss Me, Lick Me	Lovers engaged in foreplay and cunnilingus. 	286959
http://www.lovingfantasy.com/	Loving Fantasy	Lovers engaged in foreplay, and an article about female fantasies. 	286959
http://www.meandmyhusband.com/	Me and My Husband Make Love	Photo series of amateurs having sex in the living room. 	286959
http://www.oralsexforwomen.com/	Oral Sex for Women	A variety of lovers in these cunnilingus photos. 	286959
http://www.romanticamateurs.com/	Romantic Amateurs	Two pages of lovers in softcore poses. 	286959
http://www.romantic-couples.com/warning.htm	Romantic Couples	Pictures of lovers kissing and touching, and an erotic story. 	286959
http://www.forthegirls.com/s04/s04/warning.html	Sexy Seduction	One gallery of lovers in the shower and another of lovers in the bedroom. 	286959
http://www.cakeandcunnilingus.com/lickmycunt/	Lick My Cunt	Men performing oral sex on their partners. 	286959
http://www.edengay.com/	EdenGay.com	Provides long and short movie excerpts with the corresponding photographs. Categories are varied and include Asian, hardcore and twink. 	285104
https://www.gayboystube.com/	GayBoys Tube	Provides free hardcore movie excerpts of twinks having sex or masturbating. Also has blogs with news affecting the LGBTQ community. 	285321
https://wantboy.com/	Want Boy	Provides downloadable twink movies with sex, oral and masturbation. 	285321
https://www.rockettube.com/	RocketTube	Categories include euro-guys, black men and glory holes. 	285019
https://www.boysc.com/	Boys	Provides trailer-type clips from twink movies. 	285321
http://www.stocking-mania.com/	Stocking Mania	Porn tube with a focus on nylon-clad leg content from the major paysites. 	285579
http://naturalhairywomen.net/	NaturalHairyWomen.net	Softcore photographs of amateur models with unshaven bodies. 	285658
https://blackandbear.blogspot.com/	Black and Bear	Blog featuring photographs of men in mostly softcore poses. Emphasis is on chubby, hairy guys and black men. 	285244
https://boyreview.com/	Boy Review	Offers photographs of young guys from paysites with a picture rating facility. 	285321
https://boycollector.net/	Boy Collector	Offers pictures and videos from well-known paysites. 	285321
https://www.boyspornpics.com/	Gay Porn Pictures	Offering a large number of galleries of photographs in hardcore, fetish and softcore scenes. 	285104
https://www.gaypornbuddies.com/	Gay Porn Buddies	Thousands of free gay porn galleries, browsable by tag, pornstar and theme. 	285104
http://www.gaypornpics.xyz/	Gay Porn Pics	A collection of photographs from various studios 	285019
https://scallyguy.com/	Scally Guy	Collection of images, fetish themed. 	285019
https://menofporn.typepad.com/menofporn/	Men of Porn	A blog dedicated to gay porn models. 	285196
http://www.spankthis.com/	Spank This	A site for male spanking lovers. 	285188
http://www.capturedguys.com/	Capturedguys	Features original images and clips of bondage in mostly solo series. 	285188
http://www.selfsuckingbfs.com/	Self Sucking BFS	A collection of auto-fellatio pictures. 	285078
http://www.daddyornot.com/	Daddy Or Not	Free gallery of older gay daddy pictures, proposed for votes. 	285013
https://www.gayspycam.net/	Gay Spy Cam	Pictures collection of naked guys in showers, toilets and locker rooms. 	285019
https://menatplay.com/	Men At Play	Studio specializing in porn films with men in suits and ties. 	285127
http://www.posingstrap.tv/	Posingstraps	Vintage photographs from the 1940s, 50s and 60s. [Membership] 	285225
https://menofporn.typepad.com/	Men of Porn	A blog about the life of gay male porn stars. 	285104
https://www.men.com/	Men.com	Production house that produces original gay porn series with exclusive models. 	285060
http://www.falconstudios.com/	Falcon Studios	Falcon videos and related companies, including, Jocks, Mustang Studios, and Falcon International. Membership required to see explicit photos. 	285060
http://www.lucasentertainment.com/	Michel Lucas	Offers the purchase of films produced by the production company. 	285060
http://www.miamiboyz.com/	Miamiboys	Photos of various South American men showing off their nude bodies. [Membership] 	285254
http://www.gothicsluts.com/	GothicSluts.com	Photos of tattooed and pierced BDSM women, nude vamps, and erotic fiction. [Membership] 	284398
http://www.barelyevil.com/	Barely Evil	Original, artistic dark erotica. 	284398
http://suicidegirls.com/	Suicide Girls	Pin-up style images with journals, message boards, and an online shop. [Membership] 	284398
http://www.burningangel.com/	Burning Angel	Multimedia clips, forum, interviews, feature stories, music reviews, and images sorted by model. [Membership] 	284398
http://www.teenpornstars.net/g/dildo/a.htm	Carmen's Dildo	Young woman plays with a sex toy. 	284526
http://www.sex-marks.com/ty/tita/a.htm	Toys in Teen Asses	Pictures of huge toys in tight pussy. 	284526
http://www9.kinghost.com/hardcore/shave/perky/index5.html	Brunette with Shaved Pussy	A tall woman poses nude and uses a dildo. 	284526
http://www.sex.exoticheaven.com/index.html	Free Sex	Three galleries of girls in hardcore pictures. 	284562
http://fuckpics.asspix.net/index.html	Fuckpics	Babes in blowjobs and anal fuck pics. 	284562
http://www.xtrasex.com/free/fist/index.htm	Fist and Cock	A brunette gets fucked by a cock and a fist. 	284562
http://www.pornextasy.com/x/big/index.htm	Fucking Thick Cock	Series pics of a blonde giving head and fucking. 	284562
http://www.sex-marks.com/a/thick/index.htm	Fucking Thick Cock	Ron Jeremy fucks a brunette on a bed and in the bathtub. 	284562
http://pornfolders.com/gangabangn02/search.htm	Friends Have Sex With Friends	Series pictures of a blonde and two guys in a threesome. 	284562
http://www.footfetish-footfetish.com/x/cx/index.htm	Facial Cumshot Fun	A brunette has her pussy fingered and gets semen on her face. 	284784
http://www.sex-marks.com/a/bigbang/a.htm	Never to Big	A blonde gets fucked by a huge cock on a bed. 	284562
http://www.pornextasy.com/e/cock/index.htm	Extreme Long Cock	a brunette with curly hair takes a very long cock into her mouth and vagina. 	284562
http://www.hardcore-sex.teenfoto.com/index.html	Hardcore Sex	Three galleries of sex pictures. 	284562
http://hardcre.com/index.html	Hardcre	Three pictorials of hardcore sex pics. 	284562
http://hardcoresex.analhardcoresexpics.com/index.html	Hardcoresex	Four galleries of hardcore oral and anal sex pictures. 	284562
http://www.footfetish-footfetish.com/th/hardses/a.htm	Hardcore Session	Two galleries of a real fucking photo shoot in a studio. 	284562
http://hardcore-pics.asian-hardcore-porn.com/	Hardcore Pics	Pictorials of blowjobs and sex. 	284562
http://www.unclechigo.com/hardcore-porn/	Hardcore Porn Pictures	Blonde women enjoying large cock inserted into their pussies. 	284562
http://www.pantieupskirt.com/f/hardbig/index.htm	Hard Big Cock	A brunette is hungry for cock in her mouth and pussy. 	284562
http://www.pantieupskirt.com/f/harbig/index.htm	Hardcore Big Cock	A gal is being fucked by a male which has no testicles. 	284562
http://www.adultsex-pictures.com/index.html	Adult Sex Pictures	Pictorials of intercourse and full oral contact. 	284562
http://www.xtrasex.com/o/xc/index.htm	Thick Cock Bang	A blonde with big tits and tattoos is fucked in many positions. 	284562
http://www.teenpornstars.net/th/yf/a.htm	Young Fuckers	Two galleries of a young brunette cock lover in hardcore fucking in bed. 	284562
http://www.xtrasex.com/a/massive/a.htm	Massive Cock Sex	Brunette gets banged by a big dick. 	284562
http://www.sex-marks.com/cs/massive/a.htm	Massive Cock Fucking	Women sucks and fucks a big dick. 	284562
http://www.thexxxarchive.com/cr/mocofu/index.htm	Monster Cock Fuck	Close up images of a large dick entering a shaven pussy. 	284562
http://www.thexxxarchive.com/hc/big/index.htm	Monster Cock Action	A muscular man in suspenders and a blonde fucking indoors. 	284562
http://www.sex-marks.com/a/adick/index.htm	Monster Cock Sex	Women sucks and fucks her partner's dick. 	284562
http://www.thexxxarchive.com/adc/mass/index.htm	Massive Cock Sex	A guy with a large fat cock sticking it in a brunette's pussy. 	284562
http://www.avslinx.com/a/monster/index.htm	Monster Cock Bang	A guy and a blonde have sexual relations next to a pool. 	284562
http://www.xtrasex.com/o/shock/index.htm	Monster Cock Sex	A brunette is sucking and fucking a huge dick. 	284562
http://www.pantieupskirt.com/a/massive/index.htm	Massive Cock Hardcore	A guy with a huge dick fingers and fucks a brunette. 	284562
http://www.pornextasy.com/x/monster/index.htm	Monster Cock Fuck	A brunette and a guy have relations next to a transport vehicle. 	284562
http://www.teenpornstars.net/a/riding/a.htm	Riding a Big Cock	Hot brunette gets banged by a large cock. 	284562
http://www.thexxxarchive.com/g/xxxl/index.htm	Ramming Large Cock	Thick dick penetrating a brunettes pussy and mouth. 	284562
http://www.xtrasex.com/a/raw/a.htm	Raw Fucking	A blonde outdoors enjoying sexual relations with her man. 	284562
http://www.xtrasex.com/o/xdick/index.htm	Rons Super Cock	Huge breasted blonde fucks a guy on a chesterfield. 	284562
http://www.xtrasex.com/o/ramb/index.htm	Ramming Big Cock	Brunette is sucking and fucking a large penis. 	284562
http://www.thexxxarchive.com/cc/shock/index.htm	Raw Big Cock	A brunette with big tits and a clitring fucks a large dick. 	284562
http://www.blowjobs.blowjobpicts.com/	Blowjobs	Galleries of two different women sucking cock and an Asian girl fucking and sucking. 	284628
http://www.thexxxarchive.com/g/bigcock/index.htm	Big Cock Sex	Brunette takes it from behind at the office. 	284562
http://www.crosex.com/cr/bigc/index.htm	Banging Thick Cock	A blonde pleases her man out by the pool. 	284562
http://www.sex-marks.com/adc/bigcock/index.htm	Big Hammer	Two brunettes sucking large cock and being fucked. 	284562
http://www.thexxxarchive.com/a/tennis/index.htm	Big Cock Tight Pussy	A long-haired blonde has a long dick while on a tennis court. 	284562
http://www.sex-marks.com/a/slam/index.htm	Banging Big Cock	A long haired lady sucks a large dick and fucks next to a gas pump. 	284562
http://www.avslinx.com/a/adick/index.htm	Big Dick Slamming	A long-haired gal is being fucked while outdoors on a cot. 	284562
http://www.xtrasex.com/x/boob/index.htm	Big Tits Hardcore	A blonde with large breasts sucks and fucks Ron Jeremy. 	284562
http://www.a24-7pornsite.com/hardcore/beth/index.html	Beth's Hardcore Sex Pics	Three different sets of couples having sex. 	284562
http://www.a24-7pornsite.com/copulating_couples/	Copulating Couples	Three sets of couples engaged in different sex acts. 	284562
http://www.sxxy.com/hot/justshoot/insider.html	Just Shoot	Selection of pics from a porn photoshoot that gets out of hand. 	284562
http://www.sex-pics.badgals.com/index.html	Sex Pics	Four thumbnailed galleries of babes in explicit hardcore sex. 	284562
http://sexpics.anal-hardcore-sex-pics.com/index.html	Sexpics	Three galleries of hardcore sex pics, mainly anal sex. 	284562
http://www.avslinx.com/a/massive/index.htm	Screwing Thick Dick	Long haired brunette take a large cock in her mouth and pussy. 	284562
http://www.thexxxarchive.com/cr/shock/index.htm	Shocking Cock Hardcore	A guy with a long cock fucks a brunette on a couch. 	284562
http://www.pantieupskirt.com/f/slams/index.htm	Slamming Big Cock	Close up images of a gal in leather boots fucking a guy outdoors. 	284562
http://www.xtrasex.com/o/bigcock/index.htm	Large Dick Hardcore	A brunette teen sucks a big dick and then fucks on a bed. 	284562
http://www.sex-marks.com/a/hard/index.htm	Large Hard Cock	A gal sucks a large dick then is fucked anal style. 	284562
http://www.footfetish-footfetish.com/cr/lacoss/index.htm	Large Cock Sex	A guy with tattoos has a brunette riding his big dick. 	284562
http://www.avslinx.com/pics/deep/a.htm	Deep inside her	Big cock fucks a tight pussy. 	284562
http://www.pantieupskirt.com/f/spread/index.htm	Pussy Spreading Dick	A blonde long haired woman is fucking a buff male on a bed. 	284562
http://www.xxx-ratedsex.com/index.html	Xxx Sex	Hardcore pictorials of four different girls. 	284562
http://www.femflood.com/	Fem Flood	Pictures and videos featuring Lori Rivers. [Membership] 	284589
http://www.thexxxarchive.com/x/foursome/a.htm	Foursome Fucking	Images of two women and two men from theater series. 	284591
http://www.sex-marks.com/d/three/index.htm	Naughty Threesome	Two men cumming all over a brunettes tits and face. 	284591
http://www.avslinx.com/a/nici/index.htm	Nici Sterling Gang Bang	A pornstar fucks a couple cocks, and gets her pussy eaten. 	284591
http://gangbang.teenfoto.com/index.html	Gangbang	Pictorials of hardcore orgies including three people. 	284591
http://groupsex.bondagefotos.com/index.html	Group Sex	Mixed galleries with bondage and black gangbang. 	284591
http://groupsexpics.groupsexporn.com/index.html	Group Sex Pics	Four orgies of straight and lesbian intimacy. 	284591
http://gang-bang.black-group-sex.com/index.html	Gang Bang	Pictorials of orgy sex with interracial couples 	284591
http://group-sex.gangbang-pictures.com/index.html	Group Sex	Pictorials of threesome fun involving men and women. 	284591
http://www.xtrasex.com/a/groupsex/a.htm	Group Fucking	Images of three women and one man from caged series. 	284591
http://www.unclechigo.com/group-sex-2000/	Group Sex Two Thousand	Offers various images of interracial orgies. 	284591
http://www.thexxxarchive.com/x/hgt/index.htm	Huge Cock for Two	Two brunette women fuck a man in a bathroom. 	284591
http://www.thexxxarchive.com/cc/big/index.htm	Hard Big Cocks	Blonde girl takes part in a threeway with two guys. 	284591
http://www.footfetish-footfetish.com/cs/threesome/a.htm	Three Fuck	A sexy female with perky tits gets fucked by two men. 	284591
http://www.sex-marks.com/cs/threesome/a.htm	Threesome Action	Images of one woman and two men from a restroom series. 	284591
http://www.thexxxarchive.com/a/three/a.htm	Three Friends	Images of two women and one man from a bathroom series. 	284591
http://www.avslinx.com/free/groupsex/a.htm	Three Way Fucking	Images of one woman and two men from a single series. 	284591
http://www.xtrasex.com/a/group/index.htm	Threeway Sex	Two older women sharing a monster cock in these pictures. 	284591
http://www.thexxxarchive.com/g/thick/index.htm	Two Huge Cocks	Two men with big dicks fucking with a blonde stripper. 	284591
http://www.thexxxarchive.com/g/giant/index.htm	Two Giant Cocks	Beautiful woman with perky tits getting fucked by two men. 	284591
http://www.thexxxarchive.com/ax/thick/index.htm	Two Large Dicks	A nurse gets her pussy eaten and fucked by a guy as she sucks anothers cock. 	284591
http://www.thexxxarchive.com/a/freak/index.htm	Two Large Dicks	Blonde gal gets fucked doggy-style as she sucks another cock. 	284591
http://www.pornextasy.com/p/bigcock/index.htm	Two Thick Cocks	Blonde sucks a monster cock while she is being screwed. 	284591
http://www7.kinghost.com/hardcore/porn/hard55/index.htm	Threesome Teen Hardcore	A long haired blonde is in bed with a couple guys. 	284591
http://www.xtrasex.com/a/twbc/index.htm	Two Big Cocks	A brunette is being fucked by a couple men while in a bathroom. 	284591
http://www.xtrasex.com/x/yougrp/a.htm	Young Groupsex	Woman gets banged while her friend plays with her pussy. 	284591
http://www.sex-marks.com/x/orgy/index.htm	Outside Threesome	Two guys showing a gal a great time by fucking her and kissing her. 	284591
http://www.thexxxarchive.com/cc/mco/index.htm	Monster Cock Orgy	Ladies sucking big dicks and licking pussy while being fucked. 	284591
http://www.thexxxarchive.com/a/monster/index.htm	Monster Dicks	Two huge cocks penetrating a blonde ladies pussy. 	284591
http://www.thexxxarchive.com/x/raw/index.htm	Raw Threesome	Couple of gals kissing and touching each other while a guy satisfies them both. 	284591
http://www.sex-marks.com/sex/g/index.htm	Raw Groupsex	Couple of men showing a female a good time. 	284591
http://www.avslinx.com/a/orgy/index.htm	Raw Orgy	Ladies taking huge cocks into her mouth for enjoyment. 	284591
http://www.thexxxarchive.com/x/bigcock/a.htm	Big Cock for Two	Two women and one man from a bathroom series. 	284591
http://www.xtrasex.com/free/bangtwo/a.htm	Banged by Two	Images of one woman and two men from a single series. 	284591
http://www.thexxxarchive.com/g/bigdick/a.htm	Big Enough For Two	Images of one man and two women from a motorcycle series. 	284591
http://www.xtrasex.com/x/freak/index.htm	Big Cock Groupsex	Men and women in different positions fucking and sucking cock. 	284591
http://www.thexxxarchive.com/x/freak/index.htm	Big Dick Threesome	Two horny ladies who are having intercourse with a male on a bed. 	284591
http://www.thexxxarchive.com/g/big/index.htm	Big Cock for Two	Man with a large dick fucks a woman while she eats another womans snatch. 	284591
http://www.pantieupskirt.com/a/cocksex/a.htm	Big Cock Sex	a brunette helps a man fuck her blonde friend. 	284591
http://www.xtrasex.com/xct/big/index.htm	Big Dick Groupsex	Three babes with a monster cock in these kinky pictures. 	284591
http://www.thexxxarchive.com/cc/xcock/index.htm	Big Dick Action	Two gals share a large cock ontop of a motorcycle. 	284591
http://www.thexxxarchive.com/t/xcock/index.htm	Big Cock For Two	A guy with a large dick takes two pussies. 	284591
http://www.thexxxarchive.com/a/bgcc/index.htm	Big Cock Groupsex	Two women fuck a guy with a big cock on a toilet. 	284591
http://www.pantieupskirt.com/x/cumshots/index.htm	Cumsplashed Beauties	Two brunettes and a couple men fuck and cum on them. 	284591
http://www.sxxy.com/hot/hardcoreporn/index.html	Sxxy Hardcore Porn	Three galleries of threesome sex in a laundry mat. 	284591
http://www.thexxxarchive.com/x/shay/index.htm	Shay Threeway	Blonde women sucking dick and licking each others pussies. 	284591
http://www.thexxxarchive.com/a/super/a.htm	Super Cock for Two	One gal sucks a guys dick as the other licks his nuts. 	284591
http://pornfolders.com/gangabangn04/search.htm	Slut and Mans	Two men show a blonde lady a good time in this orgy series. 	284591
http://www.sex-marks.com/ax/three/index.htm	Slut Fucks Two	A brunette woman is licked and fucked then cummed on. 	284591
http://www.avslinx.com/pics/l/a.htm	Large Cocks	Images of one woman and two men from a medical series. 	284591
http://www.thexxxarchive.com/a/large/index.htm	Large Dick Groupsex	Two pussies banging a big dick of a biker guy. 	284591
http://www.xtrasex.com/a/orgy/a.htm	Double Fucking	Images of two men and one woman from a single series. 	284591
http://www.xtrasex.com/free/doublefuck/a.htm	Double Mouth Fucking	Images of one woman and two men from an oral series. 	284591
http://www.footfetish-footfetish.com/cr/g/index.htm	Double Blowjob	A blonde woman is sucking and licking two guys dicks. 	284628
http://www.thexxxarchive.com/a/xxxl/a.htm	Xxl  Cocks	A brunette starts out by sucking dick then gets fucked by two guys. 	284591
http://www.fellatio.teenshotz.com/	Fellatio Pics	Photos of various women giving great head. 	284628
http://www.oral-cumshot.com/face/	Face Fuckers	Sexy ladies performing sexual acts on their men with their tongues. 	284628
http://www.xtrasex.com/free/giant/a.htm	Giant Cock Sucking	Shots of a blonde giving head to her boyfriend. 	284628
http://www.unclechigo.com/blowjob-pictures/	Hot Blowjob Pictures	Two galleries of oral talented girls sucking hard cocks. 	284628
http://www.pantieupskirt.com/f/big/index.htm	Huge Cock Blowjob	Images of blonde in bed giving head to man with big dick. 	284628
http://www.thexxxarchive.com/cc/michelle/index.htm	Huge Cock Blowjob	Blonde model sucks her partner's large cock on the stairwell. 	284628
http://www.xtrasex.com/nd/cock/index.htm	Huge Cock Sex	A brunette sucks a guys dick and licks his balls. 	284628
http://www.oral-cumshot.com/acro/index.htm	Acrobatic Suckers	The fine art of giving head in various non-conforming positions. 	284666
http://www.oral-cumshot.com/teen-oral-sex/	Teen Oral Sex	Pictures of women giving head to men. 	284628
http://www.europornstar.com/taste-of-dick/	Taste of Dick	Assorted pictures of women giving head. 	284628
http://www.sex-marks.com/a/orals/a.htm	Young Oral Lover	Photos of redhead who sucks on a dick. 	284628
http://www.europornstar.com/oral-sex/	Wonderful Oral Sex	Two galleries with women sucking men's dicks. 	284628
http://www.oral-cumshot.com/way/indexd.html	Way Around Cock	Women which are blonde and brunette on their knees sucking dick. 	284628
http://www.oral-cumshot.com/blowjob/indexd.html	Oral Talents	Fellatio images in two galleries. 	284628
http://www.hard-x.com/freaky/oraloral/index.html	Oral Oral	Pictures of fellatio, shared licking, and facials. 	284628
http://www.oralsexfotos.com/index.html	Oral Sex Pictures	Four pictorials of oral action, mainly head. 	284628
http://www.oralsex.asianblowjobs.net/index.html	Oralsex	Three galleries of Euro and Asian cocksuckers. 	284628
http://www.thexxxarchive.com/x/bigdick/index.htm	Monster Cock Blowjob	Pictures of model-looking babe giving head. 	284628
http://www.thexxxarchive.com/x/michelle/index.htm	Michelle's Monster Cock	Images of British pornstar sucking on a big dick. 	284628
http://www.crosex.com/cs/blowjobs/1.htm	Blowjob Sluts	Galleries of cock sucking and cumeating girl in action. 	284628
http://www.porn-revue.com/ball-sucking/	Ball Sucking	Assorted blondes and brunettes give head with a special focus on servicing the testicles. 	284666
http://www.cocksucking.dicklovers.com/index.html	Cock Sucking	Oral sex pictures of nude girls giving head. 	284628
http://www.crosex.com/cs/cshot/a.htm	Cumshots and Blowjobs	Galleries of girls sucking men's dicks. 	284628
http://teencumshots.girlfotos.com/index.html	Cumshots	Oral sex pictures of girls having facials. 	284784
http://www.cumfacials.blowjobpicts.com/index.html	Cumfacials	Three galleries of women sucking men's cocks. 	284784
http://cock-sucking.groupsex-pics.com/index.html	Cock Sucking	Galleries of girls sucking one and two cocks. 	284628
http://www.thexxxarchive.com/cr/blowjob/a.htm	Sucking Slut	Photos of babe sucking on a cock by the pool. 	284628
http://www.oral-cumshot.com/superhead/	Superheads	Assorted pictures of girls with two dicks in mouth. 	284628
http://www.xtrasex.com/a/longcock/index.htm	Long Cock Blowjob	Pictures of young blonde sucking a huge cock. 	284628
http://www.teenpornstars.net/cr/blowjob/a.htm	Double Blowjob	Photos of teen with braces sucking dick. 	284628
http://www.oral-cumshot.com/deep-throating/	Deep Throating Women	Pictures of women giving head. 	284628
http://www.porn-revue.com/deep-throat/	Deep Throat Pics	Images of blonde women sucking dick and licking the balls. 	284628
http://www.sex-marks.com/g/blowjobs/a.htm	Pure Blowjobs	Photos of blonde girl sucking and licking cock. 	284628
http://www.unclechigo.com/cunnilingus/	Art of Cunnilingus	Assorted pics of pussy licking. 	284666
http://www.oral-porn.com/oralsex/index.html	Oral Sex	Hardcore sex pictures of lesbians, and blow jobs. 	284666
http://www.oral-sex.black-group-sex.com/index.html	Oral Sex	Hardcore sex pictures of blowjobs and muff diving. 	284666
http://www.muffdive.muffdive.net/index.html	Muff Dive	Lesbians and straight couple's muff diving pics. 	284666
http://www.thexxxarchive.com/a/ram/index.htm	Ramming Big Cock	Blowjob and muffdive done between a brunette and male. 	284666
http://www.oral-cumshot.com/ball/	Ball Lickers	Assoreted picuters with girls who suck nuts. 	284666
http://www.unclechigo.com/69-position/	Sixty Nine Position	Two galleries of sex pictures. 	284666
http://www.a24-7pornsite.com/69_is_mighty_fine/	Sixty Nine is Mighty Fine	Many couples each licking and tonguing each others privates at the same time. 	284666
http://www.xtrasex.com/a/pussyeating/a.htm	Pussy Eating	Guys are eating out their womens pussies while on a bed. 	284666
http://www.private.com/	Private	Hardcore pictures with live sex, horny women, and videos. [Membership] 	284699
http://www.oral-cumshot.com/tit-fucking-whores/	Tit Fucking Whores	Pictures of women getting cocks shoved between their very large boobs. 	284701
http://www.titfuckingpictures.com/	Tit Fucking Pictures	A variety of images featuring women posing exposing themselves and having boob sex. 	284701
http://www.titty-fucking.com/	Titty Fucking	Women in softcore and hardcore boob sex photos. 	284701
http://www.asianheats.com/cum_on_tits/	Cum On Tits	A photoset featuring a man ejaculating on a woman's breasts. 	284701
http://www.czechpornstars.net/Hand_Jobs/Karma_Tit_Fucking_Pics/	Karma Rosenburg Tit Fucking	Busty brunette woman in oral and breast series. 	284701
http://www.europornstar.com/anal-sex/	Taste of Anal Sex	Two pages of ass fucking action. 	284714
http://www.anal-sex-position.com/womens-hot-anuses/	Womens Hot Anuses	Assorted photos of ass fucking action. 	284714
http://www.frigging.com/female-masturbation/index.html	Female Masturbation	A blonde and two brunettes go to town on themselves. 	284750
http://www.oral-cumshot.com/extreme/indexd.html	Extreme Cumshots	Girls getting semen on their faces. 	284756
http://www.footfetish-footfetish.com/g/cum/index.htm	Group Cumshots	Images of threesome where two women suck off one man. 	284756
http://www.unclechigo.com/hand-job/	Hand Job Pics	Pictures of different females jerking mens cocks off till the man cums. 	284756
http://www.oral-cumshot.com/authentic/	Authentic Cumshots	Two galleries of women sucking dick and ending with semen. 	284756
http://www.europornstar.com/cumshot/index.html	Cum Craving	Two galleries of women who love the taste of warm semen. 	284756
http://www.europornstar.com/cum-shot/	Cum Smeared Girls	Pictures of models splashed by semen. 	284756
http://cum-shots.groupsex-pics.com/	Cum Shots	Cock sucking shots and facials on female models. 	284756
http://www.pantieupskirt.com/a/cumshot/a.htm	Cum Lovers	Girls suck dick culminating in ejaculations. 	284756
http://www.thexxxarchive.com/x/cumshot/index.htm	Cumeating Babes	Pictures of girls in group blowjob sessions who get wet with jizm. 	284756
http://www.avslinx.com/u/cumshots/index.htm	Cum Gobblers	Pictures of naked woman giving head and splashed by jizm. 	284756
http://www.xtrasex.com/a/cummy/index.htm	Cumsplashed Teen	Images of woman sucking dick in bed and gobbling sperm. 	284756
http://www.avslinx.com/u/cum/index.htm	Cumsplashed Dolls	Photos of two blondes teaming up to suck a man's dick. 	284756
http://www.sex-marks.com/a/cum/index.htm	Cumsplashed Models	Pictures of women giving head and catching jizm on their faces. 	284756
http://www.avslinx.com/a/aa/index.htm	Cumeating Blonde Babes	Gallery of woman giving a blowjob and getting her face covered in jizm. 	284756
http://www.porn-revue.com/cum-shot-pics/	Cum Shot Pics	Two galleries of blowjobs by women who get sperm on faces and pussy. 	284756
http://www.porn-revue.com/cum_on_tits/	Cum on Tits	Galleries of brunette sucking dick and getting sperm on her face and breasts. 	284756
http://www.cumshot-x.com/	Cumshot-X	Two men ejaculate on a three females. 	284756
http://www.avslinx.com/a/cum/index.htm	Sperm Lover	Images of brunette sucking dick and covered in goo. 	284756
http://www.a24-7pornsite.com/blow_jobs/index.html	Shelly's Favorite Blowjobs	Women are sucking and licking cum off mens cocks and their faces. 	284756
http://www.oral-cumshot.com/body/indexd.html	Pearl Necklaces	Goo covered bodies, boobs and pussy. 	284756
http://www.oral-cumshot.com/pussy/	Pussy in Cum	Photos of girls getting covered in goo from oral sex. 	284756
http://www.teenpornstars.net/cr/petitebabes/1.htm	Petite Cumlovers	Pictures of cum-eating teenagers in action. 	284756
http://www.teenpornstars.net/th/cum/index.htm	Facial Cumshot Action	Some brunettes are getting semen sprayed all over their faces. 	284784
http://www.avslinx.com/u/face/index.htm	Facial Cumshot Action	A blonde has jizz shot on her chin while on a couch. 	284784
http://www.thexxxarchive.com/a/creamy/index.htm	Facial Cumshots	A couple long haired females suck on cocks before receiving semen in their faces. 	284784
http://www.thexxxarchive.com/x/facial/index.htm	Facial Cumshots	Multiple females get semen shot on their faces. 	284784
http://www.pornextasy.com/p/facial/index.htm	Facial Cumshots	Some females are on their backs receiving spurts of semen on their faces. 	284784
http://www.hardcorefacials.com/	Hardcore Facials	Hardcore group-sex facials.  Lots of girls taking cum on their faces. 	284784
http://www.europornstar.com/angel-lips/	Angel Lips	Galleries of facials. 	284784
http://www.europornstar.com/young-cum-eater/	Young Cum Eater	Galleries of girls who eat cum. 	284784
http://www.oral-cumshot.com/	World of Cumshot	Three galleries of facial cumshots. 	284784
http://www.europornstar.com/wel-cum-face/	Wel Cum to My Face	Gals having hot semen shot all over their heads. 	284784
http://www.oral-cumshot.com/oral-cumshot/	Oral Cumshot - Last Drop	Galleries of free oral cumshot pics. 	284784
http://www.oral-cumshot.com/oralcum/	Oral Cumshot	Facial and oral cumshot galleries. 	284784
http://www.sex-marks.com/d/face/index.htm	Only Facial Cumshots	A dark haired female is sprayed in the face with sperm. 	284784
http://www.teenpornstars.net/f/messy/index.htm	Messy Facial Cumshot	A brunette is slurping on a cock after she gets ejaculated on. 	284784
http://www.pantieupskirt.com/f/cum/index.htm	Babes gobbling cum	Mixed images of women with semen all over their faces. 	284784
http://www.europornstar.com/cum-hungry-slut/	Cum Hungry Slut	Features women with facials and cumshots. 	284784
http://www.oral-cumshot.com/cum-face/	Cum To My Face!	Pics of girls who love facial cum shots. 	284784
http://www.europornstar.com/cumshots/	Cumshots Deluxe	Galleries of cumshot pictures. 	284784
http://www.teenpornstars.net/a/cum/index.htm	Cum Covered Face	A short haired brunette is on her back with sperm all over her head. 	284784
http://www.thexxxarchive.com/x/cum/a.htm	Cumsplashed Babes	Two women lick and eat the cum off one guys dick. 	284784
http://www.pornextasy.com/p/cumshot/index.htm	Cumsplashed Faces	Four females each suck and are covered in their mens semen. 	284784
http://www.xtrasex.com/nd/face/index.htm	Cumsplashed Faces	A black and a blonde lady are getting semen shot onto their heads. 	284784
http://www.asianheats.com/Sperm_Dessert/	Sperm Dessert	Different ladies getting hot cum all over their faces. 	284784
http://www.avslinx.com/cr/face/index.htm	Sperm Splashed Faces	Some blondes are licking sperm off their chins. 	284784
http://www.pornextasy.com/x/twocum/index.htm	Xmas Double Cumshot	A gal in a santa hat gets ejaculated on by two cocks. 	284784
http://www.googirls.com/	Goo Girls	Downloadable cumshot movie clips. [Membership] 	284811
http://www.sex-marks.com/ll/beles/a.htm	Beautiful Lesbians	Photos of a variety of ladies engaged in girl girl play. 	284827
http://www.crosex.com/ll/ltt/a.htm	Lesbian Teen Threesome	Pictures of a three females playing together. 	284827
http://www.sex-marks.com/ax/girlssex/a.htm	Girls Sex	Coeds licking pussies and using cucumbers. 	284859
http://lesbians.muffdivepics.com/index.html	Teen Lesbians	Pictures of coed couples, group and solo. 	284859
http://www.avslinx.com/a/girls/index.htm	Teenage Lesbians	Indoor hockey play with two coeds. 	284859
http://www.teen-lesbians.teen-hardcore-sex-pics.com/	Teen Lesbian Sex	Three picture series of coeds in hardcore sex action. 	284859
http://www.pornopacks.com/freesites/04/1024/01/	Brunette Teen Lesbian Babes	Sinful lesbian: Brunette couple on bed in nighties begin by doing each other's hair and kissing. Then oral, including sixty-nine, followed by fondling, tit-licking and self fingering. Finally, they strip and consider a dildo. 	284859
http://lesbian-erotica.lesbian-pornography-pics.com/	Lesbian Erotica	Pictures of various females in girl girl action. 	284859
http://www.teenpornstars.net/cs/teenlesbo/hornyteenlesbian/	Lesbian Teens and Toys	Two young beauties strip and play with toys together. 	284859
http://lesbian-teens.lesbian-pornography-pics.com/	Lesbian Teens	Coeds in couple and group actions 	284859
http://www.footfetish-footfetish.com/cr/lesbian/a.htm	Teenage Lesbians	Two women engage in vibrator play. 	284895
http://www.pantieupskirt.com/f/lesbo/	Big Boob Lesbians	Blonde couple, on bed in lingerie, with dildo. Fondling, fingering and oral including sixty-nine. 	284895
http://www.a24-7pornsite.com/lesbians/barb/	Barb's Lesbian Sex Pics	Blonde and brunette strip bra and panties for oral on stairs. Teen couple strip shorts and t-shirts for kissing, fondling and playing with cream. Naked blonde and redhead use dildos and vibrators outdoors on building. 	284895
http://www.teenpornstars.net/cs/teenlesbo/1.htm	Lesbian Teens With Toys	A blonde and a redhead get it on with each other on pink sheets. 	284895
http://www.pantieupskirt.com/f/girls/index.htm	Lesbian Erotic Play	A couple of brunettes get kinky with a on a sofa. 	284895
http://www.giantdildosex.com/les/	Lesbo Dildo	Brutal dildos: Brunette couple, one with tattoos, kissing fondling and stripping from crop tops on the bed. After some oral, out come the large fake cocks. Followed by more stuffing in the bathroom. 	284895
http://www.hoehoehoe.net/fs/36/doublelesbiandildo1/	Double Lesbian Dildo	Redhead in blue lingerie begins kissing pig-tailed blonde in white on the couch. Has her breasts fondled and licked with pierced tongue in return. Then they share a big plastic dong in various positions. 	284895
http://www.hoehoehoe.net/fs/53/doubledildolesbians30/	Double Dildo Lesbians	Amateur couple in see through top and minidress pose on the couch. Once naked the blonde fondles her pale mousey friend's breasts and inserts a vibrator. After some reciprocation they share a large pink dong. 	284895
http://www.thexxxarchive.com/a/girls/a.htm	Three Lesbians	Features girls getting licking and touching each other on the beach. 	284926
http://www.avslinx.com/a/a/a.htm	Three Mature Lesbians	Features older women playing with sex toys. 	284926
http://www.sxxy.com/hot/workout/index.html	Workout Girls	Three girls turn the gym into a playhouse. 	284926
http://www.teenpornstars.net/cr/lesbians/index.htm	Sex Starving Lesbians	Pictures of two women playing with ice cubes and a dildo. 	284926
http://www.lesbian-sex.badgals.com/index.html	Lesbian Sex	Pictorials of girl girl action featuring dildo's and many ladies. 	284926
http://lesbian-porn.xxxsex-pics.com/index.html	Lesbian Porn	Women in various softcore and hardcore girl girl pictures. 	284926
http://lesbian-sex.outdoor-sex.com/	Lesbian Sex	Photos of women outdoors, on a bed and playing with toys. 	284926
http://www.lesbian-pornography-pics.com/	Lesbian Pornography Pics	Photos of couples exploring each other by the pool, in a car and other places. 	284926
http://www.rookiepussy.com/bestgirlfriends/	Best Girlfriends	Redhead couple, in bed wearing lingerie, lick cream off each other. Kissing, fondling and tit-licking. 	284954
http://www.xtrasex.com/a/lesbian/index.htm	Licking Girlfriends	A blonde and a brunette get even wetter by a rocky poolside. 	284954
http://www.footfetish-footfetish.com/ax/b1/m/a.htm	Lesbian Black	Photos of women who are pussy lickers. 	284992
http://crazyxxxlesbians.com/	Crazy Xxx Lesbians	Features all girl on girl galleries arranged by the series, video files and erotic stories. [Membership] 	284996
http://www.sapphicerotica.com/	Sapphic Erotica	Offers photo series and movies. Maintains a preview area and archives. [Membership] 	284853
http://www.pornextasy.com/p/shock/index.htm	Fucking Monster Cocks	Photos include couples, threesomes, and cumshots. 	284562
http://www.thexxxarchive.com/cr/grandmafucks/1.htm	Grandma Fucks	Mature blonde giving a blowjob. 	286580
http://www.sex-marks.com/a/grannys/a.htm	Granny's With Toys	Features two ladies having a good time with their vibrator. 	286580
http://www.thexxxarchive.com/g/hardgranny/index.htm	Hardcore Granny	Random pictures of ladies posing nude and having sex. 	286580
http://www.allmaturepics.com/	All Mature Pics	Assortment of ladies in many situations. 	286580
http://www.avslinx.com/u/mature/index.htm	Aged Pussy Hardcore	Pictures of a brunette getting sucked and fucked. 	286580
http://www.footfetish-footfetish.com/cr/twoold/1.htm	Two Old Sluts	Features a mature lesbian couple having sex with a dildo. 	286580
http://www.xtrasex.com/a/wife/index.htm	Wet Housewife	Pictures of a mature redhead playing with her dildos. 	286580
http://www.old-pussy-pics.com/	Old Pussy Pics	Features solo ladies posing nude and some spanking pictures. 	286580
http://www.sex-marks.com/cs/old/index.htm	Old Babe Fucking	Mature brunette lady dressed in blue in hardcore action with a man. 	286580
http://pornfolders.com/maturen05/search.htm	Old Blonde Pussy	Mature woman in her sixties poses and sticks dildo in her cunt. 	286580
http://maturesex.matureporn.net/index.html	Maturesex	A variety of ladies are featured in these hardcore and softcore pictures. 	286580
http://www.crosex.com/x/m2/p/a.htm	Mature Sex	Hardcore action with a plump matured lady. 	286580
http://www.xtrasex.com/a/matures/a.htm	Middle Age Cocklovers	A thirty something woman gets intimate with her lover. 	286580
http://mature-sex-pictures.com/	Mature Sex Pictures	Features blondes, brunettes and redheads posing nude and fucking. 	286580
http://www.xtrasex.com/x/red/index.htm	Redhead Granny	Grandmotherly woman sucks dick and gets fucked by a guy. 	286580
http://www.xtrasex.com/nd/old/index.htm	Busty Mature Bang	Woman in her forties ends up in bed with a guy for some acrobatic sex. 	286580
http://www.thexxxarchive.com/a/mature/index.htm	Cock Riding Mature	Maturing redhead fucks hardcore. 	286580
http://www.xtrasex.com/x/granny/index.htm	Interracial Granny	Pictures of a old blonde having sex with a black guy. 	286580
http://www.footfetish-footfetish.com/x/m2/a/a.htm	Sucking and Fucking Mature	Features a variety of ladies in hardcore action. 	286580
http://www.thexxxarchive.com/cr/oldies/a.htm	Ultimate Oldies	A mature blonde with big tits plays with a toy. 	286580
http://www.xtrasex.com/a/fatass/a.htm	Fat Ass Mature	Photos of a plump woman playing with her toys. 	286608
http://www.thexxxarchive.com/g/old/a.htm	Nasty Older Slut	Photos of a blonde lady posing nude and spreading her pussy. 	286608
http://www.thexxxarchive.com/cr/nudemature/1.htm	Nude Mature	Pictures of a brunette woman in black lingerie posing in bed. 	286608
http://www.avslinx.com/u/old/index.htm	Redhead Granny	Mature woman in her late fifties or sixties poses and masturbates. 	286608
http://www.footfetish-footfetish.com/cr/experienced/a.htm	Experienced Hotty	A sexy redhead strips naked and exposes her pussy. 	286608
http://www.thexxxarchive.com/a/house/index.htm	Gorgeous Housewife	Features a brunette stripping and showing her pussy. 	286608
http://www.footfetish-footfetish.com/x/m2/d/1.htm	Gorgeous Mature Babe	Classy aging blonde with large tits in white lingerie and stockings. 	286608
http://www.thexxxarchive.com/cr/granny/1.htm	Granny's Pussy	Pictures of a mature blonde posing. 	286608
http://www.footfetish-footfetish.com/k/housewife/a.htm	Horny Housewife	Features a blonde in red lingerie spreading her pussy wide. 	286608
http://www.thexxxarchive.com/cr/experienced/a.htm	Hot Experienced Lady	Mature redhead poses in black lingerie. 	286608
http://www.thexxxarchive.com/cr/old/1.htm	Hot Mature Babes	Pictures of a maturing blonde posing in black nylons. 	286608
http://www.footfetish-footfetish.com/g/mature/a.htm	Horny Older Babe	Featuring an naked blonde at the beach. 	286608
http://www.xtrasex.com/o/oldcunt/index.htm	Horny Older Cunt	Mature blonde strips and poses. 	286608
http://www.thexxxarchive.com/cr/older/a.htm	Amazing Mature	Features a blonde in white lingerie exposing her pussy. 	286608
http://www.thexxxarchive.com/a/angela/a.htm	Angela is Hot	Photos of a brunette in sexy poses. 	286608
http://pornfolders.com/maturen06/search.htm	Wild Mature Woman	Short-haired woman in her mid-forties posing outdoors. 	286608
http://www.sex-marks.com/cs/oldpu/a.htm	Older Pussy	Mature lady pulls off her red dress and poses nude. 	286608
http://www.footfetish-footfetish.com/cs/maam/a.htm	Mature Amateur	A woman poses nude around her bedroom. 	286608
http://www.sex-marks.com/cs/mabr/a.htm	Mature Bride	Pictures of a blonde babe dressed as a bride. 	286608
http://www.footfetish-footfetish.com/cr/old/1.htm	Mature Pussyplay	A brunette plays with her gold vibrator. 	286608
http://www.footfetish-footfetish.com/ax/o/index.htm	Mature Super Babe	Photos of a blonde stripping out of her black lingerie. 	286608
http://www.thexxxarchive.com/a/oldred/a.htm	Redhead Old Babe	Picture series of a woman stripping out of her lingerie. 	286608
http://www.sex-marks.com/cr/realmature/a.htm	Real Mature Sluts	Two very old ladies posing in their lingerie. 	286608
http://www.footfetish-footfetish.com/cr/retired/a.htm	Retired Lady	A mature woman showing lots of pussy closeups. 	286608
http://www.avslinx.com/pics/older/index.htm	Brunette Mature	A lady shows her tits and plays with her pussy. 	286608
http://www.sex-marks.com/g/wife/index.htm	Sex Hungry Housewife	Features pictures of a redhead with a shaved pussy. 	286608
http://www.footfetish-footfetish.com/cs/starving/a.htm	Sex Starving Mature	Photos of a woman playing with her boobs and her pussy. 	286608
http://www.thexxxarchive.com/a/granny/a.htm	Shaved Granny	Features a redhead in and out of her bikini. 	286608
http://www.pantieupskirt.com/f/old/index.htm	Slutty Mature Babe	A brunette lady strips and plays with her pussy. 	286608
http://www.jeannelace.com/	JeanneLace Femme Sensuelle	Features the private collection of a mature amateur lady. [Membership] 	286644
http://www.maturetouch.com/	Mature Touch	Featuring thousands of pictures and live explicit sex shows. [Membership] 	286644
http://oldspunkers.com/	Old Spunkers	Features pictures, downloadable movies, magazines, and stories. [Membership] 	286644
http://www.pornstars-revue.com/rita-faltoyano/	Faltoyano, Rita	Hardcore image series and short biography. 	286706
http://www.footfetish-footfetish.com/g/nina/index.htm	Ferrari, Nina	Hardcore images of this blonde porn star. 	286705
http://www.thexxxarchive.com/g/nikki/index.htm	Nikki Nova Outside	Solo images from gold dress series. 	286709
http://www.xtrasex.com/o/nikki/index.htm	Nikki Nova Strip	Solo images from orange skirt series. 	286709
http://www.ideal-babe.com/annanova/	Nova, Anna	Solo images of this porn star from red lingerie series. 	286708
http://www.eurobeauty.net/Kelly_Norton/	Norton, Kelly	Busty Czech porn star in solo images in red lingerie series. 	286708
http://www.starsinporn.com/kelly-erickson/main.html	Erickson, Kelly	Solo and hardcore images of this blonde porn star. 	286711
http://www2.cleanadulthost.com/amateur/gauge/	Gauge in the Beach	Collection of photos in and out of flower bikini top and shorts. 	286719
http://www.thexxxarchive.com/pornstar/aria/index.htm	Goddess Aria	Non-nude images from leopard lingerie series. 	286722
http://www.europornstar.com/nannagibson/indexd.html	Blowjob Queen	Explicit galleries of European pornstar Nanna Gibson. 	286723
http://www.pornstars-revue.com/nanna-gibson/	Nanna Gibson Pictures	Offers hardcore images from a single series. 	286723
http://www.starsinporn.com/hannaharper/	Harper, Hanna	Images from red lingerie series and hardcore series. 	286724
http://www.czechpornstars.net/Laura_Angel_Threesome/	Angel, Laura	Czech porn star in threesome series. 	286729
http://www.eurobeauty.net/Laura_Angel_Facials/	Angel, Laura	Offers two galleries of a blowjob. 	286729
http://www.eurobeauty.net/Jessica_Angel/	Angel, Jessica	Two galleries posing on a couch. 	286728
http://www.czechpornstars.net/Ass/Janet_Alfano/	Alfano, Janet	Offers two galleries including anal dildo and double penetration. 	286728
http://starsinporn.com/rachelaziani/	Aziani, Rachel	Busty porn star in solo images from white bustier and black corset series. 	286735
http://www.ideal-babe.com/rachelaziani/	Aziani, Rachel	Solo images from black mesh and flirt skirt series. 	286735
http://www.avslinx.com/a/brittany/	Hot Brittany Andrews	Solo images of British porn star from silver series. 	286738
http://www.pornstars-revue.com/hustler-model/	Hustler Model	Solo images of Brianna Banks and Miko Lee. 	286745
http://www.asianheats.com/Hungarian_Porn_Models/	Hungarian Porn Models	Blowjob pictures of Rita Faltoyano, Dora Venter, Vivian Silverstone. 	286745
http://www.europornstar.com/sylvia-saint-dina-jewel/	Young Sylvia Saint & Dina Jewel	Two hardcore series with these stars. 	286745
http://www.pornstars-revue.com/male-pornstars/	Male Pornstars	Assorted pictures of male stars in heterosexual sex. 	286745
http://www.asianheats.com/Male_Porn_Stars/	Male Porn Stars	Hardcore images of John Holmes, Rocco Siffredi and Peter North. 	286745
http://www.crosex.com/ps/celeste/a.htm	Celeste and Felicia	Offers images from an outdoor lesbian series. 	286745
http://www.thexxxarchive.com/g/swift/a.htm	Jill Kelly, Stephanie Swift and Friend	Offers images of these stars in a threesome series. 	286745
http://www.sex-marks.com/x/ny1/jrcam/a.htm	J.R.Carrington and Anna Malle	Pictures of these two famous woman in action. 	286745
http://www.pantieupskirt.com/a/a/a.htm	Stephanie Swift and Missy	Picture series of group sex. 	286745
http://www.thexxxarchive.com/a/bigtits/index.htm	Danita Hardcore	The big boob red head in action. 	286745
http://www.xtrasex.com/pornstar/three/a.htm	Pornstar Threesome	Jill Kelly, Stephanie Swift and a friend. 	286745
http://www.asianheats.com/Oceane/	Oceane	Two small galleries of group sex pictures featuring the French pornstar. 	286777
http://www.oral-cumshot.com/anna-malle/	Anna Malle: Anal Penetration Pics	Hardcore images of this porn star. 	286783
http://www.thexxxarchive.com/g/pornstar/a.htm	Anna Malle's Bedroom	Offers hardcore images from a single series. 	286783
http://www.xtrasex.com/pornstar/anna/index.htm	Anna Malle Nude	Solo images from overalls series. 	286783
http://www.xtrasex.com/x/annam/index.htm	Anna Malle Hardcore	Hardcore images from a single series. 	286783
http://www.pantieupskirt.com/a/anna/index.htm	Anna Malle	Hardcore images from a single series. 	286783
http://www.xtrasex.com/nd/anna/index.htm	Raw Anna Malle	Hardcore images from a single series. 	286783
http://www.pornextasy.com/e/malle/index.htm	Anna Malle	Offers solo images from blue overalls series. 	286783
http://www.pornextasy.com/e/annaml/index.htm	Nasty Anna Malle	Offers solo images from work shed series. 	286783
http://www.czechpornstars.net/Ass/Sandra_Mark/	Mark, Sandra	Hardcore images of female porn star in anal series. 	286778
http://www.czechpornstars.net/Ass/Jessica_May/	May, Jessica	Blonde porn star in hardcore series. 	286778
http://www.thexxxarchive.com/a/a/monice/a.htm	Monice	Latina porn star and model in solo images from sheer bodysuit series. 	286778
http://www.footfetish-footfetish.com/cr/amber/a.htm	Porn Star Amber Michaels	Offers hardcore images of this blonde. 	286788
http://www.asianheats.com/Pornstars/Meridian_Star/	Meridian	Offers solo images from pink lingerie series. 	286794
http://www.pornstars-revue.com/eva-roberts/	Roberts, Eva	Offers hardcore images from a single series. 	286804
http://www.thexxxarchive.com/g/dayton/index.htm	Dayton Hardcore	Offers hardcore images from a single series. 	286812
http://www.thexxxarchive.com/cc/mass/index.htm	Dayton Big Cock Riding	Hardcore pictures of this porn star and a guy. 	286812
http://www.thexxxarchive.com/cr/holly/1.htm	Big Boobs Holly Body	Some classic softcore photos of star. 	286815
http://www.pornstars-revue.com/briana-banks-blow-job/	Briana Banks	Assorted images of oral sex. 	286818
http://www.ideal-babe.com/pornstar-briana-banks/	Pornstar Briana Banks	Offers hardcore images from beach towel series. 	286818
http://www.eurobeauty.net/Blowjobs/Kristina_Blond/	Blond, Kristina	Czech teen porn star in oral sex series. 	286814
http://www.starsinporn.com/lanny-barbie-stockings/	Barbie, Lanny	Solo images from black mesh series. 	286814
http://www.eurobeauty.net/Ass/Ditty_Blue/	Blue, Ditty	Two galleries of anal. 	286814
http://www.eurobeauty.net/Kristina_Bella/	Bella, Kristina	Two galleries of mff threesome. 	286814
http://www.eurobeauty.net/Ass/Mandy_Bright/	Bright, Mandy	Two galleries including double anal and a facial. 	286814
http://www.czechpornstars.net/Internal/Sabina_Black/	Black, Sabina	Offers two galleries of anal sex. 	286814
http://www.avslinx.com/a/jrc/a.htm	J.R. Carrington	Lesbian images from snow series. 	286821
http://www.thexxxarchive.com/ax/sumcum/a.htm	Summer Cummings	Solo images from the black corset series. 	286822
http://www.pornextasy.com/e/sumcum/index.htm	Summer Cummings	Solo images from red lingerie series. 	286822
http://www.avslinx.com/a/asia/index.htm	Asia Carrera	Solo nude images from couch series. 	286824
http://www.xtrasex.com/x/carrera/index.htm	Superstar Asia Carrera	Solo images from couch series. 	286824
http://www.avslinx.com/u/carrera/index.htm	Asia Carrera Nasty	Pictures featuring the pornstar and another girl having sex. 	286824
http://www.avslinx.com/a/carrera/	Pornstar Asia Licking	Photos from a lesbian series. 	286824
http://www.pornextasy.com/e/isab/index.htm	Hot Isabella Camille	The brunette playing with a dildo. 	286827
http://www.eurobeauty.net/Sandra_Iron/	Iron, Sandra	Solo topless images of porn star in outdoor series. 	286833
http://www.sandysfantasies.com/	Sandy's Fantasies	Dedicated to blonde European performer and friends. Includes photo galleries with ZIPs, videos, and portfolio. [Membership] 	286835
http://www.asianheats.com/Pornstars/Jenna_Jameson_Naked_Tits/	Jenna Jameson Naked Tits	Images of this porn star showing off her tits. 	286843
http://www.sex-marks.com/adc/jillpro/a.htm	Jill Kelly Professional Fucking	Galleries of hardcore pictures of this famous pornstar. 	286852
http://www.thexxxarchive.com/cr/jillkelly/1.htm	Pornstar Jill Kelly	Images from the private eye series. 	286852
http://www.xtrasex.com/o/jillkelly/index.htm	Superstar Jill Kelly	Hardcore images from a single series. 	286852
http://www.thexxxarchive.com/a/bigdick/index.htm	Jill Kellies Big Cock	Images from an oral sex series. 	286852
http://www.teenpornstars.net/g/jill/index.htm	Jill Kelly, Porn Star	Hardcore images from a single series. 	286852
http://www.sex-marks.com/d/mass/index.htm	Jill Fucks Big Cock	Offers hardcore image from a pool side series. 	286852
http://www.sunnyleone.com/	Sunny Leone	Official website with weekly glamour photo updates. [Membership] 	286893
http://www.asianheats.com/Priv/Szilvia_Lauren/	Lauren, Szilvia	Images of porn star in lesbian series. 	286896
http://www.starsinporn.com/vanessa-lane-lingerie/	Lane, Vanessa	Offers solo and hardcore series. 	286888
http://www.avslinx.com/pics/bigtits/a.htm	Lace, Chantilly	Solo images of this adult model from red lingerie series. 	286888
http://www.thexxxarchive.com/pornstar/sky/index.htm	Super Babe Sky Lopez	Solo images from pink pants series. 	286900
http://www.footfetish-footfetish.com/ts/raq/index.htm	Raquell Darian Orgy	One gallery of the porn star in a threesome. 	286907
http://www.sex-marks.com/cr/oli/	del Rio, Olivia	Offers hardcore images from beach series. 	286905
http://www.thexxxarchive.com/cr/dayton/a.htm	Dayton	Photos of this blonde pornstar having sex. 	286905
http://www.porn-revue.com/Zdenka/	Zdenka Podkapova	Offers images from white bed series. 	286917
http://www.ideal-babe.com/zdenka/	Zdenka Ponkarova	Solo images from bed and tile series. 	286917
http://www.fetish-picture.com/karenmovie/	Karen's Brutal Dildo Movies	Brunette playing with huge dildo. 	284526
http://www.oldwomen.org/	Old Nude Women	Provides free high and standard definition movies of mixed hardcore scenes, starring primarily mature ladies. 	286580
http://www.candicam.com/	CandiCam	Exhibitionist with a live cam, in addition to exclusive pictures and video clips. [Membership] 	286635
http://www.cinemacult.com/	Cinema Cult	Nude celebrity movie reviews taken from DVDs. [Membership] 	286835
https://www.3pornstarmovies.com/	Pornstar Movies	Offers free excerpts featuring industry females in hardcore action including anal and oral. 	286745
https://www.fux.com/	Fux.com	Provides clips and trailers of couples and groups having sex, interracial and cuckoldry. 	284562
https://www.alotporn.com/	ALotPorn	Provides streaming movies on a variety of different themes, which include interracial, lesbian and oral. 	284562
http://playvid.com/	PlayVid	Provides mostly high definition movies portraying various sex scenes. 	284562
https://efappy.com/	EFappy	Offers mostly teen sex movies including ethnic, anal and oral. 	284562
https://www.linkedporn.com/	Linked Porn	High definition streaming movies in categories such as BBW, voyeur and female masturbation. 	284562
https://www.sextvx.com/	SexTVX	Offers clips and full movies in a number of niches including extreme face fucking, MILFs and cougars, and group action. 	284562
https://nakedtube.com/	Naked Tube	Movies in assorted categories including public nudity and masturbation, foot fetish, lesbian and hairy pussy. 	284562
http://www.freefuckvidz.com/	FreeFuckVidz	High and standard definition movies featuring black women, ass shaking, BBW and full body massage. 	284562
http://boysfood.com/	Boysfood	Movies in categories that include old men with younger women, BBW, handjobs and outdoor action. 	284562
http://www.freesmutclub.com/	Free Smut Club	Offers mostly high definition movies along varying themes such as bukkake, bondage and gaping. 	284562
http://amazingtube.com/	Amazing Tube	Presents categorized movies along themes such as hairy pussy, black women and hentai. 	284562
https://www.xnxx.com/	XNXX.com	Provides pictures, movies and stories. Categories include public sex, mature interracial and mom gangbangs. 	284562
https://www.porn.com/	Porn.com	Provides pictures and movies. Includes rimming and ass to mouth, cum swapping and blindfolded women. 	284562
http://www.junkypussy.com/freesites/pussy-lickers/8/	Naughty Lesbian Babes	Photo-galleries of three tanned ladies stripping off and frolicking naked together outside. 	284926
http://www.junkypussy.com/freesites/lesbian-trio/8/index.htm	Three Lesbian Babes	Photographs of a female threesome. 	284926
http://www.junkypussy.com/freesites/horny-lesbians/7/index.htm	Three Hot Girls	Pictures of ladies giving each other oral. 	284926
http://www.porndorado.com/u/xcock/index.htm	Raw Monster Cock	Short haired woman take a long cock into her pussy. 	284562
http://www.porndorado.com/u/ron/index.htm	Ron's Big Cock	A big hairy guy has sexual relations with a brunette. 	284562
http://www.porndorado.com/u/rons/index.htm	Ron's Huge Cock	A long haired blonde sucks and fucks a hairy guys meat stick. 	284562
http://www.porndorado.com/q/ax/index.htm	Raw Shocking Cock	A brunette enjoys sliding a cock into her mouth and pussy. 	284562
http://www.porndorado.com/free/cumshot/index.htm	Cum Eating Babes	Photos of redhead and blonde giving head to two men on the floor. 	284756
http://www.porndorado.com/u/cream/index.htm	Drink My Cream	Women are holding fat cocks till they are ejaculated on. 	284784
http://www.porndorado.com/s/cums/index.htm	Pure Cumeating	A woman is slurping and swallowin down a guys semen. 	284628
http://www.porndorado.com/u/eeny/index.htm	Teeny Facial Cumshot	A girl with a tattoo on her belly sucks a guys dick till he cums. 	284628
http://www.hard-x.com/groupsex/twoloads/	Two Loads of Goo	Two guys fuck a woman in a laundromat. 	284562
http://www.junkypussy.com/freesites/orgy-party/7/	Drunk Girl	Pictures of a woman being watched screwing guys at a party. 	284591
http://www.junkypussy.com/freesites/pool-party/7/	Hot Bitches	Photographs of women in a shower room playing with each other and a couple of guys. 	284591
http://www.junkypussy.com/freesites/teen-menage/7/	Blonde Teen	Pictures of a woman being picked up and taken home for a threesome with a couple. 	284591
http://www.junkypussy.com/freesites/beach-party/7/	Drunk Girls	Photographs of people having sex at a party. 	284591
http://www.junkypussy.com/freesites/hot-orgy/7/	Hot Girls	Pictures of couples having sex with each other. 	284591
http://www.junkypussy.com/freesites/secret-party/6/	Bitch Girls	Pictures of a party of people fucking each other. 	284591
http://www.junkypussy.com/freesites/threesome-blonde/6/	Naughty Blonde	Photographs of a couple picking a girl up at the beach and going home for a threesome. 	284591
http://www.junkypussy.com/freesites/secret-orgy/6/	Orgy Party	Photographs of people at a bar having sex. 	284591
http://www.junkypussy.com/freesites/threesome-fuck/6/	Two Hot Asian Girls	Pictures of a guy having sex with two women. 	284591
http://www.junkypussy.com/freesites/nasty-orgy/6/	Slut Girls	Pictures of people getting drunk and fucking. 	284591
http://www.porndorado.com/q/groups/	Double Pussy Slamming	One cock fucks two pussies in these assorted pictures. 	284591
http://www.porndorado.com/sex/bigcock/index.htm	Massive Cock Sex	Two females sucking cocks and being fucked up the ass. 	284591
http://www.porndorado.com/q/bigcock/	Xxl Cock Sex	Two women suck and fuck a extremly large cock. 	284591
http://www.porndorado.com/q/aa/	Mature Pussy Ramming	Photographs of a couple having sex. 	286580
http://www.porndorado.com/sex/granny/	Groupsex Grannies	Photos of two blondes sharing a man. 	286580
http://www.porndorado.com/sex/old/	Nasty Grannies	Photos of two old lesbians and their double ended dildo. 	286580
http://www.maturesladies.com/	Matures Ladies	Presents a variety of hardcore movies. 	286580
http://www.granny.nu/	Granny.nu	Photographs of amateur ladies. 	286580
http://www.porndorado.com/s/swift/	Stephanie Swift Orgy	Pictures of two men and three women. 	286745
http://www.porndorado.com/q/bo/	Bo Saint Licking	Lesbian series with Farrah. 	286745
https://www.porn-star.com/	Porn-Star.com	Provides pictures and videos of hardcore scenarios featuring lady adult movie stars. 	286745
http://www.porndorado.com/q/carrera/	Gorgeous Asia Carrera	Shots of this pornstar on a elegant sofa. 	286824
http://www.porndorado.com/free/tits/index.htm	Summer Cummings	Offers solo images from red dress series. 	286822
http://www.porndorado.com/q/devon/index.htm	Super Pussy Devon	Solo images of sultry starlet removing her black skirt and having her way with herself. 	286910
http://www.porndorado.com/u/devon/index.htm	Devon Superstar	The blonde babe spreads her pussy wide and jams it full of finger. 	286910
https://www.ariaindex.com/	Aria Giovanni	Offers a collection of softcore photographs along with magazine covers. 	286722
http://www.porndorado.com/q/jibg/index.htm	Jill Rides a Big Cock	Hardcore images from pool series. 	286852
http://www.porndorado.com/sex/tits/	Paris, Chrissy	Solo images from gold top series. 	286916
http://www.sex-marks.com/th/futp/a.htm	Fucking Teenpussy	Photos of teen couple do it on the couch, blowjobs and full penetration with close-ups. 	284406
http://free-fuck.buttfuckingpics.com/index.html	Free Fuck	Pictorials of sassy young girls performing in different positions. 	284406
http://www.sex-marks.com/cs/pcg/a.htm	Nasty School Friend	Photos of a young couple fucking at the studio. 	284406
http://www.thexxxarchive.com/cr/petite/go.htm	Nailing a Teeny	A young babe gets banged. 	284406
http://teen-sex.teen-anal-girls.com/	Teen Sex	A variety of females giving head and having sex. 	284406
http://teenage.saucyteens.com/index.html	Teenage Sex	A variety of college girl sex pictures, including asian and lesbians. 	284406
http://www.teen-hardcore-sex-pics.com/index.html	Teen Hardcore Sex Pics	Galleries featuring couples and lesbian lovers in action. 	284406
http://teen.asian-group-sex.com/index.html	Teen Group Sex	A variety of women engaged in threesomes. 	284406
http://www.crosex.com/th/tcag/a.htm	Teenage Call-Girl	Features a cute blonde posing in lingerie and giving a blowjob. 	284406
http://www.sex-marks.com/cs/tebl/a.htm	Teeny Blowjob	Photos of two different college girls giving head. 	284406
http://www.teenpornstars.net/th/yfc/a.htm	Young Fucking Couples	Two hardcore teen sex galleries. 	284406
http://www.young.free-shaved-pussy.com/	Young Shaved Pussy	Features teens with bald pussies in three galleries. 	284406
http://www.teenpornstars.net/g/young/a.htm	Young Whore	Photos of blonde teen getting banged. 	284406
http://www.crosex.com/hc/bebeast/a.htm	Wet Beauty and the Beast	Photos of a great looking teeny getting banged by an ugly guy. 	284406
http://virginsexpix.com/index.html	Virginsex	Photos of sexy teen girls in hardcore sex pics. 	284406
http://www.sex-marks.com/th/saft/a.htm	Sucking and Fucking Teens	Photographs of women in oral sex scenes. 	284406
http://www.teenpornstars.net/f/teens/begin.htm	Deepthroat Teeny	A brunette giving a blowjob and playing with herself. 	284406
http://www.teenpornstars.net/cr/teensex/1.htm	Photosession Hardcore	Photos of teen banged in a photo shooting. 	284406
http://www.teenpornstars.net/cr/teens/1.htm	Petite Fucking	A skinny teen with small tits fucking and sucking. 	284406
http://www.sex-marks.com/cs/cbt/a.htm	Cumsplashed Blonde Teens	Photos of girls eating their favorite cream. 	284434
http://www.teenpornstars.net/a/teenjob/index.htm	Toilet Blowjob	A brunette gives head while sitting on the loo. 	284434
http://www.sexypetite.com/	Sexy Petite	Pictures, videos and live sex shows. [Membership] 	284437
http://www.abbywinters.com/	AbbyWinters.com	Amateur, Australian teens shot by the webmistress. Updated four days a week. [Membership] 	284437
http://www.teendreams.com/	Teenage Dreams	Features pictures, movies and erotic stories with girls from around the world. [Membership] 	284437
http://www.free-pussy.nude-brunettes.com/	Free Pussy	Images of models posing nude, and includes a lesbian gallery. 	286075
http://www.teensluts.dirtytarts.com/index.html	Teen Sluts	Three galleries featuring interracial lovers with some hot lesbian action. 	284445
http://www.teenpussy.pussyfoto.com/index.html	Teen Pussy	Pussy pics of young girls and teen lesbians. 	284445
http://www.teenfoto.com/index.html	Teen Foto	Three models in three galleries bear their pink flesh. 	284445
http://www.teen-fuck-pics.com/index.html	Teen Fuck Pics	Naked teens in hardcore sex pictures. 	284445
http://www.teen-sex.gangbang-pictures.com/index.html	Teen Sex	Nude teen girls including a blonde, an ebony and a blowjob gallery. 	284445
http://www.teen-porn.teen-pussy-sex.com/index.html	Teen Porn	Galleries of teen lesbians and explicit hardcore porn. 	284445
http://www.teenpornstars.net/cs/teentits/a.htm	Teen Tits	Hot Teen with large Boobs. 	284445
http://www.freethumbgals.com/fs/freesite/on-top-glass-table/nudity/	On Top Glass Table	Naked woman posing on top of a transparent table. 	286111
http://www.sex-marks.com/blond/bp/a.htm	Blonde Pussy	Pictures of a young woman stripping off. 	286194
http://www.teenpornstars.net/cr/brupet/a.htm	Brunette Petite	Pictures of a young woman. 	286111
http://www.footfetish-footfetish.com/tt/iltp/1.htm	I'd Love to Please You	Galleries of a single model getting nude. 	286111
http://www.teenpornstars.net/cr/skinny/a.htm	Skinny Teen	Petite teenager shows her cherry. 	284445
http://www.prodialer.com/x/p/o/a.htm	Petite Redhead	Skinny redheaded teen with small tits. 	284445
http://www.teenpornstars.net/cr/pepu/a.htm	Petite Pussy	Skinny girl with small tits. 	284445
http://teens.adult-xxx-pictures.com/	Xxx Teens	Pictures of different models including one with a dildo. 	284445
http://www.nakedusa.com/index.html	Naked Teens	Erotic semi-nude pictures of european and asian coeds. 	284473
http://nude-teens.teen-pussy-sex.com/index.html	Nude Teens	Gallery of four models posing including one playing with cream. 	284473
http://naked-teens.teen-pussy-sex.com/	Naked Teens	Galleries of european, asian and ebony models posing naked. 	284473
http://www9.kinghost.com/hardcore/shave/blondebut/index1.html	Gorgeous Perfect Butt	Pictures of a female blonde in white stockings showing ass and pussy outdoors. 	284473
http://www.sex-marks.com/tt/tptas/a.htm	Teen Tight And Shaved	Pictures of a brunette playing with her wet pussy. 	284473
http://young-girls.busty-amateur-pics.com/	Young Girls Pics	Separate galleries of four female models posing nude. 	284473
http://www.unclechigo.com/nude-teens/	Young Nude Teens	Picture galleries with a variety of females posing naked. 	284473
http://www.clity.com/clit/index.html	Clit	Four models featured in poses focusing on pussy. 	286075
http://www.teenpornstars.net/g/sweet/index.htm	Sweet Pussy	Single picture gallery of a naked brunette posing and exposing vagina. 	284473
http://pinkpussy.sexypinkbits.com/	Pink Pussy	Four galleries featuring nude pictures of various girls. 	286075
http://www.webmissys.com/	Webmissys.com	Photo sets and movies by model. [Membership] 	284500
http://www.mishandjamie.com/	Mish and Jamie.com	Topless and non-nude pictures of two brunette sisters in lingerie. Behind-the-scenes video footage. [Membership] 	284500
http://www.teenkelly.com/	Teen Kelly	Petite bleached blonde with braces. Includes picture sets, videos, and web cam schedule. [Membership] 	284500
http://www.karupspc.com/	Karup's Private Collection	Large collection of exclusive pictures. [Membership] 	284510
http://www.katrina18.com/	Katrina 18	Long-haired dirty blonde with small breasts and shaved pussy, offers picture sets and videos. [Membership] 	284510
http://www.webyoung.com/	Web Young	Many solo pictures of teen models. [Membership] 	284510
http://www.pureteenxxx.com/	Pure Teen Xxx	Woman plays with herself, then fucks the neighbor. 	284406
http://www.a24-7pornsite.com/shemales/ana/index.html	Free Shemale Pictures	Features photos of various couples in sexual acts. 	285369
http://www.sex-marks.com/cr/nashe/a.htm	Naughty Shemales	Pre-op transsexual hardcore series. 	285369
http://www.avslinx.com/pics/shemale/a.htm	Nasty Transsexuals	Shemale hardcore action. 	285369
http://www.absexxx.com/free-shemale-pictures/index.html	Gorgeous Blonde Shemale	Pre-op transsexual dressed in red and green. 	285369
http://www.sex-marks.com/cs/hashe/boo.htm	Hardcore Shemales	Trannies having anal sex. 	285369
http://www.footfetish-footfetish.com/cr/transsexual/a.htm	Horny Shemales	Photos of transsexual couples. 	285369
http://www.sex-marks.com/ax/trans/index.htm	Hardcore Tranny Action	Redhead shemale poses and sucks dick. 	285369
http://www.asianladyboysxxx.com/	Asianladyboysxxx	Oriental pre-op transsexuals posing and showing hard dicks. 	285369
http://www.pixcorner.com/sites/cashquest/trany/default.html	Tranny Whore	Photos featuring shemales posing nude and some stories. 	285369
http://www.a24-7pornsite.com/truly_trannie/	Truly Trannie	Softcore photographs of shemales posing. 	285369
http://www.footfetish-footfetish.com/la/tranny/index.htm	Ramming Shemale	Closeup photos of pre-op transsexual getting anally and orally penetrated by a dick. 	285369
http://www.sex-marks.com/cr/shemale/a.htm	Cute Shemales Hardcore	Photos of a young transsexual getting fucked. 	285369
http://www.avslinx.com/a/shemale/	Chick With Dick	Pre-op transsexual does a strip tease outdoors. 	285369
http://www.footfetish-footfetish.com/cs/irshe/a.htm	Interracial Shemale	Black transsexual sucking and fucking a white man. 	285369
http://www.xtrasex.com/x/tranny/index.htm	Shemale Assfucking	Tranny gets banged anally by a guy. 	285369
http://www.pantieupskirt.com/a/trans/index.htm	Shemale Action	Brunette transsexuals gets fucked by a guy and poses. 	285369
http://www.dragqueens.transexual-photos.com/beautiful-shemales/	Shemales	Transsexuals and crossdressers in BDSM scenes. 	285369
http://www.shemalepics4free.com/	Shemale Pics for Free	Softcore photographs of a number of different transsexuals posing. Stories. 	285369
http://mapage.noos.fr/lisalawrence/	Lisa Lawrence	Popular tranny star poses and has sex with guys. 	285369
http://www.xtrasex.com/a/shemale/1.htm	XXX Shemales	A pre-op transsexual fucks and sucks. 	285369
http://www.brazilian-transsexuals.com/	Brazilian Transsexuals	Original hardcore sex photos of shemales. [Membership] 	285396
http://www.black-tgirls.com/	Black Tgirls	Black transsexuals, featuring exclusive photography. [Membership] 	285396
http://www.freepussyporno.com/index.html	Freepussy	Pictorials of softcore, pussy closeups and hardcore. 	285402
http://www.free-shaved-pussy.com/index.html	Free Shaved Pussy	Photos of softcore, lesbians, and hardcore. 	285402
http://www.pornographyfotos.com/	Free Pornography	Pictures of nude teens, black girls and hardcore porn. 	285402
http://free-porn-pictures.cybersex-pics.com/index.html	Free Porn Pictures	Galleries of softcore, hardcore and lesbians. 	285402
http://free-pornography.xxxsex-pics.com/	Free Pornography	Pictorials of softcore and hardcore porn. 	285402
http://www.naked-girls.busty-amateur-pics.com/	Naked Girls	Ladies in sexy poses. 	286111
http://erotic-sex.free-erotica-stories.com/index.html	Erotic Sex	Hardcore and softcore pictures. 	285402
http://tit-and-ass.xxx-backdoors.com/index.html	Tit and Ass	Photos of teens, big breasts, interracial and hardcore. 	285402
http://tits-and-ass.titfuckingpictures.com/index.html	Tits and Ass	Naked girls with big tits, lesbians and anal sex pics. 	285402
http://www.wet-pussy.free-cunt-pics.com/	Wet Pussy Pics	Galleries feature a blonde spreading, a brunette with a dildo and couples in action, plus links to free sites. 	285402
http://www.voyeur-dorm.teen-fuck-pics.com/index.html	Voyeur Dorm	Photos of teens, Asian, and lesbians. 	285402
http://www.badporn.com/badgirls/index.html	Bad Girls	Pictures of Ebony and white nudes, fucking and fetish sex. 	285402
http://www.shaved-pussy.teenage-group-sex.com/index.html	Shaved Pussy	Pictorials of girls with bald pussies and hardcore sex. 	285402
http://www.sex-photos.freepussyporno.com/index.html	Sex Photo	Photos of softcore, lesbians, and hardcore sex. 	285402
http://sexy-legs.softcore-porn-pics.com/	Sexy Legs	Pictures of toe sucking and women posing naked. 	286075
http://www.porn.dirtypix.net/	Porn Pics	Mixed softcore and hardcore photographs. 	285402
http://sableporn.exotichaven.com/index.html	Porn Pics	Thumbnail galleries of teens, ebony women, and interracial sex. 	285402
http://www.porn-pics.badgals.com/index.html	Porn Pics	Pictures of nude women and explicit hardcore. 	285402
http://www.pornphotographs.com/index.html	Porn Photos	Photos of soft and hardcore porn. 	285402
http://pussypics.clitpix.net/index.html	Pussy Pics	Two spreads of naked models, plus a set of hardcore sex shots. 	285402
http://www.pussy-pics.hairypussypictures.com/index.html	Pussy Pics	Three series of babes, including some hardcore images. 	285402
http://www.pornstars.candyasses.com/index.html	Pornstars	Galleries with images of nude pornstars and oral sex. 	285402
http://porno-pictures.freepussyporno.com/index.html	Porno Pictures	Includes softcore, lesbian scenes, and Asian women. 	285402
http://www.porn-pics.xxx-black-porn.com/index.html	Porn Pics	Pictures of ladies posing and a gallery of cock sucking. 	285402
http://pussy-pics.black-pornography-pics.com/	Pussy Pics	Galleries featuring a solo babe, blowjobs and straight sex. 	285402
http://www.adult-xxx-pictures.com/index.html	Xxx Pictures	Features galleries of black girls, hardcore and teens. 	285402
http://www.xxx-pics.badgals.com/index.html	Xxx Pics	Offers nude girls and hardcore porn pics. 	285402
http://www.xxxpictures.analrimming.com/index.html	Xxx Pictures	Softcore, lesbian and hardcore pictures. 	285402
http://www.pussy.adult-xxx-pictures.com/	Xxx Pussy Pictures	Pictures of an Asian girl, hardcore sex and a girl showing her pussy. 	285402
http://www.xxxsex.anal-hardcore-sex-pics.com/	XxxSex	A blonde with big tits, an ebony girl and lesbians. 	285402
http://www.mcstudio.com/	Girls of MC Studios	Major photo studio that shoots for many mens magazines. Get behind the scene's photos and videos. [Membership] 	285429
http://www.teenagekicks.com/	Teenage Kicks	Galleries of teen pics in various category, plus uncensored live action with chat. [Membership] 	285429
http://www.1by-day.com/	One By Day	Sex calendar. Nude photos of one new girl each day, lesbians, and zip files. [Membership] 	285429
http://www.colorclimax.com/	Color Climax	Hardcore from Europe. Features anal, lesbian, threesomes, teenage, bizarre, and transsexual. [Membership] 	285429
http://www.devilsfilm.com/	Devils Film	Offering softcore picture galleries. Also live video and variety of nude photos. [Membership] 	285429
http://danni.com/	Danni's Hard Drive	Photos of model Danni Ashe and other dancers, and porn stars. Also live video feeds. [Membership] 	285429
http://knickers.teen-hardcore-sex-pics.com/	Sexy Knickers	European and Asian girls in panties. 	284473
http://www.xtrasex.com/x/expo/index.htm	Exposed in Public	Photos of a brunette topless and in a black bikini outdoors by a pool. 	286048
http://www.xtrasex.com/x/flashing/index.htm	Slutty Exhibitionist	Photos of a woman flashing her tits and ass outside a soccer club in England. 	286048
http://www.sex-marks.com/a/flashing/index.htm	Slut Flashing	Photos of a woman in a white micro-skirt and cropped top exposing herself on the street. 	286048
http://www.teenpornstars.net/cr/public/index.htm	Nude in Public	Images of a naked blond woman at the poolside. 	286048
http://www.pornextasy.com/e/flashing/index.htm	Nude in Public	Photos of a mature blonde woman in a red dress and white stockings flashing her tits and ass at various landmarks around Liverpool, England. 	286048
http://www.publicflash.com/	Public Flash	Specializes in exclusive public flashing photos. [Membership] 	286049
http://www.free-nude-redheads.com/	Free Nude Redheads	Separate galleries of three girls posing; one naked outdoors and two semi-nude indoors. 	286056
http://www.teenpornstars.net/a/upskirt/a.htm	Teen Pussy Upskirt	A woman poses and shows off her tits and ass on and by a chair. 	286056
http://alsscan.com/	ALS Scan, Inc.	Large collection of softcore images. [Membership] 	286069
http://www.free-nude-pics.badgals.com/index.html	Free Nude Pics	Four galleries with asian and blonde girls stripping and posing naked. 	286075
http://www.pixcorner.com/sites/silver/farm/default.html	Farm Girls Nude	Blonde woman naked walking her horse, another one playing with snake and also some lesbian content. 	286075
http://www.nude-girls.badgals.com/index.html	Nude Girls	Separate picture galleries of three women posing partly naked; two blondes and one Asian. 	286075
http://www.naked-women.nude-brunettes.com/index.html	Naked Women	Pictures of various females showing breasts and pussy indoors. 	286075
http://www.nude.rawphotos.com/index.html	Nude Women	Nude Black, Euro, and Asian women posing naked and partly clothed indoors. 	286075
http://www.girlstopless.com/index.html	Topless Girls	Separate picture galleries of four women showing breasts. 	286075
http://www.tightpussy.clitpix.net/index.html	Tight Pussy	Pictures of three females stripping and posing naked indoors; a blonde, brunette and Asian. 	286075
http://www.wetpussy.pussyfoto.com/index.html	Wet Pussy	Pictures of women stripping and showing privates indoors. 	286075
http://www.wet-pussy.hairypussypictures.com/index.html	Wet Pussy	Features pictures of nude girls posing, in the shower, and up close. 	286075
http://www.babes-quality.com/	Babes Quality	Multiple galleries with a variety of female models posing in bikinis, naked, and semi-nude. 	286075
http://www.soft-porn.nude-naked-women.com/	Soft Porn	Four galleries of various women posing naked and semi-nude. 	286075
http://soft-porn.cybersex-pics.com/index.html	Soft Porn Pics	Pictures of naked and semi-nude female models showing breasts and pussy indoors and outdoors. 	286075
http://www.pussyfoto.com/pussy-pics/index.html	Pussy Pics	Galleries featuring photos of naked girls. 	286075
http://www.sexy.pussicats.com/index.html	Sexy Girls	Pictorials of girls in sexually provocative poses. 	286106
http://sexy-girls.freepussyporno.com/index.html	Sexy Girls	Pictures of various girls posing for the camera. 	286106
http://www.sexy-pictures.nude-naked-women.com/	Sexy Pictures	Photos of babes posing in bikinis and lingerie. 	286106
http://www.babesorama.com/	Babes-o-Rama	Glamor photographer Flash shoots strip sequences of women from all walks of life. [Membership] 	286109
http://www.femjoy.com/	Femjoy	Features various poster sized photograph galleries and high definition videos are also offered. Models are always entirely naked. [Membership] 	286109
http://www.clit.nude-brunettes.com/	Clit Pics	Series of softcore pics containing explicit pussy. 	286187
http://www.pornstars-revue.com/hustler-blondes/	Hustler Blondes	Girls stripping their clothes off everywhere. 	286194
http://www.pornstars-revue.com/zoe-zeman/	Zoe Zeman Facials	Offers hardcore images from a single series. 	286714
http://www.avslinx.com/a/temptress/index.htm	Temptress	Offers hardcore images of this porn star. 	286739
http://www.teenpornstars.net/a/kobetai/a.htm	Kobe Tai is Hot	Offers solo images from blue jeans series. 	286742
http://www.thexxxarchive.com/a/kobe/a.htm	Kobe Tai Nude	Offers solo images from blue jeans series. 	286742
http://www.xtrasex.com/x/bigcock/index.htm	Kobe Tai and Big Cock	Hardcore images from a single series. 	286742
http://www.thexxxarchive.com/g/michelle/index.htm	Michelle with Monster Dick	The British porn star in a hardcore series. 	286743
http://www.europornstar.com/deborah-wells/	Hungarian Fellatrix	Blowjobs and cum eating pictures. 	286775
http://www.xtrasex.com/a/a/a.htm	Wayne, Taylor	Solo image series of blonde adult model. 	286772
http://www.eurobeauty.net/Ass/Michelle_Wild/	Wild, Michelle	Hungarian brunette in solo and hardcore images. 	286772
http://www.starsinporn.com/sandeewestgate/	Westgate, Sandee	Solo images of blonde in black mesh and tan mini dress series. 	286772
http://www.thexxxarchive.com/a/wild/index.htm	Wild, Rebecca	Hardcore image series of female pornstar. 	286772
http://www.asianheats.com/Pornstars/Deborah_Wells/	Deborah Wells Oral Sex Pics	Hardcore images from dining room series. 	286775
http://www.czechpornstars.net/Hand_Jobs/Veronica_Vanoza/	Veronica Vanoza	Offers images from oral sex series. 	286799
http://www.eurobeauty.net/Veronica_Vanoza/	Veronica Vanoza	Solo images from black dress series. 	286799
http://www.czechpornstars.net/Veronica_Vanoza/	Vanoza Veronica Lesbian Action	Images from lesbian bath series. 	286799
http://www.eurobeauty.net/Veronica_Vanoza_Hardcore/	Veronica Vanoza	Offers images from hardcore bed series. 	286799
http://www.xtrasex.com/pornstar/stacy/index.htm	Stacy Hardcore	Images from a hardcore series. 	286800
http://www.xtrasex.com/a/stacy/	Stacy Valentine Nude	Nude images from park bench series. 	286800
http://www.pantieupskirt.com/f/stacyv/index.htm	Stacy Valentine Exposed	Offers solo images from park bench series. 	286800
http://www.pornstars-revue.com/dora-venter/	Venter, Dora	Two galleries of hardcore pictures. 	286803
http://www.ideal-babe.com/doraventer/	Venter, Dora	Blonde adult model posing nude. 	286803
http://www.eurobeauty.net/Ass/Dora_Venter/	Venter, Dora	Blonde in mmf group sex series. 	286803
http://www.sex-marks.com/g/rocky/a.htm	Rocky Roads	Offers solo images from gold lame series. 	286813
http://www.starsinporn.com/brittneyskye/	Skye, Brittney	Solo images in lingerie series. 	286864
http://www.ideal-babe.com/adelestephens/	Adele Stephens	Solo images from lingerie and stockings photoshoots. 	286865
http://www.oral-cumshot.com/sylvia-saint-oral-sex/	Sylvia Saint	Offers two oral sex galleries of the Czech pornstar. 	286872
http://www.pornstars-revue.com/sylvia-saint/	Sylvia Saint Blow Job Pics	Photos of the star giving interracial oral sex. 	286872
http://www.thexxxarchive.com/x/saint/index.htm	Silvia Saint	Solo images from blue lingerie series. 	286872
http://www.czechpornstars.net/Sylvia_Saint/	Sylvia Saint Lesbian	Offers images from futon lesbian series. 	286872
http://www.pornzite.com/april_posing/	Summers, April	Porn star April in solo images from poolside series. 	286873
http://www.pornstars-revue.com/nici-sterling-anal-sex/	Nici Sterling	Assorted hardcore images. 	286874
http://www.pornextasy.com/p/nici/index.htm	Nici Sterling Xxx	A gallery of hardcore photos featuring this pornstar. 	286874
http://www.thexxxarchive.com/g/nici/index.htm	Godess Nici Sterling	Solo series of the pornstar stripping. 	286874
http://www.xtrasex.com/o/nici/index.htm	Nici Sterling Bang	Offers hardcore images of this brunette. 	286874
http://www.eurobeauty.net/Blowjobs/Simona_Sun/	Sun, Simona	Porn star in oral sex series. 	286855
http://www.porn-revue.com/vivian/	Star, Csila	Hardcore series of this porn star. 	286855
http://www.eurobeauty.net/Bolivia_Samsonite_Hardcore/	Samsonite, Bolivia	Hungarian porn star hardcore series. 	286855
http://www.czechpornstars.net/Simona_Sun/	Sun, Simona	Offers solo nude images of this blonde. 	286855
http://www.eurobeauty.net/Mia_Stone_Using_Dildo/	Stone, Mia	Porn star playing with dildo. 	286855
http://www.porn-revue.com/Ingrid_Swede/	Swede, Ingrid	Solo pics of this woman. 	286855
http://www.eurobeauty.net/Sophie_Sweet/	Sweet, Sophie	Solo images of Hungarian porn star in black blouse series. 	286855
http://www.eurobeauty.net/Sandra_Shine/	Shine, Sandra	Offers solo images of Hungarian porn star in black stockings series. 	286855
http://www.asianheats.com/Gili_Sky/	Sky, Gili	Two galleries of pretty hungarian babe. 	286855
http://www.eurobeauty.net/Blowjobs/Sandy_Style/	Style, Sandy	Blonde porn star in oral sex series. 	286855
http://www.eurobeauty.net/Blowjobs/Nancy_Sweet/	Sweet, Nancy	Porn star in images from oral sex series. 	286855
http://www.ideal-babe.com/jasminestclaire/	Jasmine St.Claire	Solo and hardcore series of this porn star. 	286875
http://www.thexxxarchive.com/a/big/a.htm	Shay with Big Cock	Hardcore image series in a garage. 	286877
http://www.thexxxarchive.com/pornstar/shay/index.htm	Shay Sweet	The blonde pornstar in hardcore series. 	286877
http://www.thexxxarchive.com/cr/shay/index.htm	Shay Sweet Threesome	Hardcore photo series. 	286877
http://www.sex-marks.com/a/bigcock/index.htm	Shay with Large Dick	Hardcore images of this blonde star. 	286877
http://www.asianheats.com/Tabitha_Stevens/	Tabitha Stevens	Offers solo images from pale blue lingerie series. 	286878
http://www.eurobeauty.net/Ass/Monika_Unco/	Unco, Monika	Brunette porn star in hardcore series. 	286922
http://www.voyeurweb.com/	The Voyeurweb	Public nudity and various pictures sent in by its viewers. 	287170
http://www.projectvoyeur.com/	Project Voyeur	Features pictures sent in by its viewers. 	287170
http://www.pantieupskirt.com/a/upskirt/a.htm	Teeny Upskirt	A young woman lets you peek under her skirt. 	287204
http://www.pantieupskirt.com/a/peek/a.htm	Upskirt Peeks	Various women show off their panties. 	287204
http://www.nude-in-public.com/	Nude In Public	100 percent public nudity, young women nude. [Membership] 	286049
http://www.flash-in-public.com/	Flash In Public	Just what it says, girls who get naked in public. [Membership] 	286049
https://www.uk-flashers.net/	UK Flashers	British girls getting nude in public places. [Membership] 	286049
http://www.fetishroleplay.co.za/	Mistress Gail	[Glenwood, Durban] Dominatrix describes her services, with galleries of her and her sessions. 	289344
http://www.hothouse.co.za/	Hot House	[Cape Town] Leisure club for gay men, featuring a fireplace, luxury cabins, and a large steam room. Club information and a small gallery of pictures. 	289345
https://pharaohs.co.za/	Pharaohs	[Midrand] Swingers club, with bar, dance floor, pool, jacuzzi, and private and voyeurs rooms. Rules, photos and details and reviews of a variety of evenings. 	289346
http://www.missioncreep.com/tilt/index.html	Expresso Tilt Penis Page	Genital satire from the Expresso Tilt online anthology of humor. 	290577
http://www.ooze.com/	Ooze Magazine	Articles on dangerous masturbation, the middle finger, and other outrageous humor. 	290576
http://bl.net/forwards/bedgolf.html	The Rules of Bedroom Golf	The rules of bedroom golf and other funny stuff 	290576
http://idiotny_1.tripod.com/	Weigh Your Boobs Online	Web application to calculate the weight of your breasts online. Claims 93% accuracy. 	290576
http://www.hoboes.com/FireBlade/Politics/Smurfs/	The Sexual Adventures of the Smurfs	Contains the classic story of the Smurf orgy. 	290579
http://www.dollforum.com/	The Doll Forum	Pictures, quality issues, consumer information, links and news. 	1067230
https://www.bearornot.com/	Am I Bear or Not?	Rate photos of hairy men. 	290582
http://rawdataserver.com/cgi-bin/a/ainon.cgi?x=0	Am I Naked?	Rating and viewing a variety of pictures, mainly of women. 	290582
http://www.sex-rekorde.com/	Sex Rekorde	Illustrated guide to the world's sexual records achieved by humans and animals. 	290575
http://www.avn.com/	AVN (Adult Video News)	Trade information for the adult entertainment industry. Headline industry news, adult video news, video reviews and special interest. 	290891
http://www.nakednews.com/	Naked News	Daily news told in the best form, by naked women. International, national  sport, business, and entertainment news are included. 	290891
http://www.ainews.com/	Adult Industry News	Porn star interviews, film and club information, events calendar, and features. 	290891
http://www.lukeisback.com/	Luke Is Back	Blogger and adult industry gadfly Luke Ford provides daily commentary on the adult video and internet industries. 	290891
http://www.mikesouth.com/	Mike South	A Southern porn producer's daily take on the industry. 	290891
http://www.grainbeltnews.com/	Grain Belt News	Dedicated to adult entertainment of all forms in the Midwestern U.S. Includes online news, reviews, and sounding board for adult entertainment in the Midwest. 	290891
https://hustler.com/	Hustler	E-zine of Hustler magazine with links to other Flynt publications. [Membership] 	290894
https://penthouse.com/	Penthouse	Online e-zine of Penthouse magazine. [Membership] 	290894
http://www.gaytimes.co.uk/	Gay Times	Scene news and events, including UK  law and a worldwide guide. 	290894
http://www.nude-in-public.co.uk/	Nude-in-public.co.uk	Free video clips and photos of British girls nude in public. 	286048
http://www.swingingheaven.za.com/	Swinging Heaven South Africa	Free swingers site with personal profiles, video chat room, gallery, forum, and listings of swinger clubs. 	289351
https://www.bestgirlfriendexperience.com/	Best Girlfriend Experience	Agency with out call service to hotels in Sandton, Johannesburg, Cape Town, Durban, and Bloemfontein. 	289342
http://x-nudism.com/	X-Nudism	A selection of nudist photos and nude beach videos [Membership] 	286049
http://www.redvelvet.co.za/	Redvelvet Escorts	Escort directory offering escort profiles from Johannesburg, Durban, Pretoria and Cape Town. 	289342
http://www.kiwiklub.com/	Kiwi Klub	Adult lifestyle and swingers club. Parties, photos, chat, and webcams. 	289351
http://www.coverdoll.com/	Coverdoll	An electronic zine dedicated to silicone love dolls. 	1067230
http://www.hossli.com/articles/2004/01/01/real-dolls/	Real Dolls	A 2004 article by Peter Hossli and Robert Huber, about Abyss Creations and their dolls. 	1067230
https://www.realdoll.com/	Real Doll	Provides extremely life-like silicone dolls. 	1067230
http://www.esa.co.za/	Escort South Africa	A directory of companion profiles. Provides reviews and a forum where clients can interact with the ladies and gentlemen listed. 	289342
http://www.ourdollcommunity.com/	OurDollCommunity	A web forum about love dolls. 	1067230
http://www.amateursplayroom.com/xxx/smooth-shaved-pussies/shaved-beaver/	Smooth Shaved Pussies	Two women remove their clothes and expose their hairless pussies. 	286068
http://www.jennyspublicnudephotos.com/	Jenny's Public Nude Photos	Photo blog containing various photos of a woman. 	286048
http://www.furnitureporn.com/	Furniture Porn	Erotic pictures of furniture in some highly sexual poses. 	290576
http://www.realhamster.com/	Real Hamster	A spoof shop 'selling' small furry customizable pretend pets that perform buggery. Showcases the models available along with customization options and frequently asked questions. 	290577
http://www.boobcritic.com/	Boob Critic	Amateur submissions with comments allowed. Also provides cams and a submission form for readers' pictures. 	290582
http://www.boobyshare.net/	BoobyShare.net	Amateur photographs with an option for readers to submit. Includes a section for the top ranked. 	290582
http://www.elitejohannesburgescorts.co.za/	Elite Johannesburg Escorts	Offers direct bookings via an email form and via cellphone. 	289342
http://www.sexcited.co.za/	Escorts South Africa	Directory of male and female companions, providing profiles and pictures. 	289342
http://www.porndorado.com/sex/shemale/xtc.htm	Raw Shemales	Pre-op transsexual having sex with a man outdoors. 	285369
http://www.porndorado.com/q/shemale/index.htm	Naughty Transsexuals	Black shemale getting fucked by a guy on the park grounds. 	285369
http://www.ladyboytube.com/	Ladyboy Tube	Free clips from Ladyboy Gold featuring hardcore solo, duo and multi action. 	285369
http://www.xvideos.com/	XVideos	Streaming high and standard definition movies. Categories include hardcore, 'punish' porn, public sex, BBW, ethnic and shemale. 	285402
https://faapy.com/	Faapy	High definition movies featuring mostly teens in oral, anal and lesbian scenes. 	284406
https://www.nextdoordolls.com/	Teen Porn Tube	Movies on themes including lesbians and threesomes. 	284406
http://www.godivasporn.com/	Godiva's Porn Tube	Movies with picture sets. Includes gay men featuring daddies and glory holes, straight hardcore featuring interracial and anal, and transsexuals in group sex scenes. 	285402
http://nuvid.com/	NuVid.com	High definition gay and straight movies. Categories for gay includes army, twinks and Asian. Other categories include shemale, cuckold and hardcore. 	285402
https://xhamster.com/	XHamster	Standard and high definition gay and straight movies. Categories include BBW, hardcore and spanking. 	285402
http://www.sex.com/	Sex.com	Standard and high definition movies, gifs and photographs, gay and straight. With categories including fat bottoms, jiggling boobs and blowjobs. 	285402
http://www.flyflv.com/	FlyFlv	Provides an assortment of straight, gay and shemale hardcore and fetish movies. 	285402
http://www.orgasm.com/	Orgasm.com	Provides gay and straight movies. Categories include hardcore, gaping and anal. 	285402
http://xxxbunker.com/	XXXBunker.com	Tube site with gay and straight movies featuring a star rating system and embed code. Includes anal, BBW, shemales, Latino and lesbians. 	285402
https://www.metart.com/	MetArt	Self-proclaimed artistic nude and erotic photography mostly featuring young nude models. 	285429
https://www.vicetv.com/	Viceland	Online presence of an urban monthly magazine. Focus is 21st century culture, music, fashion and multimedia. Excerpts from the print magazine as well as unique content. 	290895
https://asstronomy.com/	Asstronomy	Existing to take you to their picture rating sites (vaginas and boobs, dicks and asses). However you could be forgiven for being distracted by the flying butts (ass-teroids) present on the main site. 	290576
http://www.bluefetishworld.com/fhs/16/adele-stephens/	Adele Stephens	Photographs of the model posing with a guy. 	286865
http://www.porndorado.com/u/flash/begin.htm	Nude in Public	Blonde in red dress and white nylons walks around a harbor dock and flashes her body parts. 	286048
http://videos.blueplayers.com/andrea-spinks/	British Hardcore Pornstars	Provides a couple of galleries featuring a lesbian and straight sex scene. 	286859
http://www.nude-gals.com/	Nude-Gals	Offers photographs and videos, usually soft glamour, but with a few hardcore sets. 	286075
http://www.pussy-closeup.com/	Pussy Closeup	Blog with photographs of ladies spread legged. 	286187
http://youngteens.nuditypix.com/young-teens-nude/	Teen Nudes	Asians and Caucasians teens posing, some licking and bikini babe penetration. 	284445
http://www.young-pussy.nude-brunettes.com/	Pussy	Mixed hard and softcore galleries. 	284445
http://www.allteenstgp.com/	AllTeens TGP	Provides videos and still screen grabs for mostly younger woman in varied sex scenes. 	284406
http://www.hqpornlinks.com/	HQ Porn Links	Offers videos starring mostly younger women in sex scenes with men, women and groups. 	284406
http://www.shemalesexposed.com/	Shemales Exposed	Offers photographs in categories including big butt and BBW. 	285369
http://www.fleshbot.com/	Fleshbot	Blog featuring gay, straight and trans categories with photographs. 	285402
http://www.vintage-nude.com/	Vintage Nude	Blog featuring photographs and magazine grabs from the recent past (1950s onwards). 	285819
http://www.pornpicspass.com/	Porn Pics Pass	Provides hardcore and softcore photographs. 	285402
http://www.pinkfineart.com/	PinkFineArt	Provides an array of picture galleries with younger and mature models. 	286075
https://www.colagirl.com/	ColaGirl.com	Provides galleries of girls in both softcore shoots and hardcore scenarios. 	285402
https://www.bravoporn.com/	Bravo Porn	Tube site featuring straight and gay movies across a range of categories including BBW and anime. 	285402
https://www.hqseek.com/	HQSeek	Mixed hardcore and softcore photo galleries with categories including squirting and big dicks. 	285402
https://www.lynxxx.com/	Lynxxx	Provides galleries of hardcore and softcore photographs. 	285402
http://pornpicsxxx.blogspot.com/	Pornpicsxxx	Offers a collection of hardcore and softcore pictures. 	285402
http://www.jerkingdwarf.com/	Jerking Dwarf.com	Provides galleries of photographs, categories including big tits and MILF. 	285402
https://www.matildas.co.za/	Matilda's Lifestyle (Pty) Ltd	Durban based sex shop selling toys, lingerie and light bondage gear. 	289347
https://www.adultshopsa.co.za/	Adult Shop SA	Sells toys, lingerie and body jewelry. 	289347
https://www.peepholecam.com/	Peephole Cam	Live hidden camera and a large gallery of voyeurism and exhibitionism pictures. [Membership] 	287237
https://www.hxdoll.com/	HX Doll	Custom, real looking sex dolls. Realistic and life sized. 	1067230
http://www.travelsexguide.tv/philippines.php	Philippines Adult Nightlife Index	Directory of adult entertainment sites for the PI: bars, gogo places, escorts, and hotels. 	288567
http://www.utopia-asia.com/tipsindo.htm	Utopia: Indonesia	Gay resources and travel tips. 	288625
http://www.thaimistress.net/	House of Dominance	[Bangkok] Private dungeon owned by Mistress Midori, with several other Dommes available. Detailed information and extensive galleries of the facilities and sessions. 	288636
http://clubelectricblue.com/	Club Electric Blue	[Pattaya] Gogo and restaurant on Walking Street with four dance areas and a glass floor.   Menu, dancer pictures and location map. 	288637
https://facebook.com/The.Dollhouse.Bangkok	The Dollhouse A-Go-Go	[Bangkok] Website of the Dollhouse group of a-go-go bars in Pattaya and Bangkok. Includes dancer photos. 	288637
http://www.phuketbars.info/	Phuket Bars	Information on Phuket nightlife. 	288637
http://www.theclassroompattaya.com/	The Classroom	[Pattaya] An adult entertainment bar with over 70 girls. 	288637
http://www.costaricaescort.com/	Costa Rica Escort	Male and female services. Email contact only. 	288699
http://travelsexguide.tv/sacosta.htm	Travel Sexguide for Costa Rica	Index to adult entertainment, escorts, brothels. 	288703
http://www.saphir-escort-agency.com/	Saphir Agency	Photos and stats for several females available via the agency. 	289057
http://www.aphrodite-agency.com/	Aphrodite Agency	[Brussels] Details of the company and its policies. Brief descriptions of the female escorts available with more details and some photos via free membership. 	289057
http://www.mistress-shane.com/	Mistress Shane	[Antwerp] Domina offers sessions at her fully equipped dungeon, email and telephone training, and videos. Lots of detailed information and photos, also schedule of her visits to OWK, London and Amsterdam. 	289059
http://the-boots.com/	The Boots	[Antwerp] Gayclub for leather and kinky's lovers. intro, calendar of events, photos and location map. 	289061
http://www.divas.at/	Divas	[Vienna] Agency offering women for local outcalls. Gallery and stats for each. 	289135
https://www.babyloncastle.com/home-en/	Babylon Nightclub	[Salzburg, Vienna] Nude bar and restaurant. Location and contact information, photos of the girls. Site in German, English, some Italian. 	289141
https://www.casabianca.at/	Casabianca	[Innsbruck] Introduction with directions and opening hours of a club offering food, wine and women. 	289141
https://www.blowingwind.io/	Blowing Wind Singapore Gay Forum	A forum for mature Singapore gay men. Has a bulletin board on events as well as special interest groups. 	288578
http://www.pattayacity.com/soi8agogo.html	Soi 8 Agogo	[Pattaya] Go-go bar on Soi 8. Introduction and location map. 	288637
http://www.viennaescort.at/	Vienna Escort	High-class escort agency. Gallery and contact information. 	289135
https://www.costaricavipparty.com/	Costa Rica VIP Party	Offers male and female companions. Supplies photographs of some of their ladies and a booking form. 	288699
http://www.drnights.com/	Dr Nights	Offering all inclusive vacations with male, female or transsexual companions. Accommodation is provided at resorts or in private villas or condos. Includes information and photographs about the accommodation and companions. With testimonials and rates. 	1054173
http://www.satisfactionplusadultvacations.com/	Satisfaction Plus Adult Vacations	A resort on the south coast of the island offering fully inclusive stays with companions. Provides package and activity information, resort photographs, a forum and FAQs. 	1054173
http://www.oxygenretreat.com/	Oxygen Retreat	Arranges vacations with companions throughout the island. Provides information about the accommodation available, photographs and videos of the ladies and a blog. 	1054173
http://www.hedonism.com/	Hedonism	Lifestyle-friendly, clothing optional resorts for adults on the island. Provides information and photographs of the accommodation, activities and entertainment. 	288666
https://www.charlotte.am/	Cabaret Charlotte	Offers concerts and erotic shows. Includes picture galleries. 	288629
https://www.seventh-heaven.com/	Seventh Heaven	A gentleman’s club in Tokyo. 	288545
https://hentaitokyo.com/	Tokyo Hentai Club	Escort agency. With profiles and pictures. 	288545
https://www.cherryaffairs.sg/	Cherry Affairs	Retailer of general adult merchandise. Offering same day service to local customers. 	288579
https://www.dsdoll.us/	DS Doll	Company manufacturing life-sized realistic-looking silicone sex dolls. And should you fancy a change they also sell spare heads and bodies. 	288593
https://www.kanojotoys.com/	Kanojo Toys	Retailer of the expected range of sex toys, including silicone love dolls and fucking machines. 	288545
http://www.elis.in/	Elis	Delhi based agency offering pictures and profiles of their ladies. 	288607
http://www.dominafire.com/	Domina Fire	Manila based dominatrix. Providing information about her sessions and pictures. 	288566
https://mistysagogo.com/	Club Misty’s Agogo	Based in South Pattaya. Includes dancer photographs and details of upcoming events. 	288637
http://www.bangkokbestmassage.com/	Bangkok Best Massage	Agency providing profiles, rates and services for male, female and trans escorts. 	288634
https://maxim-wien.com/	Maxim Wien	Brothel located in the centre of Vienna. Provides pictures and rates. 	289133
http://www.citytours-gr.com/	City tours in Greece	[Directory] Listing escorts and agencies with providers in Greece. Photos and web links 	288712
http://www.swinger-holidays.com/	Swinger Holidays	Cruises for couples on a yacht in the Greek Ionian sea. Full details and photos. 	288715
http://www.gaytravel.co.uk/mykonos.htm	Gay Guide to Mykonos Greece	Travel guide with location information, attractions, accommodations, transportation, money, gay bars, restaurants, and shopping. 	288716
http://www.mrs-linda.com/	Mistress Linda	[Sophia] Lady offering BDSM and fetish play. Information including services, rates, contact details and several photo galleries. 	288940
http://www.chita.20m.com/	Angelica	[London, England and Dublin, Ireland] A few details about a pre-op transssexual available for escorting. Includes a selection of photos of her and her working buddy, Cherrie. 	288958
http://www.targetescorts.com/	Target Escorts	Agency for females in various locations and available for travel. Photos and details of each. 	288960
http://www.aistringas.com/	Aistringas.com	Professional striptease dancers and belly dancers available for parties and other events. 	289005
http://www.mistresslucrezia.com/	Lucrezia	[Milan] Sophisticated multi lingual Domina with fully equiped dungeon and various friends for double sessions. Site includes photos of sessions. 	289019
http://users.libero.it/miss.diana/	Mistress Diana	[Turin] Mistress who speaks Italian, French and a little English offers a range of services in her fully equiped dungeon. Site has basic details and several photo galleries. 	289019
http://www.xclub.ee/	X-Club	Strip club and bar located in Tallinn. Find virtual tour, information on shows, and a photo gallery. 	289087
http://budapest.gayguide.net/	Budapest Gay Guide	Tourist information, media, bar and club listings. In English, German and Hungarian by Gayguide.net. 	289100
https://www.felinesescort.com/	Felines	[Geneva] Worldwide escort services. All ladies have galleries and details. 	288960
http://www.valentine-escort.com/	Valentine Escort	[Amsterdam] Female escort agency. Rates and contact information. No photos here. 	289159
http://www.madieanne.com/	Mrs.Madieanne	[Amsterdam] Contact information and photo examples of what can occur in the company of this Domme. 	289164
http://www.meesteres-gerda.com/index0.html	Mistress Gerda	[Arnhem] List of services with photographs of the domina and her premises. 	289164
http://www.fun4two.nl/	Fun4Two	[Moordrecht, near Gouda] Swingers club with bar, dance floor, sauna, large jacuzzi and out door heated pool, as well as a wide variety of themed erotic rooms. Full details, photos and prices. 	289167
https://www.kasteelwaterloo.nl/	Kasteel Waterloo	[Roermond/Venlo] Full details and photos of this classy erotic meeting place of swinging couples and singles, with calendar of events. Various bedrooms, some with large beds to share, sauna and disco. 	289167
http://www.agency-vip-escort.de/	Agency Vip Escort	Luxury male and female escorts for outcall services. All with detailed information and photo galleries. 	289179
http://www.angel-elite-escort.com/	Angel Elite Escort	Agency featuring ladies for out-call escorting. Each with their oewn page of photos, details and prices. 	289182
http://www.danni-escort.com/	Danni	English and German speaking brunette in her mid twenties available for escorting throughout Western Europe. 	289182
http://www.ochsengarten.de/	Gay Bar Ochsengarten	[Munich] Munich's first gay bar for leather, rubber, uniform and jeans. Men only. Site in several languages, gives events, photos, and location information. 	289185
http://www.denisaescort.cz/defaulten.html	Denisa	Agency with in-call premises feature portfolio of ladies for in and out-call services. Brief description, vital statistics and photos of each lady plus means of contact. 	289195
http://www.pragueescorts.org/	My Fair Lady	[Prague]Portfolio of a few ladies avaailable locally, each featured with photos, fees and brief details. 	289195
http://web.quick.cz/villasara/	Villa Sára	[Plzen] Smaller club with personal services and bar. Pictures of the interior and several girls, with full price list. 	289199
http://www.lotos.cz/	Lotos Club	[Prague] Club with bar, pool and twenty girls under 24 available for personal services, including SM. Photo galleries of the companions. 	289199
http://travelsexguide.tv/czechsexguide/	Czech Adult Nightlife Guide	Extensive listings of websites in categories of escorts, privates services, nightclubs and stripshows, swingers, accommodation, other directories and classified listings. 	289201
http://escortboyparis.free.fr/	Jean Pierre	[Paris] Tall and very muscular gay male escort. Basic details, reviews and a gallery. 	289211
http://www.escort-monaco-monte-carlo.com/	Female Escort	Contact details for outcall services and a photo. 	289212
http://www.escortnicecannes.com/	Aline	[South East] Contact details and a gallery for her outcall services across the country. 	289212
http://www.maya-escort.com/	Maya	[French Riviera] Available for outcall services. 	289212
http://m.cindy.free.fr/index_english.htm	Maitresse Cindy	[Paris] Dramatic Domina with spacious and fully equiped dungeon. Few details but extensive galleries of facilities, session scenes, and exibitions. 	289214
http://sm.almerina.free.fr/sommaire.htm	Maitresse Almerina	[Nice] Basic details and gallery of the Mistress and sessions. 	289214
http://thai-massage.dk/	Thai Massage	[Copenhagen] Clinic specializing in the ancient art Thai massage. Description and photos of the premises and service along with means of contact and phone number for prices of additional services. 	289225
http://www.slm-cph.dk/	SLM København	[Copenhagen] Information on events and details of this club for gay men into leather and motorcycles, and fetish dress. 	289235
http://www.escort-ireland.com/	Escort Ireland	Directory with details and photos also forum with reviews, listings and message boards. 	289246
http://www.lapello.com/	Club Lapello	Erotic dance venue with club's in Dublin and Cork 	289254
http://www.kinky.ie/	Kinky	Variety of adult goods including toys, videos, novelties and erotic clothing. Online or postal ordering. 	289255
http://www.gay-ireland.com/	Gay Ireland	Ireland's original lesbian and gay website (previously known as Queer Ireland). Personal ads, free gay e-mail, chat, message board, news, reviews. 	289260
http://www.annika-escort.com/	Annika Amour	[Copenhagen] Swedish, bi-sexual blonde offering escorting appointments. Personal and service details along with photos, prices and means of contact. 	289227
http://www.fkk-artemis.de/	Artemis FKK Saunaclub	Berlin club with bar, restaurant and rooms. Site has pictures of the facilities and the women. 	289185
http://www.zwangsjacken.com/	No Escape	Company hand making products such as strait jackets, prisoner and adult baby themed bondage clothing, and body bags. Provides detailed measuring instructions and a picture of some of their past bespoke orders. 	1061687
http://www.mrs-yvonne.com/	Mistress Yvonne	Nurse turned SM Mistress in the area of Heerlen. 	289164
http://www.ladymarion.cz/	Lady Marion Night Club	[Karlovy Vary] Night club with erotic show and personal services. Photos of several of the luxurious various themed rooms. 	289199
https://privat-escort.com/	Private Escort	Database of in house and outcall female services. Includes several softcore videos of woman. 	289195
http://prague-escort.org/	Elite Prague Escorts	[Prague] Profiles of males and females available. With statistics, photographs, rates, and booking information. 	289195
https://bizarrlady-undine-hamburg.de/	Bizarrlady Undine Hamburg	[Hamburg] Female switch offering top and bottom services. With pictures, profile, rates and FAQs. 	289184
http://gayescortmarkus.com/	Gay Escort Markus	[Giessen] Available for men only, offering outcalls. With information, pictures and rates. 	289181
https://traumboys.eu/	Traumboys.eu	[Cologne] Agency specialising in younger men. With a blog, profiles and pictures. 	289179
https://tabassum.store/	Tabassum GmbH	Sells music band merchandise and related products. With a section for BDSM and leather goods. 	1061687
http://www.berlin-escortgirls.com/	Berlin Escort Girls	[Berlin] Agency with profiles and pictures of their ladies. 	289179
https://www.prive-escort.de/	Prive Agency	[Frankfurt] Agency with profiles of ladies available. Includes FAQs, blog and pictures. 	289179
https://berlin-escortmodelle.de/	Berlin Escort Modelle	[Berlin] Agency with ladies offering classic and fetish services. With photographs, profiles and reviews. 	289179
https://www.high-class-escortes.com/	HCE	Agency with ladies registered throughout the country. Profiles and pictures. 	289179
https://www.sophies-escort.de/	Sophies Escort	Agency based in Hamburg with ladies across the country. Includes profiles, pictures and rates. 	289179
https://nimhneach.ie/	Nimhneach	[Dublin] Fetish and BDSM event. With information about their upcoming events and dress code. 	289263
https://www.dominasreni.net/	Domina Sreni	[Milan] Mistress with chambers. Profile, pictures and contact form. 	289019
http://www.fata-morgana.nl/	Fata-Morgana	[Amsterdam] Premises arranged over three floors. With information about the club, pictures of the inside and location information. 	289167
http://www.thecourtesanclub.com/	The Courtesan Club	Agency representing ladies throughout the country. With profiles, rates and pictures. 	289159
https://www.pure-escort.com/	Pure Escort	Agency for independent girls in Amsterdam. With pictures and profiles. 	289159
https://www.rubberclothing.org/	Rubberclothing	Company selling latex clothes and hoods for men and women. 	289207
https://www.escort.cz/	Escort Online	Searchable directory of male and female escorts, clubs, swingers and strippers. Photographs, prices, maps, and service descriptions. 	289193
https://www.gearberlin.com/	Gear	Berlin store selling leather and fetish items. Provides pictures of the store and opening times. 	289177
http://www.salon-deliama.de/	Salon Deliama	Establishment in Freiburg offering erotic massage for men and women. Provides pictures of their rooms and profiles of their masseurs. 	289177
https://www.alexandrabalance.com/	Mistress Alexandra	Dominatrix in Athens. Provides information and photographs of her and her rooms. 	288711
https://clubgoldenkey.nl/	Golden Key	Amsterdam based gentlemen’s club, with pictures and opening hours. 	289166
https://www.girlscompany.nl/	Girls Company	Amsterdam escort agency. Providing profiles and reviews of the ladies. 	289159
http://www.male-stripper.net/	Call Boy	German man offering his services as a stripper and gigolo in Austria, Switzerland and Germany. Providing service information, pictures and rates. 	288961
https://www.xescorts.com/	X Escorts	Providing profiles for escorts of all gender identities, agencies and masseuses in several European countries. 	288959
http://www.thesecretboudoir.com/	The Secret Boudoir	Mature women of betwen 25 and 65 years for incalls and outcalls. Photos and details of each. 	288781
http://www.fyeo.co.uk/	For Your Eyes Only	Chain of tableside dancing clubs. Full details, virtual tours of some establishments and photos of some of the girls. 	288735
http://www.ukescort-adultmodel.co.uk/	Sarah Jayne	[Leicester] Glamour and adult model also offers both in and out-call escorting. Brief service information and vital statistics can be found along with photo gallery and contact details. 	288759
http://www.geohost.net/adm/cleo/	Mistress Cleo	[Nottingham] A green eyed blonde Goddess with single page info and a photo. 	288761
http://www.soft-touch.co.uk/	Soft Touch Bodyworks	[Northampton] Massage centre. Lots of photos of facilities and masseuses. 	288762
http://www.stanstedescorts.co.uk/	Stansted Escorts	[Norfolk, Suffolk, Cambridgeshire and Essex] Agency gives details and photos of females available for in-call and out-call services. Links provided to some of the ladies reviews. 	288769
http://www.peterboroughescort.co.uk/	Melanie Rose	[Peterborough] Late twenties lady with strawberry blonde hair, a 38C figure offering out-call visiting and in-call personal massage services. Photos and full details. 	288770
http://www.cherrygirls.co.uk/	Cherry Girls	Listings, including descriptions and details, photos, weblinks, and direct contact numbers of female escorts. 	288780
http://www.carmenssecrets.com/	Carmen's Secrets	An introduction service who offer female companions, for in or outcall appointments for gentlemen or couples. Ladies all have their photos, bio and prices listed. 	288781
http://www.the-gallery.co.uk/	The Gallery	Introducing ladies from around the world, all offering both an in-call and visiting, personal appointment service to gentlemen. Each featured with photos, description, fees and contact information. 	288781
http://www.pasha.co.uk/	Pasha	Introduction service offer details of many females wiling to entertain gentlemen. All girls have their own page with description and pictures, some semi nude but no full face. 	288781
http://www.citybutterflies.com/	City Butterflies	Offers a selection of ladies from around the globe. Details and pictures, some faces shown. 	288781
http://www.perfectpetals-escorts.co.uk/	Perfect Petals	Pretty female companions and sensual massage service. Browse by location or view all. Photos and descriptions. 	288781
http://www.hamiltonsescorts.com/	Hamilton's Escorts	This provider of intimate liaisons has ladies offering in and outcall personal appointments. Along with each models photos can be found stats, description, prices and means of contact. Credit cards accepted. 	288781
http://www.photogirls.net/	Photo Girls	Introduction service offers a choice of elite, glamour or natural girls at varying price levels. Photos and details available along with email and telephone contact. 	288781
http://www.eclipse-escorts.co.uk/	Eclipse	Many ladies listed alphabetically offer outcall visiting service. Brief details, with photo are shown for each lady. 	288781
http://www.bestescort4u.com/	Best Escort For You	A selection of women for incall and outcall. Galleries, rates and descriptions. 	288781
https://www.angelsescortssurrey.com/	Angels	Selection of ladies searchable by hair colour, age or nationality. Each with a photo slide show, vital statistics and service details. 	288781
http://www.angelsoflondon.com/	Angels of London	Oriental, black and European ladies, available for in and out-call personal service appointments. Each featured with photos, stats and prices. There is also a car and limousine, hire service. 	288781
http://www.saucylondonescorts.com/	Saucy London	Introduction service provide seductively skilled ladies, for in and outcall appointments. Details and photos for each lady are available. 	288781
http://panache-escorts.co.uk/	Panache	Large selections of female companions offer in-call services. Photos, bio, and contact information available but prices not quoted on site. 	288781
http://www.escorts-of-london.co.uk/	Escorts of London	Introduction service, feature a few ladies, offering both in and outcall appointment. Photos and brief description are shown of each provider. 	288781
http://www.asianselection.com/	Asian Selection	A portfolio of ladies from the Far East, offering personal service appointments, featured with photos and description of each. 	288781
http://www.00-44.net/	OO-44.com	Part-time ladies offering in and out-call services. Along with ladies' details, photos and contact arrangements, tips for first timers are offered. 	288781
http://www.cremedelacremme.com/	Creme de la Cremme	Features ladies offering both in and out-call to gentlemen. Each with photo, descriptions and fees plus a separate fetish portfolio of ladies offering BDSM. 	288781
http://www.agencycaprice.com/	Agency Caprice	Features a portfolio of ladies offering both in and out-call services. Each with their own page of photos and details, most with prices. 	288781
http://www.divaescort.com/	Diva Escort Agency	Large selection of ladies, offer their services on both in and out-call basis. Photos and brief description of each lady is shown along with contact information. 	288781
http://www.cheapandchic-london-escorts.com/	Cheap & Chic	Good selection of ladies, photos, rates, online booking form. 	288781
http://www.avisbabes.com/	AvisBabes	Selection of ladies offering both in and out-call services. Photos, vital statistics, prices  of each lady, along with means of contact. 	288781
http://www.london-asian-escorts.com/	London Asian	Asian and Oriental ladies, photos and descriptions. 	288781
http://www.babylongirls.co.uk/	Babylon Girls	Large selection with photos and descriptions. Search by postcode, hair colour. 	288781
http://annas-angels.co.uk/	Annas Angels	English and international ladies and men, varied services. Photos and descriptions. 	288781
http://www.london-independents.com/	London Independent Escorts	Find a selection of ladies offering both in and out-calls.  Bio, stats and fees shown for each, along with their own slide show. 	288781
http://www.orientalplatinum.co.uk/	Oriental Platinum	Large selection from various far east countries. Transsexual service also. 	288781
http://www.hot-collection.co.uk/	Hot Collection	Large selection, photos, client's reviews, indication of services provided by each girl. 	288781
http://www.vivaescorts.com/	Viva	Large selection of Latin and East European girls. Photos and descriptions. 	288781
http://www.impulse247.co.uk/	Impulse 247	Serving the airports, surrounding counties and the Greater city area itself. Work schedule shown for some girls. 24/7 and Skype contact possible. 	288781
http://www.londonretreat.co.uk/	London Retreat	[Earls Court] Contact info and photos of the Mistresses - emphasises safety and discretion. 	288788
http://www.mistress-sapphire.co.uk/	Mistress Sapphire	[Edgware] Mature, strict and controlling Dominatrix. Gallery and information. 	288788
http://www.madame-tachibana.com/	Madame Tachibana	[Paddington] Japanese Mistress offers most BDSM services, including extreme torture. This site contains service information, contact details and a photo. 	288788
http://www.geohost.net/adm/zulu/	Mistress Abigail	Tall and strong Zulu Domina offers a variety of scenarios. Gallery on site. 	288788
http://www.geohost.net/adm/alana/	Mistress Alana	Brief description and photos of a blonde formidable Domme. 	288788
http://www.geohost.net/adm/ashley/	Mistress Ashley	[North London] TV Mistress with fully equipped chambers. Single page of information with a couple of photos. 	288788
http://www.geohost.net/adm/ella/	Mistress Ella	[Hither Green, SW6] Experienced sensuous Domina lists her various services with a few photos. 	288788
http://www.geohost.net/adm/gemma/	Mistress Gemma	[Oxford Circus] Blonde, green eyed stylish English Domina. Brief details and photos. 	288788
http://www.geohost.net/adm/sandra/	Mistress Sandra	Basic details for her services which can include overnights and a small photo gallery. 	288788
http://www.geohost.net/adm/wanda/	Mistress Wanda	[Earls Court] Dominatrix in her late twenties with a 34DD-22-34 figure. Pictures, descriptions of services, and an interview. 	288788
http://www.geohost.net/adm/ray/	Mistress Ray	Various BDSM services available, including needle play, crossdressing, scat and bodyworship. Full details and a gallery. 	288788
http://www.geohost.net/adm/vicky/	Madame Vicky	[City of London] Mistress offers a wide array of fetish role-play games including medical examinations. Basic details and a few photos. 	288788
https://www.stringfellows.com/	Stringfellows	Information about this famous nightclub and its owner. Lots of photos and a few stripper videos. 	288790
http://www.thehoistbasements.com/	The Hoist	[Vauxhall] A gay leather fetish dress code bar with details, events, news, opening hours, nearby accommodation, picture galleries all available on-line. This establishment operates on a Free House basis and has a strict dress code. 	288790
http://www.ourplace4fun.com/	Our Place 4 Fun	Members only sex club for adult swingers catering for couples, guys, and ladies, gay, lesbian, fetish and transsexuals. No alcohol sales but bringing your own is welcome. Venue description, rules and photos can be found with membership application. 	288790
http://www.torturegarden.com/	Torture Garden	A world renowned fetish and BDSM related club featuring play areas, dance floors and exotic acts and demonstrations. Future club events and news items along with on-line newsletter request form. 	288790
http://www.underground-london.com/	Underground London	Directory of escorts and dommes. Some listings with photographs, each one has contact information. 	288777
http://www.adultsx.co.uk/	Adult Sex	Listings of UK massage parlours, escorts, agencies, mistresses, clubs, premium rate phone sex services and adult contacts.  Most listings use BT's K' rate for contact. 	288869
https://www.prettybigescorts.com/	Pretty Big Escorts	Listing of larger sized women and reviews available for each. 	288873
http://www.acemassage.net/	Ace Massage	Directory of massage parlours and escorts categorised by area. Photos and information on each entry. 	288869
http://www.selectanescort.com/	Select an Escort	Photo listings of female escorts. Each profile with contact information and self written biography searchable by location and/or services provided. 	288873
http://www.sexyindependentescorts.com/	Sexy Independent Escorts	Profiles and photos of independent providers of escorting services in the UK shown in regional galleries. Each lady with their own page of details and photos. 	288873
http://www.uk-mistress-directory.co.uk/	Mistress Directory	Featuring female or transvestite dominas. Town or county location and web links. 	288881
https://www.clonezonedirect.co.uk/	Libertybelle UK Limited	Offers items in categories such as fetish, swimwear and fashion. Includes a wish list facility. 	288884
http://www.cobrawhips.com/	Cobra Whips	Sells a wide range of  bullwhips, stockwhips and multi-tailed whips  in cowhide, kangaroo leather and rubber, 	288885
http://www.westwardbound.com/	Westward Bound	A range of equipment and clothing. 	288885
https://www.affordableleather.co.uk/	Affordable Leather Products	BDSM gear focused on economy, function, and adaptability. Online catalogue. 	288885
http://www.gaybritain.co.uk/	The Internet UK Gay Guides	Directory of UK gay information and entertainment web sites. 	288869
http://elite-moscowgirls.com/	Elite Moscow Girls	Agency features ladies offering out call visiting services showing photos and brief details of each, rates and means of contact. 	288946
http://www.oriental-massage.ro/	Sakura Massage	[Bucharest] Premises specializing in the Japanese art of massage including a digital technique used for massaging the prostate gland, male G-spot. Details of massage and male g-spot, location and contact. 	288976
http://www.luckylove.ro/	Lucky Love	[Bucharest] Night club offering top-less review show and massage salon. Brief outline of shows, gallery of dancers, about massages, location and contact details. 	288977
http://www.barcelonaescorts.com/	Barcelona Escorts-Escorts Madrid	[Barcelona and Madrid] Agency with a selection of females available. Stats and galleries of each. 	288988
http://www.marbella-party.com/	Marbella Party Erotic Guide	The erotic guide for Marbella and the Costa del Sol. Includes bars and clubs, escorts, dancers, and sex shops. (Site in English, German, and Spanish.) 	288996
http://www.escortwanda.com/	Wanda	[Stockholm] Photos and brief details about a platinum blonde escort in her early twenties available for incall and hotel outcall. 	289035
http://www.surprise-escort.ch/	Surprise Escort	[Zurich] Agency of female escorts, and one callboy, with photos and brief details of each. 	289106
http://www.agence-elegance.ch/	Agency Elegance	[Geneva] An agency with a selection of ladies and gentlemen offering a visiting service with a fat available on an hourly basis for those passing through. Details about the agency, providers photos and information, tariff, booking conditions and contact. 	289106
http://www.lisa-escort.com/	Lisa	[Geneva] Classy, uninhibited escort with 38C-26-35 figure available for outcall only escorting. Gallery and information. 	289107
http://www.venusia.ch/	Venusia	[Geneva] Parlour with air conditioned rooms offers erotic services. Photos of the establishment some showing their ladies, menu of pleasures available with prices, opening hours, address and contact details. 	289107
http://travelsexguide.tv/wech.htm	Faxxaff's Swiss Sex Index	Listing of links to escorts, brothels and nightclubs. Descriptions in English though most sites linked to are not. 	289112
http://www.peoplemale.com/	People Male Escorts	[Amsterdam] Leading gay escort service in the Benelux. Searchable database and photos (though access to photos must be requested). 	289161
http://www.leatherpride.nl/	Leather Pride Nederland	[Amsterdam] Gay leather organisation which holds an annual weekend of  leather/rubber events, including all-male Playground parties. Site includes calendar of related events across the country. 	289174
http://travelsexguide.tv/eeua.htm	Travel Sex Guide: Ukraine Escort Sex	Listing of services. Each link has a short description. 	289264
http://travelsexguide.tv/polska.htm	Polish Sexguide	Links to brothels, clubs and escort sites with descriptions. Mainly the sites are in Polish only. 	289274
https://taboo.co.uk/	Taboo Adult Toys and Lingerie	Rubber, leather and latex clothing. Magazines and videos. 	288884
http://www.thatsexshop.co.uk/	That Sex Shop	With aphrodisiacs, erotic jewelry and sex toys. 	288884
https://www.lovehoney.co.uk/	LoveHoney Ltd	Offers toys, condoms and lubricants. 	288884
https://slmstockholm.se/	Scandinavian Leather Men Stockholm	Gay leather club with themed events gives it's programme, dresscode, location, and some photos. 	289043
http://www.fetters.co.uk/	Global Commodities International Limited	Supplies hand-made playroom furniture and restraints, such as strait jackets, with a physical store in Warwick. Also provides the company's story and a dungeon design service. 	288885
http://www.mistresscrystal.co.uk/	Mistress Crystal	[Nottingham] Offers domination, humiliation and BDSM services. Personal details, services available, list of dungeons where mistress can be seen, photo gallery and contact details. 	288761
http://www.victoriahouse-massage.co.uk/	Victoria House	[Lutterworth, Leicestershire] Massage parlour with sauna, showers and jacuzzi offering a variety of services. Photos of facilities and brief descriptions of the girls. 	288762
https://www.midlandsmaidens.com/	Midlands Maidens	Escort agency website, containing full portfolios of girls in the East Midlands, all of whom do incall and outcall appointments, and can be contacted by phone or online contact form. 	288758
http://www.twistedmiss.co.uk/	Twisted Miss	Delivering worldwide. Products include sex dolls, books and films and uniforms. 	288884
http://www.punterlink.co.uk/	Punterlink	Categorised links to different types of call girl and massage related sites. Discussion forum and international links. 	288873
http://www.punternet.com/	PunterNet	Provides a searchable listing of ladies along with a separate section for reviews and profiles of working girls. 	288873
http://www.northernescortguide.co.uk/	Northern Escort Guide	Profiles of independent and agency ladies from the Midlands of England up through Scotland. 	288873
http://www.vixen-escorts.com/	Vixen Escorts	Female and transsexual workers, UK based, with some international. With pictures and contact details. 	288873
https://www.my-local-escorts.co.uk/	My Local Escorts	Independent and agency ladies organised by area, ethnicity and body type. Includes reviews. 	288873
http://www.esfinder.com/	ESFinder.com	Listing of independent workers, both female and male. 	288873
https://www.sleepyboy.com/	Sleepyboy	Provides listings for gay or bisexual male or transgender workers. 	288873
http://ineedescort.co.uk/	INeedEscort.co.uk	A compilation of sex-worker profiles for transvestites, transsexuals and shemales. 	288873
http://www.cuddlz.com/	Cuddlz Shop	Provides clothing, accessories and nappies for adult babies. 	288884
https://bloketoys.co.uk/	BlokeToys.co.uk	Sells items including FleshJacks, masturbaters and cock rings. Provides information guides on subjects such as hands-free orgasms and anal play. 	288884
https://www.uberkinky.com/	ÜberKinky	Supplying toys, chastity devices and bondage gear. 	288885
https://www.creativeconceptions.co.uk/	Creative Conceptions Ltd	Manufacturers and distributors of products including condoms, sex toys and hen/stag party ware. Located in Newark, Nottinghamshire. 	288884
http://www.ts-katie.co.uk/	Katie Fox	Pre-op transsexual based in Derby. Provides photographs and rates. 	288757
http://www.missjessicawood.co.uk/	Miss Jessica	Offers a variety of services including double domme sessions. Sessions are real time and online. Based in Hertfordshire and Scotland. Offers services throughout the British Isles and, occasionally, Holland. 	288880
http://www.eastangliaescorts.co.uk/	East Anglia Escort Agency	Supplies photographs and vital statistics for the women on their books. 	288769
http://www.secrets-clubs.co.uk/	Secrets	Fully nude table and lap dancing club, with multiple venues around the city. Description of venues. 	288790
http://www.mistressparis.co.uk/	Mistress Paris	[Croydon] Includes services and rates, a gallery of photographs and events. 	288788
http://misskamirobertson.com/	Miss Kami Robertson	Specialising in corporal punishment and corrective therapy. Includes information on additional services offered, a gallery of photographs of the lady and the venues, testimonials and a blog showing availability. Based in Newcastle and London. 	288880
http://www.subcarrie.com/	Sub Carrie	[Central London] Female offering in calls to gentlemen. Can switch if desired. Offers school role play, corporal punishment and massage. Includes her profile and customer reviews. 	288787
http://www.uk-glamourgirls.com/	UK Glamour Girls	Offers a selection of ladies available for work, along with a profile for each. 	288781
http://www.ajlondonescorts.co.uk/	AJ London Escorts	Supplying profiles with pictures, rates, gallery, reviews and a booking form. 	288781
http://seniorsirens.com/	Senior Sirens	Ladies over 50 years old, available for personal service appointments. Photos and information are available for most of the courtesans. 	288781
https://www.eternitygirls.com/	Eternity Girls	Provides profiles, pictures and rates for their ladies. Includes a booking form and reviews. 	288781
http://vlondonescorts.co.uk/	V London Escorts	Provides profiles and pictures for their ladies. Also has a section for additional services such as swingers' parties. Includes a blog. 	288781
http://www.londonphotomodels.com/	London Photo Models	Pictures, rates and basic details for working ladies. Includes a booking form. 	288781
http://www.palacevip.com/	Palace VIP	Organises ladies according to price range. Supplies profiles with pictures. Also has an international travel section. Booking form and FAQs. 	288781
http://www.fgirls.co.uk/	F Girls	Offers a portfolio of their ladies with descriptions and pictures. 	288781
http://www.premiermodelsuk.com/	Premier Models UK	Profiles and pictures of their ladies. Booking form. 	288781
https://www.angelescortsoflondon.com/	Angel Escorts of London	Asian and Oriental specialists providing pictures and profiles of their ladies. Includes a booking form. 	288781
http://www.rosebudescorts.co.uk/	Rosebud London Escorts	Offers photographs and profiles of their ladies, a top ten based on customer feedback and articles; including question and answer sessions with the ladies. 	288781
https://aurumgirls.co.uk/	Aurum Escorts	Provides picture profiles of their ladies with a section for duos and 'a level'. 	288781
http://www.londongirlfriends.com/	London Girlfriends	Provides photographs and details of available companions. Includes domination and strap-on ladies. 	288781
http://www.sexyasianescorts.co.uk/	Sexy Asian Escorts	Provides access to female and transsexual ladies. Supplies profiles with pictures, booking form, reviews of the ladies and news. 	288781
http://www.firstcallescorts.co.uk/	First Call Escorts	Outcalls only. Provides pictures and profiles. Booking form. 	288781
http://www.24hrlondonescorts.com/	24hr London Escorts	Provides photographs and vital statistics for their ladies. Also provides a booking form. 	288781
http://lilyfields.com/	Lilyfields	Specialising in Latin women. Provides profiles with photographs and a booking form. 	288781
http://www.alwaysescorts.co.uk/	Always Escorts	Provides a gallery of pictures of their ladies. Profiles also included. 	288781
http://www.desadeescorts.com/	De Sade Escorts	Specialises in BDSM and fetish, offering dominant or role-playing ladies. Supplies photographs, rates and profiles. Blog. 	288781
http://www.agencybarracuda.co.uk/	Agency Barracuda	Offers photographic profiles, a gallery of ladies that work together, and customer reviews. 	288781
http://www.hautegirlslondon.com/	Haute Girls	Supplies photographs and profiles of their ladies. Includes a booking form, news and blogs. 	288781
https://www.gentleseduction.co.uk/	Gentle Seduction	Provides Oriental companions, with a selection of ladies that provide massage. Profiles with pictures and a booking form. 	288781
https://vippleasuregirls.net/	VIP Pleasure Girls	Provides pictures and profiles for their ladies. Booking form. 	288781
http://www.cleopatraescorts.co.uk/	Cleopatra Escorts	Provides photographic profiles and a booking form. Offers duos. 	288781
http://www.crushescorts.com/	Crush Escorts	Provides singles and duos. Profiles with photographs. Reviews, news, FAQs and a booking form. 	288781
http://www.cheapestlondonescorts.co.uk/	Cheapest London Escorts	Provides profiles with pictures of females. Offers a blog. 	288781
https://www.1stlondonescorts.co.uk/	1st London Escorts	Lists independents and agencies with categories for black, Asian and mature. 	288780
http://www.uksugarbabes.com/	UK Sugar Babes	Provides picture profiles for their ladies. Has a small section of international workers. 	288781
http://www.mistressdirectorylondon.com/	Mistress Directory London	Listings of ladies throughout the UK, including separate sections for those on tour and those in the capital. Also lists dungeons for hire. 	288881
http://www.exclusivecompanyescorts.co.uk/	Exclusive Company Escort Agency	Offers photographs and profiles of their ladies. Has a separate section for Manchester which is where they're based, and international. 	288725
http://www.elitecourtesans.co.uk/	Elite Courtesans	Supplies ladies in the Midlands, the south of England and Cardiff, Wales. Provides picture profiles and a blog. 	288874
http://www.j-escorts.co.uk/	Juicy Escorts	Lists independents and agencies, female and t-girls. 	288873
http://www.fantasyleather.co.uk/	Simply Leather (Wales) Ltd	Part of a larger leather works company. Produces pony play accessories including bridles, plumes and harnesses. 	288885
http://www.babes-n-horny.com/	Babes and Horny	Creates modern looking silicone dildos, butt plugs and harnesses. Micro company based in London. 	288884
http://www.simplypleasure.com/	Simply Pleasure Ltd	Retail store for an erotic toy wholesaler in Wimborne, Dorset. Products include gifts and games, fetish and bondage, and lingerie. Includes a blog. 	288884
http://www.erotic-holidays.com/	The Swinger Mansion	[Costa Almeria] Couples and singles breaks at a villa. Provides information and pictures of the hosts, accommodation, price list and services offered. 	288995
https://www.photoescorts.com/	PhotoEscorts	Directory listing independent escorts and agencies. 	288987
http://www.erosguia.com/	ErosGuia	Directory of agencies, escorts and masseuses. 	288987
https://cristinassecrets.com/	Madam Cristina	Agency with profiles, pictures and rates for their ladies. 	288988
https://www.amigasdesilvia.com/	Amigas de Silvia	Ladies offering services in Seville and Madrid. With photographs, profiles and rates. 	288988
http://www.thebarcelonaescorts.com/	Barcelona Escorts	English speaking service offering profiles and pictures of their ladies. 	288988
https://www.belle-donne.ch/	Belle Donne	[Zurich] Agency with men and women, offering profiles, pictures and prices. 	289106
https://swiss-models.org/	Zurich Escorts	[Zurich] An agency with profiles and photographs of their ladies. 	289106
http://exclusive-escort-zurich.ch/	Tara Hunt	[Zurich] An independent lady offers profile, pictures and prices. 	289107
http://best-escort-zurich.ch/	Hillary Fisher	[Zurich] Photographs and profile of the lady including rates and reviews. 	289107
http://www.jessicas.ch/	Jessica’s Escorts	Agency in Zurich, with ladies across Switzerland. Profiles and pictures. 	289106
https://www.fgirl.ch/	FaceGirl.ch	A directory of listings for female and transsexual escorts, a section for selfies, profiles, pictures and rates. 	289106
http://escortgirlsinturkey.com/	Escort Girls	Agency providing pictures and profiles of their girls. 	289278
http://www.mistressemerald.co.uk/	Mistress Emerald	[Leicester] Dominatrix with chambers. With photographs and a list of services. Also offers dungeon hire. 	288761
http://abby69escort.com/	Abby69Escort	Offers photographs of ladies available. Includes reviews, services and prices. 	288781
https://www.sexyorientalescortslondon.com/	Sexy Oriental Escorts London	Offers photographs, reviews and profiles of their ladies. 	288781
https://www.cityofeve.org/	Eve Escorts	Provides photographs and profiles of available ladies. 	288781
https://www.admiralescorts.com/	Admiral Escorts	Provides a gallery, profile and statistics of each lady. Reviews. 	288781
http://www.bluemondayoflondon.co.uk/	Blue Monday	Provides photographs and profiles of their ladies. Includes a blog. 	288781
http://www.harmonyescorts.co.uk/	Harmony Escorts	Provides photographs, profiles and reviews of their girls. 	288781
http://www.xlondonescorts.co.uk/	X London Escorts	Provides pictures, profiles and rates of their ladies. 	288781
https://www.voxlondonescorts.co.uk/	Vox London Escorts	Provides pictures and profiles of their ladies. Supplies rates. 	288781
https://richpeopleescorts.com/	Rich People Escorts	Provides pictures, profiles and reviews of their ladies. 	288781
https://diamondkittycats.com/	Diamond Kittycats	Provides a searchable database of their ladies with photographs. 	288781
https://1escorts.com/	No.1 Escorts Agency	Provides pictures, profile and rates for their girls. 	288781
https://www.londonescorts-vip.co.uk/	VIP London Escorts	Provides galleries of ladies along with their profiles and rates. 	288781
http://www.baccaratlondonescort.com/	Baccarat	Offers a searchable database of ladies and a blog. 	288781
http://www2.cleanadulthost.com/amateur/dita/	Dita Courtesan	Black female offering submissive and fetish services. With profile, pictures and rates. 	288787
https://www.electrastim.com/	Cyrex Ltd	Products with electronic nerve stimulation. 	288885
https://ukadultzone.com/	UK Adult Zone	With listings of female and male escorts, mistresses, agencies and masseuses. 	288869
http://www.houseofharlot.com/	House of Harlot	London based designers and manufacturers of fetish fashion for men and women. 	288884
https://www.thelatexfactory.com/	Storemart Ltd	Manufacturers of hoods, strait jackets and body bags. Also supplies care products and offers a bespoke service. 	288884
https://www.adultslovefun.co.uk/	AdultsLoveFun	Mail order company offering toys, bondage gear and clothing. 	288884
https://www.nicennaughty.co.uk/	Nice 'n' Naughty NNN (UK) Ltd	Store with several branches selling sex toys, BDSM items and products for the trans community. 	288884
https://www.youradulttoystore.com/	W.S. Enterprises	Sells toys, games, lingerie and BDSM gear. 	288884
https://www.regulation.co.uk/	Regulation	Soho, London based retail store. Stocks toys, electro, hoods and restraints. 	288884
https://www.idweb.net/	Idweb Ltd	Wholesaler also offering drop ship services for sex toys and lingerie. 	288868
https://www.121contacts.co.uk/	Worldwide Digital Media Ltd	Provides a variety of numbers for ladies offering different types of phone and text chat. 	288868
https://www.uk-phone-sex-lines.co.uk/	Live Lines UK Ltd	Provides British numbers of ladies along with pictures. 	288868
https://www.live121chat.com/	RJ Media	Provides ladies to chat to across a range of topics including domination and mature. 	288868
https://www.rachaelslondonescorts.co.uk/	Rachaels London Escorts	Provides a list of ladies and their profiles, in the area. 	288781
http://www.gayamsterdam.com/	Gay Amsterdam	Provides tourist information and upcoming events. 	289170
https://www.acompanhantesdeluxo.eu/	Acompanhantes Luxo	Provides profiles and pictures of independent ladies throughout the country. 	289090
https://www.escorts-highclass.com/	Escorts Highclass	Directory with independent and agency escort ladies. 	288987
https://www.eulaliaroig.com/	Eulalia Roig	Provides pictures, profiles and booking information for ladies in Madrid, Barcelona and Ibiza. 	288988
https://www.casual-escorts.com/	Casual Escorts	Providing ladies in Barcelona and Madrid. With pictures, profiles and a contact form. 	288988
https://www.bdsmlaboratory.co.uk/	Miss Miranda	[Hanwell] Provides pictures of the lady and her chambers, a blog and instructions about how to contact her. 	288788
https://london-prive.co.uk/	London Privé	Providing details for their male and female escorts. Offering hotel and home incalls and worldwide travel companions. Gives information about their services and a lifestyle magazine. 	288781
https://www.agencyallure.com/	Agency Allure	Provides profiles and pictures of their ladies. 	288781
https://www.maxeslondonescorts.co.uk/	Max’s Angels	Offers profiles and pictures of their ladies. 	288781
http://www.mistress-uk.com/	Mistress UK	Directory sorted by areas within the UK, including index page thumbnails and short description to enable informed choices. 	288881
https://www.britishescortsdirectory.co.uk/	British Escorts Directory	Provides profiles with pictures of independent ladies working across the country including the Channel Islands and Isle of Wight. 	288873
https://www.redthrills.co.uk/	RedThrills	List of links with brief descriptions of females and agencies by area. 	288873
https://magicmoments.co.uk/	Magic Moments (Mail Order) Limited	Supplies sex toys for men and women. 	288884
https://bluevelvetgirls.com/	Blue Velvet Girls	Provides a biography, vital statistics and pictures for their ladies. Includes answers to FAQs. 	288781
http://www.cheshirecompanions.com/	Cheshire Companions	[North of England] Establishment offering female introductions to professional gentlemen. Details, photos and statistics of dozens of ladies available. 	288743
http://www.lafemme.co.uk/	La Femme	Providers with a portfolio of ladies offering out-call services. Photos, statistics and brief descriptions. 	288743
https://www.manchesterlads.com/	Manchester Lads	Gay male escort and masseur listings with full statistics, photos and contact details. 	1053483
http://www.scorcherlegs.com/	Stephanie	[Chester] Mature lady who offers in and out-call services to gentlemen. A gallery, description and tours calendar along with availability and rates is included with ladies contact details on site. 	288746
http://www.geohost.net/adm/pandora/	Lady Pandora	[Wigan] Professional and lifestyle Domina interested in humiliation, CP, traditional English-style discipline, mild CBT, chastity training and obedience training. 	288748
http://www.geohost.net/adm/beverley/	Madam Beverley	[Blackburn, Lancashire] Wide range of services catered for. Short description and a few pictures. 	288748
http://www.geohost.net/adm/annabell/	Mistress Annabell	[Bury] Tall blonde experienced Domina with private fully equipped premises. 	288748
http://www.geohost.net/adm/dawn/	Mistress Dawn	[Manchester] Experienced, tall and beautiful Domina available for BDSM. Brief information and a few varied photos. 	288748
http://www.geohost.net/adm/hellena/	Mistress Hellena	[North Manchester] Contact details and a few photos for a tall blonde Domina. 	288748
http://www.geohost.net/adm/krista/	Mistress Krista	[Oldham] Tall experienced Mistress. Brief introduction and a couple of photos. 	288748
http://www.geohost.net/adm/teressa/	Mistress Teressa	[Bury] Brunette slim Mistress for BDSM, fantasy role-play, kink, and sensuous torture. A few pictures of dungeon, and one of herself. 	288748
http://www.thegeorgian.co.uk/	The Georgian	[Manchester] Photos and details of all the rooms and some of the girls. 	288749
http://www.suzana.net/	Suzana	[Central London] Galleries and basic details about a versatile TV girl escort available for incall services to males, crossdressers, TV's and couples. Dressing services is also available. 	288779
http://danishbritta.co.uk/	Danish Britta	[Knightsbridge] Tall blonde Danish lady offering in & out-call service. Site lists her biography, rates and means of contact along with an extensive set of photo galleries. 	288784
https://www.skintwo.com/	Skin Two	[London NW2 and SE1] Women and men's fetishwear. Includes PVC, rubber, leather, corsets, catsuits, toys and bondage items. 	288792
http://www.gaylondonguide.co.uk/	Gay London Guide	The definitive Internet guide to London's gay pubs and clubs, gay London guide, west-end Soho guide, gay shopping and travel. 	288794
http://www.angelsordevils.com/	Angels or Devils	Females, mainly from Yorkshire, each with gallery, stats, description and selected reviews. Incalls and outcalls available, also party details. 	288807
http://www.misschi.com/	Miss Chi	[Leeds] A variety of photos and information about a petite Oriental Mistress. 	288811
http://www.cleanadulthost.com/amateur/sexxx/escort_Angie/	Angie	[Birmingham] Busty mid 20's lady with a 44(38H)-26-38 figure offers out-call services. Details, photos, prices and contact details are shown. 	288821
http://www.erose.com/	Secret Passions Escorts	[Brighton] Information on services of the agency, and photos of ladies available worldwide. 	288833
http://www.night-day.co.uk/	Night & Day Escorts	Introduction service with  a small portfolio of ladies for out-call services. Each provider with photos and brief details. 	288833
http://www.ladyrochester.com/	Lady Rochester	[Dartford, Kent] Mistress gives full information about her sessions, herself and her requirements. Themed galleries, fees and location map. 	288837
http://www.mistressstephanie.co.uk/	Mistress Stephanie	[Bristol] Treatment for masochists, TVs, slaves and adult babies available in dungeon and nursery. 	288849
http://www.geohost.net/adm/louise/	Mistress Louise	[Bristol] Photos, a review and an introduction to the equipment and sessions given by this brunette Dominatrix. 	288849
http://www.geohost.net/adm/shauna/	Mistress Shauna	[Bristol] TV Domina introduces herself and gives a selection of photos of her posing and in session. 	288849
http://www.central-chambers.co.uk/	Central Chambers	[Bristol] City centre table dancing venue. Club, party and contact details with photos of the ladies pole dancing. 	288851
http://www.valentine-girls.net/	Valentine Girls	Females based throughout the region for incalls and outcalls. Statistics, description and gallery of each lady and calendar of availability. 	288856
http://www.newcastle-escort.com/	Rosina	[Newcastle, Sunderland] Offers both in- and outcall service, plus uniforms, PVC, leather and mild domination service. Small gallery. 	288858
http://www.geohost.net/adm/sue/	Mistress Sue	[Newcastle] Wide variety of BDSM services offered by busty Dominatrix, items for sale, and gallery page. 	288860
http://www.pornhome.com/ladysian/	Lady Sian	[Teeside] Professional Domina in her mid twenties gives full information of the services she offers. Gallery, wishlist, merchandise and fees. 	288860
http://www.gayindex.co.uk/	Gay Index UK	Comprehensive UK gay directory and search engine. 	288934
http://www.geohost.net/adm/dana/	Mistress Dana	[Cardiff] Experienced Dominatrix caters for most fetishes, from the novice to most serious S/M. Regular parties held at her premises, and provides five day intensive slave and maid training courses. 	288895
http://www.geohost.net/adm/amber/	Madam Amber	[Newport, South Wales] Fully equipped true Domina adept in most areas. Information and photos. 	288895
https://passiononline.co.uk/	Passion	[Cardiff] Offers sexy clothing, sex toys and accessories. Shop profile, catalogue and online shopping. 	288889
http://www.butterflyescorts.co.uk/	Butterfly Escorts	[Glasgow] Offering appointments of 3 hours plus on an out-call basis. A small choice of ladies with brief personal details and contact information. 	1053492
https://www.escortsedinburgh.co.uk/	Central Ladies	[Edinburgh] Ladies all with pictures and profiles. 	1053492
http://www.angelicjeanette.00go.com/	Jeanette	[Edinburgh] Petite blonde escort details her incall and outcall services. 	288907
http://www.geohost.net/adm/carmen/	Mistress Carmen	[Glasgow] Tall blonde Domina offers BDSM services with four separate play rooms. Details and one small photo. 	288909
http://www.geohost.net/adm/maxine/	Mistress Maxine	[Glasgow] 6ft 4" tall professional dominatrix briefly describes her services. 	288909
http://www.local-swingers.co.uk/	Local Swingers UK	A site dedicated to swinging. Features include a totally anonymous contact system, photographs, and a fully searchable database. [Membership] 	288938
http://www.photo-personals.co.uk/	Photo-Personals	Direct adult contact, many photos. Free ad placing. [Membership required for contacts] 	288936
http://www.swingers.co.uk/	UK Swingers Directory	Swing site for couples and singles. Free placing of personal adverts and viewing gallery. [Membership to access email addresses of contacts] 	288938
http://www.club-aphrodite.com/	Club Aphrodite	Swingers' organisation with regular parties for couples and singles. Members can use both postal and online contact ads and see the full details of venues around the country. 	288937
http://www.swingingheaven.co.uk/	Swinging Heaven	Large swinging personals site with comprehensive UK club listings, chatroom and forum. 	288938
https://www.c4fonline.com/	Connect 4 Fun	Swingers contact club, free to advertise, view and reply plus extensive list of dogging locations and lifestyle clubs. 	288938
http://www.dirty-david.com/	Dirty-David	Comprehensive site which lists clubs with reviews, tips for the swinging lifestyle, erotic tales and experiences. Also contains swingers personal ads many with photos, an escort and an Adult Check section. [Limited access free, total access Membership] 	288937
http://www.spannertrust.org/	The Spanner Trust	Discussion of attempts to liberalise sexuality laws in the UK. 	288939
http://www.esinem.com/	ESINEM - The Art of Erotic Bondage	A free, British-based resource site dedicated to Shibari inspired bondage with gallery, info and links. 	288939
http://www.showgirls.ca/	Showgirls	[Edmonton] Gentlemen's club showcasing adult entertainment, exotic dancers and amateur nights. Coming attractions and a calendar of events are available. 	289543
https://www.fmentertainment.com/	The French Maid	Two exotic entertainment lounges that offers liquor, a full menu, and a lineup of ladies each week. Find online picture gallery and profiles of the dancers. 	289543
http://www.innerspiritphoto.com/	Inner Spirit Photography	Specializing in photography of women including nudes, glamour, pre-natal, and mom and child. Find gallery and a list of services. 	289546
http://www.swampinbristol.org.uk/	South West Alternative Market & Party	[Bristol] Referred to as SWAMP, details of the monthly event plus links to traders, local parties, munches and a message board. 	288840
http://www.smgays.org/	SM Gays on the Web	A social and educational group interested in consensual, sexual sadomasochism, aiming to encourage safe and lawful SM practices through sharing of information among people with similar interests. 	288939
http://www.chameleons.cc/	Chameleons Swingers Clubs	Located in Newport, Gwent and Darlaston, West Midlands. Providing a venue for singles and couples to socialise, drink and have sex. Includes their events schedule and FAQs. 	288937
http://www.nfkcpl4group.uk/	NfkCpl4Grp	A married white couple provide videos of the BBW wife's sexual bareback exploits with black men. 	288937
http://www.demonicsdungeon.com/	Demonic's Dungeon	A BDSM bed and breakfast establishment in Gravesend, Kent, also offering hourly rentals of their facilities which includes a medical room and suspension loft. With pictures, rates and directions. 	1053484
https://www.sensualmassages.co.uk/	Sensual Massage	Directory of male and female therapists with profiles. Includes descriptions of the various types of therapy available. 	288789
https://graciesgirls.com/	Gracie's Girls	Provides profiles and pictures for male and female companions. Also supplies incall and outcall calendars showing who is available. 	288856
http://www.manchestermistressbrycejones.co.uk/	Mistress Bryce Jones	[Manchester] Provides session information, a 360 virtual tour of her dungeon, photographs and testimonials. 	288748
http://www.myheadmistress.co.uk/	My Headmistress	[Manchester] A mature lady providing punishment to men in her Edwardian schoolroom. Includes photographs, directions and rates. 	288748
http://www.5star-manchesterescorts.co.uk/	5 Star Manchester Escorts	Covers most of the northwest region. Offers profiles and photographs of their ladies. Includes a booking form. 	288743
https://secretsescorts.co.uk/	Secrets Escorts	[Manchester] Offering ladies across the region. With profiles and pictures. 	288743
https://fantasyescortsbirmingham.co.uk/	Fantasy Escorts	Covering the West Midlands area. Provides profiles with pictures and a booking form. 	288819
http://www.maturehelenj.co.uk/	Helen Jameson	[Birmingham] Mature lady offering incalls or outcalls to upscale establishments. Provides photographs and a blog. 	288821
http://www.mynaughtyscotland.com/	My Naughty Scotland	Lists agencies and independent ladies and their photographs. 	1053490
http://www.cardiffdesires.co.uk/	Cardiff Desires	Provides profiles with pictures, a booking form and a blog. 	1053493
http://www.sensualgaymassage.com/	Sensual Gay Massage	[Acton] Incalls offered for male clients. Provides service information and customer testimonials. 	288789
http://www.guysinisrael.com/	Guys in Israel	A male agency for females. Offers mini profiles of the men and a list of cities visited and services offered. 	289301
http://www.lolaescort.co.il/	Lola Escort in Tel Aviv	An agency of female companions providing pictures and profiles. 	289301
https://londonalternativemarket.com/	London Alternative Market	Held monthly. Offering items for BDSM and fetish play. 	288792
https://www.candyshopescorts.co.uk/	Candy Shop	[Manchester] Pictures and profiles of their ladies including feedback forms for each one. 	288743
https://www.manchester-companions-escorts.co.uk/	Manchester Companions	[Manchester] With pictures and profiles of their ladies including vital statistics and rates. 	288743
https://www.fetishswingers.co.uk/	Fetish Swingers	[Cambridge] A couple hosting swingers parties and events. Includes information about the hosts and events, and party etiquette. 	288828
https://www.stevenage-escorts.co.uk/	Stevenage Escorts	[Stevenage] Provides pictures and profiles of their ladies. 	288833
https://bristol-escort.com/	Escort Selection	[Bristol] Pictures, profiles and reviews of their ladies. 	288845
http://www.frenchdungeon.com/	Devon Dungeon	[Devon] Bed, breakfast and dungeon hire service. With rates and FAQs. 	288840
http://demonsclub.co.uk/	Demon’s Gentlemen’s Club	[Dudley] Lap dancing and strip club offering topless and fully nude dances. Provides photographs of the club and ladies, directions and venue information. 	288825
https://www.therealmofthewolf.com/	Mistress Sylvia Wolf	[Glasgow] Bisexual lifestyle post-op transsexual lady offering sessions in her chambers. Includes photographs and a blog. 	288909
https://www.misstantra.com/	Miss Tantra	[Dubai] European lady offering incall tantric massage to gentlemen, along with an escorting service. 	289293
https://www.tantramassageforwomen.com/	Tantra Massage for Women	[Dubai/Abu Dhabi] European gentlemen available to females for both tantric and yoni massage. Escorting or photography service available. 	289293
https://www.dreamgrl.com/	Dream Girls & Boy Toys	Exotic entertainment agency serving Edmonton and Calgary providing professional male and female entertainers. Services include topless waitressing and stripping. 	289533
http://www.xstaticclub.com/	X-Static Club	[Red Deer] Exotic dancing. Photographs of the premises and pictures of the ladies featured that week. 	289543
https://www.electrastim.com/	Cyrex Ltd	Products with electronic nerve stimulation. 	288829
https://www.ju-a-lingerie.co.uk/	Ju-a Lingerie	Stourbridge located store selling a range of clothing, though specializing in lingerie and selling sex toys. 	288815
https://www.regulation.co.uk/	Regulation	Soho based retail store. Stocks toys, electro, hoods and restraints. 	288791
https://www.rambooks.com/	Rambooks	Shop selling vintage porn and bizarre books and magazines located in the N7 district. 	288791
http://www.londondungeonhire.co.uk/	London Dungeon Hire	Multi-roomed facilities to rent on an hourly basis. With pictures and service information, reviews and availability calendar. 	288793
http://www.gaymentyneside.com/	Gay Men Tyneside	Social club meeting close to central Newcastle. Provides club description and events calendar. 	288852
http://www.buzzmanchesterescorts.co.uk/	Buzz Manchester Escorts	[Manchester] Provides profiles with pictures of their ladies and a booking form. 	288743
http://www.platinummanchester.com/	Platinum Manchester	[Manchester] Provides pictures and profile of their ladies offering outcalls in the region. 	288743
https://www.suzannesescorts.com/	Suzanne's Escorts	Agency offering males and females across London, Essex and Kent. With pictures, profiles and reviews. 	288833
http://uk-fetish.co.uk/	UK-Fetish	[Reading] Mature woman also offering duo sessions. Providing session information, pictures and rates. 	288849
http://www.kinkyscloset.com/	Kinky's Closet	[Glasgow] Dressing service for the trans community. With rates and pictures of previous clients. 	288902
https://www.premierleeds.co.uk/	Premier Escort Agency	Leeds based, providing pictures and profiles of their ladies. Includes a booking form, reviews and FAQs. 	288807
http://www.essandemm.com/	Ess and Emm	[South Warwickshire] Purpose built, two bedroom countryside cottage for hire, designed and equipped specifically with couples in the S/M fetish scene in mind. Photos of all the rooms and equipment. 	1053488
https://www.hankypanky.com/	Hanky Panky	British Columbia, Canada based sensual party consulting business. 	289430
http://www.ladiesnlace.net/	Ladies N Lace	[Nanaimo] Discreet companions serving most communities on Vancouver Island. 	289415
http://www.classyangel.com/	Classy Angel	University educated companion, available for incalls, outcalls and ultimate fantasy vacations. 	289418
http://www.platinumclub.net/	The Platinum Club	[Vancouver] Downtown leisure spa hosted by international swimsuit and lingerie models. 	289421
http://www.penthousenightclub.com/	The Penthouse	[Vancouver] Vancouver's oldest strip club. Offers different featured entertainers every week. 	289422
http://www.brandislounge.com/	Brandi's	[Vancouver] Exotic strip club and nightclub. 	289422
http://www.clubeden.ca/	Club Eden	[Vancouver] Nightclub for single ladies and couples in secure relationships. Includes upcoming events, photo gallery, testimonials and an online members lounge. 	289422
http://womynsware.com/	Womyns'Ware	[Vancouver] Female-oriented sex toy store. Detailed product and users guide. 	289423
http://www.walnet.org/csis/	Commercial Sex Information Service	[Vancouver] The Commercial Sex Information Service (CSIS) is a clearinghouse of information about laws, sexual health, commerce and culture as these topics relate to sex work. It contains sexually explicit material. 	289425
http://www.wreckbeach.org/	Wreck Beach Organization	[Vancouver] Nudist beach information including activities, history and events. 	289425
http://www.rascals-club.com/	Rascal's Club	BDSM play parties for consenting adults in Vancouver, BC. 	289429
http://www.canadianmale.com/	Canadian Male	Listing male and TV escorts, masseurs across Canada. G- and X-rated photos of the escorts, descriptions, contact information, advertising rates. 	289436
https://www.lyla.ch/	Lyla's List	Canada's interactive sex industry e-zine. [Members] 	289455
http://www.badkat.net/	Badkat	[Stoney Creek] Canadian model available for erotic massages, one on one private dancing, escort services and modelling. Site includes biography, gallery, info on live shows and chat, as well as links to other sites. 	289490
http://ledombi.tripod.com/	Mandy	Ebony beauty, born and raised in Africa. Offers an extremely erotic experience. 	289490
http://www.mistressrattan.com/	Mistress Rattan	Philosophy, specialties, contact info and gallery.[Toronto] 	289492
http://www.the-grand-barn.com/	The Grand Barn	A clothing optional, alternative lifestyle, friendly private club and resort on 250 acres located between Montreal, Ottawa and Cornwall, in Ontario, Canada. 	289496
http://www.placedivine.com/	Place Divine	Ottawa based professional dominatrix. Live sessions, as well as videos, magazines, articles and stories. 	1061775
http://www.torontoshemaleescorts.com/	Lisa	Half Brazilian, half Indian shemale escort offering night-time outcalls only. 	289510
http://www.selectcompanyescorts.com/	Select Company Escorts	Beautiful ladies in Toronto for your pleasure. 	289511
http://www.gardenofedenescorts.com/	Garden of Eden Escorts	GFE. Couples are welcomed. 	289511
http://www.blackeagletoronto.com/	The Black Eagle	Gay leather/denim/SM club located in the heart of Toronto's gay village. 	289516
https://www.spaexcess.com/	Spa Excess	Licensed gay bathhouse in Toronto 	289515
http://www.angelfire.com/on3/bdsmkingston/	BDSM Kingston	Bondage, domination and sado-masochism group located in eastern Ontario. 	289523
http://www.ehbc.ca/	The EhBC Group	An informal group of people who share an interest in bondage, discipline, domination and submission. Based in Southwestern Ontario. 	289523
https://torontotng.wordpress.com/	Toronto TNG	A group for people under 35 aimed at promoting a safe space for meeting and socializing with others involved in an alternative sexual orientation, identity and/ or lifestyle. 	289523
http://www.get-teased.ca/	Get Teased	An outdoor alternative lifestyle BDSM pan-sexual camping convention which includes workshops and other events. Located close to the shores of Lake Erie, in South Western Ontario. 	289523
http://www.edmontonosociety.org/	Edmonton O Society	Dedicated to those interested in learning more about the lifestyle. Links, FAQs, social events, and contact information. 	289549
http://club-esp.com/	Club ESP	Club Extra Sensual People has been in operation since 1990, and has grown to be both the oldest and largest social swing club in the Maritime's. 	289555
http://gabrielsdowntown.homestead.com/menu.html	Gabriel's Downtown	[Mobile] Gay neighborhood bar. Includes lots of local resources. 	290162
http://www.mandifaux.com/	Mandi Faux	[Edmonton] A transsexual, brunette escort model and entertainer with services and rates, pictures, poems, radio show and webcam. Website contact form. 	289539
http://www.dickandjane.ca/	Dick & Jane	Offers womens sex toys and products such as lingerie, lotions, lubes, novelty and educational seminars. 	289495
http://www.bodsquadescorts.com/	BodSquad Escorts	[Calgary] Agency established 2009 providing escorts to local area. Photo gallery and telephone contact. 	289536
http://www.wickedclub.com/	Wicked Club	Bar lounge with DJ and dance floor. (Members only) spa with fantasy rooms. 	289494
http://www.swingingheaven.ca/	Swinging Heaven Canada	Free swingers site with personal profiles, video chat room, gallery, forum, dogging locations and listings of swinger clubs. 	289564
http://www.carmanfox.com/	Carman Fox and Friends	[Vancouver] Providing photographs and profiles of their ladies. Including rates and news. 	289415
http://www.adultfun.ca/	Adult Fun Superstore	Retail outlet. Provides information about their products and a tips and tricks section. 	289499
https://stripclubtoronto.com/	For Your Eyes Only / The Landing Strip	Sister strip clubs. Provides photographs of the premises and entertainers, directions and drinks price list. 	289516
https://www.torontopassions.com/	Toronto Passions	Providing photographs and vital statistics of their ladies. 	289511
https://www.thehiddenpages.com/escorts/canada/toronto-escorts/	Naughty Toronto	Directory with listings including independent escorts, escort agencies, massage parlours and user submitted videos. 	289509
http://www.tslucy.com/	Lucy Bisset	Pre-op shemale. Photographs, reviews and rates. 	289510
https://handsfromheaven.ca/	Hands From Heaven	Licensed massage parlour offering rooms for rent. Also provides a list of the ladies in attendance, prices and photographs. 	289515
http://www.ilbolero.com/	Il Bolero	[Montreal] Store for club and fetish fashions for both men and women. Also has BDSM equipment, books, magazines and toys. 	289475
http://leroyalspa.com/	Royal Spa Montreal	Provides photographs of the hostesses, services and rates. 	289473
https://www.montrealxxx.ca/	Ferrary	[Montreal] Provides photographs and profiles of their ladies. 	289466
http://www.stephaniemontreal.com/	Stephanie of Montreal	Mature lady. Offering photographs, FAQs and pricing. 	289470
http://www.wildtimeescorts.com/	Wildtime Escorts	[Montreal] Offering outcalls in the area. Photographs and profiles 	289466
https://www.5starfantasy.com/	5 Star Fantasy	[Montreal] With profiles and photographs of their girls and a blog. 	289466
https://www.esensuals.ca/	E-Sensuals	[Maple Ridge] Store selling products such as lingerie, sex toys and BDSM equipment. Online ordering available. 	289423
http://www.akbushcompany.com/	The Great Alaskan Bush Company	[Anchorage] Wild West themed strip club. With photographs of their ladies and the saloon. 	290103
http://www.phoenix-escorts.net/	Phoenix Escorts	Directory listing Independent escorts. With profiles and photographs. 	289861
http://www.bashfulbox.com/	Bashful Box	Retailers selling adult general merchandise, but specializing in saucy gift boxes. 	289444
https://classixxx.ca/	Classixxx Adult Store	Walk in store selling toys, BDSM gear, games, lingerie and edibles. 	289499
https://classixxx.ca/	Classixxx Adult Store	Walk in store selling toys, BDSM gear, games, lingerie and edibles. 	289444
http://www.sweetvips.com/	SweetVIPs	[Victoria] Promoting independent ladies. Provides photographs, service information and rates. 	289415
https://bluelagoonmassage.com/	Blue Lagoon Massage	[Mississauga] Provides information about their services which include reverse and body slide massage. With photographs of their ladies and establishment. 	289515
https://tsdee.com/	TSDee.com	[Etobicoke] Mature tgirl providing service information and rates. 	289510
https://www.nyxlounge.com/	NYX Lounge	[Oakville] Swingers club offering event information and FAQs. 	289494
https://silverslounge.com/	Silver's Lounge	[Windsor] Adult entertainment lounge. 	289494
http://www.showbars.com/	Galardi South Enterprises	Runs topless and nude bars in Florida, Georgia, and the Carolinas. 	289641
http://www.dejavu.com/	Deja Vu	Showgirl clubs in several US states. Site gives location information for each state, including maps. Photos of featured dancers, scheduled events. [Membership] 	289641
http://www.scarlettscabaret.com/	Scarlett's	[Miami] Featuring full nudity, liquor and dances in private VIP rooms. Lists events, photos of their dancers, specials. 	290216
http://www.lionsden.com/	Lions Den	Chain of stores centered in the midwest. Includes locations, and online shopping for toys, DVDs, and streaming videos. 	289642
http://www.romantix.com/	Romantix	Chain of stores, mostly in the northern United States. Includes locations and a selection of products and parties. 	289642
https://www.fetishwear.com/	Le Chateau Exotique	[New Hope, PA] Range of top designers corsets, latex, fetish fashion, and BDSM toys. Local store and online ordering. 	289643
http://www.idahobdsm.com/	BDSM_Idaho	Mailing list for discussion and event announcements among members of local BDSM groups. Includes links to local organizations. 	289652
http://www.macksf.com/	McQuade, Mack	[San Francisco] "Bear" escort for men. Site gives his stats and contact information, along with several nude photos. 	289758
http://www.menofexotica.com/	Men of Exotica	[San Francisco] Upscale, male exotic dance troupe. Available for any occasion, specializing in full production male revues. Contact information. 	289760
http://www.lovings.com/	Lovings Adult Guide to San Francisco Bay	Ads by independent escorts, escort agencies, sensual massage, fetish, transexual adult entertainers and tantra/cmt professionals. 	289754
http://www.sm-arts.com/	Cléo Dubois Academy of SM Arts	[San Francisco] Education/instruction. SM for couples. 	289762
http://www.mistressmorgana.com/	Mistress Morgana	[San Francisco]  Highly skilled and ethical BDSM professional and educator with extensive dungeon. 	289762
http://www.stardomtheatre.com/	Diva Diamond	[San Francisco]  Private consultation prior to session to interpret your fantasy. Bio, photos, forum. 	289762
http://www.selinaraven.com/	Domina Selina Raven	Real time SM play scenarios with men, women and couples. 	289762
https://www.goodvibes.com/	Good Vibrations	Stores in San Francisco and Berkeley offer books, videos for sale or rent, sex toys and supplies. Site has addresses and map links for each store and employment information, as well as online ordering and informational pages. 	289753
http://www.goldclubsf.com/	Gold Club of San Francisco	[San Francisco] Gentlemen's club. Site gives information on their services, their menu, hours, directions, and photos of their dancers. 	289764
http://www.themint.net/	The Mint Karaoke Lounge	[San Francisco] Offers karaoke 7 nights a week, 365 days a year. They have a friendly mixed (though predominently gay) clientele. Events calendar. 	289764
http://www.pinkpoodle.com/	Pink Poodle	[San Jose] Strip club with an online gallery and schedule of dancers. 	289764
http://www.erossf.com/	Eros	[San Francisco] Voted "SF's Best Sex Club", featuring steamroom, sauna, showers, lots of various rooms with beds, slings. 	289764
https://www.powerexchange.com/	The Power Exchange	[San Francisco] Two clubs, one all male, the other mixed. Listings of locations, events, and products available at their store. 	289764
http://www.stjamesinfirmary.org/	St. James Infirmary	Offers medical and social services for female, transgendered, and male sex workers. Site includes description of programs and resources, a research section, and a health guide in PDF format. 	289752
http://www.sfcarl.com/	Carl's Men on the Street	Photographer displays collection of street fair photos. 	289767
http://www.theexiles.org/	Exiles	[San Francisco] Social and educational organization for women interested in s/m between women. Calendar and list of past programs. 	289768
http://soj.org/	Society of Janus	[San Francisco] Pansexual educational and support group in the Bay Area. 	289768
http://www.rodhagen.com/	Hagen, Rod	[Los Angeles] 26 years old, 5'10" 170 pounds, 15.5" arms, 30" waist, 40" chest, 23" legs, built back and shoulders and 6-pack abs. 	289775
http://www.pamelapeaks.com/	Pamela Peaks	[Sherman Oaks, Los Angeles] 50GGG escort incall, with television show, audio and video appointments also available.  Pictures, rates, and contact information. 	289777
https://www.amytaylor.com/	Amy Taylor	[Los Angeles] Available by advance reservation only. Rates, photos, schedule, and contacts. 	289777
http://www.tiffanychampagne.com/	Tiffany Champagne	[Los Angeles] Professional model and companion.  Includes pictures, biography, what she expects in a gentleman, and reservation form. 	289777
http://www.tahoesexclusive.com/	Tahoe's Exclusive - Exotic Striptease Dancers	[South Lake Tahoe] Male and female strippers for every occasion. 	289778
http://www.casualobsessions.net/	Casual Obsessions	[Los Angeles, Orange, and Riverside counties] Male and female strippers.  Site includes image galleries, prices, reservation form, tips for running the party, and contact information. 	289778
http://www.latindancers.com/	LatinDancers.com	[Los Angeles] Male strippers for bachelorette, office, parties. Pictures and prices. 	289778
http://www.fetishscene.com/drasyna/	Drasyna	[Los Angeles] Dominatrix known for strong arm. 	289780
https://loversstores.com/	Lovers	Romance store with a line of Kama Sutra toys, massage oils, lotions, and lingerie. Locations in California and Washington. 	289642
http://www.bareelegance.com/	Bare Elegance	[Los Angeles] Strip club. Photos of the dancers and location information. 	289782
http://www.samshofbrau.com/	Sam's Hof Brau	[Los Angeles] Downtown strip club with dance contests. 	289782
http://www.spearmintrhino.com/	Spearmint Rhino Gentlemen's Club	[Southern California] Chain of strip clubs at various locations with dancers and featured performers. 	289782
http://www.girlbar.com/	Girl Bar	[Los Angeles] Female go-go dancers for females. Events, photos, contact information. 	289782
http://www.faultlinebar.com/	Faultline Bar	[Los Angeles] Gay leather/levi bar in the Silverlake area, catering to all male fetishes. Events calendar, DJ bios and music picks, map. 	289782
http://www.faces.net/	Faces Nightclub	[Sacramento] Gay dance/nightclub. Events and other information. 	289782
http://riogcla.com/	Rio Gentlemen's Club	[Los Angeles] Nude and topless dancers. Includes location and hours, scheduled performers, and discount coupons. 	289782
http://www.santiagoresort.com/	Santiago Resort	[Palm Springs] Clothing optional resort, offers luxury accommodations for gay male vacationers. Close to Palm Springs attractions and gay friendly restaurants and bars. Photos and rates given. 	289784
http://www.seamountaininn.com/	Sea Mountain Inn	[Desert Hot Springs] Hotel, resort and spa for adults only, clothing-optional. Includes photo gallery of rooms, rates and specials, details of spa packages and special events. 	289784
http://www.dance4u.com/	Dance 4 U	[Southern California] Directory of adult entertainers primarily in the Southland (a scattering in Northern CA and some other states, too). 	289785
http://thatmall.com/	That Mall	[Southern California] Guide to massage service, escorts, tantra service and sexual counseling. 	289785
http://www.cmhurt.com/	CM HURT	[Orange County] Body modification and body art studio with an inventory of body jewelry and unusual items. 	289792
http://www.clubxsd.org/	Club X	[San Diego] Educational / social BDSM group. Party reports, links, club philosophy. 	289792
http://www.drkdesyre.com/	Caryl's BDSM Page	Statewide calendar of California BDSM events. Munches, events, parties. 	289792
http://www.avatarla.org/	Avatar Club	[Los Angeles] Private educational and social club for gay men with an interest in BDSM.  Also conducts a number of events open to everyone in the Leather/SM/Fantasy/Fetish community. 	289792
http://www.twistedteas.org/	Northern CA Ladies Tea and Discussion Society	[San Jose, Modesto, Hayward] Superior women meet regularly and have submissive men serve tea and wait on them.  Site includes information for prospective members, hostesses, and tea servers, training sessions for tea servers, and general etiquette. 	289792
http://www.lalc.info/	LA Leather Coalition	Pansexual coalition of leather identified businesses, motorcycle, fetish, SM educational and uniform organizations. 	289792
https://denverstripclub.com/	Ladies En Confidente	[Denver] Photos and model descriptions, club offerings, specials, prices, schedule of events, FAQ and location information. 	289848
http://www.scarletranch.com/	Scarlet Ranch Lifestyle Club	Sex club in Evergreen. Includes membership details and event calendar. 	289848
http://www.mon-chalet.com/	Mon Chalet	Adult motel offering erotic suites and basic rooms. Includes features and amenities, specials, and policies. Also offers an online introduction service. 	289849
https://www.eyecandystriptease.com/	Eye Candy Striptease	[Denver] Male and female exotic dancers and strippers. 	289841
http://www.sexwork.com/	Sex Work Cyber Resource & Support Center	[Phoenix] Information and support for workers and customers. Includes articles on subjects such as the law and which countries have legal prostitution. 	289872
http://www.desertdominion.org/	Desert Dominion	[Tucson] Pan-sexual, pan-fetish, BDSM organization. Events include educational seminars, munches, discussion groups, and play parties in their own space. 	289876
https://arizonapowerexchange.org/	The Arizona Power Exchange	[Phoenix] Support and educational organization for people whose lives or interests include S/M, Bondage and Discipline, or Dominance and Submission. Includes calendar of weekly meeting topics. 	289876
http://www.ladyelizabeth.net/	Lady Elizabeth	[Atlanta] Professional Domina in her mid twenties specializing in all aspects of BDSM, gives session info and photos. 	289937
http://www.leatherwerks.com/	Leather Werks	Leather shop products, services, and employment. 	290203
http://www.diamond-dolls.com/	Diamond Dolls	[Clearwater] Topless club. Features, events, and directions. 	290216
https://trapezeclubs.com/	Trapeze Club	[Ft. Lauderdale] Spacious, tasteful and elegant club for adults to enjoy their open, uninhibited lifestyles. Open 5 nights a week. 	290225
http://www.lifestyleexplorers.org/	Lifestyle Explorers	[Tampa] Private house parties for couples, single females, and select single males.  Specializing in fetish parties for swingers. 	290225
http://www.clubhedonism.com/	Club Hedonism	[Pompano Beach] Elegant, private, intimate club for sophisticated couples, bi-females and select singles. 	290225
http://www.angelfire.com/fl4/lifestyleranch/	Lifestyle Ranch	[Ocklawaha] Secluded 8-acre private ranch in the Ocala National Forest catering to couples and single females.  Features heated jacuzzi, satellite TV, RV parking and camping. 	290225
http://www.floridasocial.com/	Florida Social	[Gulf Breeze] Off-premises private couples social held twice a month in a ballroom setting.  Offers BYOB socials with themed parties, dance music with a professional DJ, and an after-social hospitality suite. 	290227
https://vipbliss.com/sessions/new	The Bliss Club	[Miami] Upscale monthly event held in the Orchid Lounge, catering to couples and single females in their 20's and 30's. 	290227
http://www.clubrelate.net/	Club Relate	[Central Florida] Co-ed masturbation socials with parties held in Orlando, Daytona, and Tampa. 	290228
http://www.sexypartyclub.com/	Sexy Party Club	[South and Central Florida] Group that sponsors swing parties and activities at varying clubs and locations in Southern Florida, as well as provides information about the Lifestyle in Florida. (Pay Membership Site) 	290228
http://www.nopockets.com/	No Pockets - Clothing Optional Yacht Vacations	[Tequesta] Arranges clothing optional or nude vacations. Luxurious private vessels available for swingers. 	290222
https://www.goddesssphere.org/	Anakosha	[Naples] Non-profit corporation for purpose of education and exploration of sexuality and love in marriage and alternative relationships, with emphasis on the concept of sexual sharing. Hosts private socials, events, offers legal advice and social support. 	290222
http://www.theaquarium.bizland.com/	The Aquarium	Private, adult only, club features event calendar, happenings, shows, and contact information.  Little Rock, AR. 	290368
http://differentlovinglr.yolasite.com/	Different Loving of Little Rock	BDSM group based in Little Rock giving members the opportunity to gather, discuss the BDSM lifestyle, enjoy each others company, show off our new toys, and provides educational opportunities. 	290374
http://www.plaistowpartygroup.com/	Plaistow Party Group	[New England] Female adult entertainment, specializing in Bachelor parties. 	289637
http://miamivelvet.com/	Miami Velvet	[Miami] Nightclub for couples, single females, and select single males.  Club includes themed parties, private rooms and locker rooms. 	290225
http://www.darkside-goddess.org/	Essemian Sanctuary of the Darkside Goddess	Promotes a spiritual mindset and religious aspects of Goddess-worship in the person of a dominant woman. Newsletter sales. El Cerrito, CA. 	289792
http://www.smodyssey.com/	smOdyssey, Inc.	A membership organization located in San Jose.  Includes information on membership, classes, and other events. 	289792
http://soj.org/	Society of Janus	[San Francisco] Pansexual educational and support group in the Bay Area. 	289792
http://www.leatherarchives.org/	Leather Archives and Museum	Museum of leather/BDSM culture and history. Rotating online art gallery. Located in Chicago. 	289892
http://www.mickys.com/	Micky's	[West Hollywood] Gay dance club for men. Dancing, high energy dance music. Events and location information, trivia quiz and postcards. 	289782
https://topshelfent.com/	Topshelf Entertainment	[Atlanta] Company offering male and female strippers for hire. With information about their service. 	289928
https://www.thecheetah.com/	The Cheetah	[Atlanta] Strip club. With information about their dining. 	289939
https://www.brittanyescorts.com/	Brittany's Place	[Altanta] Escort and concierge agency. With profiles and pictures of their ladies. 	289930
https://www.mistressayn.com/	Mistress Ayn	[Atlanta] Lady providing details of services offered from her dungeon. With photographs and reviews. 	289937
https://www.hotspotsmagazine.com/	Hotspots	Guide to gay Florida with maps, classifieds, resorts, columns, news. 	290219
http://www.blackjacksclub.com/	BlackJacks Gentlemen’s Club	[Chicago] Strip club. With galleries of their dancers and the establishment, a booking form and a location finder. 	289889
http://www.theclubs.com/	The Clubs	Sauna and gyms for gay and.bisexual men in seven locations across the United States. Provides information and pictures for each one. 	289640
https://floggers.com/	Toolworks Chicago Inc.	Sells hand-crafted floggers, canes, slappers and spreader bars. 	289878
https://meninmotiondancers.com/	Men in Motion	All male dance troupe providing private parties as well as public events. Provides details of the guys and upcoming shows. 	289637
https://misterpierre.com/	Mister Pierre	Selling custom made clothing and restraints. Orlando based. 	290203
https://www.pslod.org/	Palm Springs Leather Order of the Desert	Social group for gay men. Provides information about upcoming meetings and photographs taken at previous events. 	289788
http://www.crazyhorse-sf.com/	Crazy Horse Theater	[San Francisco] Strip club specializing in porn stars as performers. 	289764
http://www.socalstrippers.com/	SoCal Strippers	Provides female entertainers in Southern California. With pictures, rates and FAQs. 	289778
http://housepartystrippers.com/	House Party Strippers	[Los Angeles] providing male and female entertainers. With pictures of past parties and available dancers, tips and rates. 	289778
http://www.dominaelle.com/	Domina Elle	[Denver] Lady offering sessions in her dungeon, with a particular interest in balloon fetish. Provides session information, photographs, rates and reviews. 	289847
https://www.cheetahsofl.com/	Cheetah Gentlemen’s Club	Full strip club in several locations across the state. With events calendar and prices. 	290216
http://www.goddessevilena.com/	Goddess Evilena	Lady offering sessions and specializing in hypno-domination. Live and telephone session information, photographs and profile. Also offering video clips for sale. 	290214
http://www.prettywomanescorts.com/	Pretty Woman Escorts	[South Florida] A service offering women for incall and outcall. Details and photos of each one. 	290207
https://floridahardbodies.com/	Florida HardBodies	Provides male and female dancers, with pictures and FAQs. 	290212
https://larissalarson.com/	Larrisa	[Los Angeles] Busty, full figured mature escort available for incall and outcall in the Los Angeles, DC and New York areas. Site includes rates, pictures, schedule, and a contact form. 	289777
http://www.bazookasshowgirls.com/	Bazooka's Showgirls	[Kansas City] A fully nude strip bar. Photos, address, and information on upcoming events. 	289586
http://www.stl3.com/	STL3 Inc.	Private D/s group in St. Louis. 	289594
http://www.angelfire.com/ks2/cool1/index.html	Martin Winter	[Wichita] Artist and male escort for ladies, invites you to enjoy his latest creations. 	289599
http://www.msgenevieve.com/	Mistress Genevieve	[New Orleans] Sensual sadist fully describes her services in her premises with six fully equiped rooms. Interviews, gallery, journal, and details of dungeon rental. 	289617
http://escortschicago.com/	Escorts Chicago	[Chicago and suburbs] Escort service for the discreet professional. 	289880
http://www.close-encounters-club.com/	Close Encounters Club	Off-premise couples and select singles. Full bar. Membership required. 	290005
http://www.sharinanicole.com/	Mistress Sharina	Mistress Sharina has a journal of her BDSM activities, pictures, videos, artwork and contact info. 	290028
https://amandawildefyre.com/	Mistress Amanda Wildefyre	Experience in sensory deprivation, kidnapping, and extended sessions. 	290028
http://friendshipexpress.com/	The Friendship Express	[Minneapolis] Members include those who are straight, bi, dominant/submissive, gay/lesbian, and other lifestyles. Comprehensive listing of swinger resources and information. 	290033
https://knightsofleather.com/	Knights of Leather (KoL)	[Twin Cities] Pansexual, pangender BDSM group; hosts several annual events. Calendar for the Twin Cities area, links to local friendly establishments, MN Leather Pride info. 	290036
http://www.atons.net/	Atons of Minneapolis	[Minneapolis] Gay men's leather/levi and BDSM club.  Many links to other clubs across the nation. 	290036
http://www.jonramsey.com/	Jon Ramsey	[Boston] Available by advance appointment. Also available in New York City approximately every 8 weeks for a four-day period. 	290144
http://www.sweet-n-nasty.com/	Sweet-n-Nasty	Shop for erotic cakes, sweets and novelties. With pick up points in Braintree and Boston, or delivery within the area. 	290150
http://www.hubbahubba.com/	Hubba Hubba	[Cambridge] Erotic clothing, fetish, punk, goth, and toy store. 	290150
http://www.toysoferos.com/	Toys of Eros	[Provincetown] Large collection of sex toys. 	290150
http://www.millstreamgirls.com/	The Millstream Inn	[Woodlawn] Includes dancers' photographs, schedules, and contact form, food menu, and directions from I-695. 	290295
http://www.theprivateaffair.com/	The Private Affair	[Port Deposit] Over 20 play rooms including theme rooms, hot tub, showers, and bartending staff (BYOB). Site includes FAQ and events calendar. 21 years, members only. 	290301
http://www.louisvillemunch.com/	The Louisville Munch Bunch	[Louisville] Monthly munch group, which holds occasional introductory BDSM 101 classes and charity raffles. 	290310
http://polishprincess.us/	Polish Princess	[Chicago] Agency specialising in ladies from Poland. Includes a gallery of pictures of their ladies, rates and a blog. 	289880
https://nolacourtesan.com/	Annie Calhoun	[New Orleans] Offering services for men and couples. Provides a gallery, rates and an advice page. 	289615
https://www.thespottkc.com/	The SPOTT	[Kansas City] With events, pricing and a virtual tour. 	289592
https://janetscloset.com/	Janet’s Closet	Store for cross dressing and transgender clients. Offering clothes, breast forms, butt pads and accessories. 	290173
http://www.noirleather.com/	Noir Leather	Store selling fetish and bondage clothing, jewelry and books. Blog offering pictures, directions and event information. 	290173
https://www.exoticchicagostrippers.com/	Exotic Chicago Strippers	[Chicago] Males and females offering their services within 50 miles of the city. Provides photographs, prices and FAQs. 	289885
https://www.chicagoillusions.com/	Chicago Illusions	[Chicago] Dungeon, with ladies and a man offering domination services. Includes photographs of the dominants and service information. 	289886
https://neworleans.penthouseclub.com/	The Penthouse Club New Orleans	Provides photographs and information about their club along with an events calendar. 	289619
http://www.ggcbaltimore.com/	The Gentlemen's Gold Club	[Baltimore] Provides male and female entertainers. With club and event information. 	290295
https://dangerouscurvesclub.com/	Dangerous Curves Club	[Boyd] Dance establishment with a no-alcohol policy. Provides photographs and contact details. 	290021
http://asianbeauty4u.com/	Asian Beauty of New York	Escort agency specializing in Asian companions. Find profiles, gallery and rates. 	289656
http://www.sexystrip.com/	Dial-N-Act	Male and female dancers specializing in bachelor/bachelorette parties. 	289661
https://centerfoldfeatures.com/	Centerfold Features	Female and male strippers available for bachelor parties, bachelorette, one-on-one shows, and birthday parties. Luxury limos available. 	289661
http://www.all-american-male.com/	All American Male Strip Club	Male strippers and exotic dancers. Includes nightclub tickets for all male revue exotic dance, and booking of male strippers for birthday and bachelorette parties. 	289661
http://www.hunkmania.com/	HunkMania Nightclub	Male strippers for bachelorette parties, bridal showers or ladies' night out. 	289661
http://www.hellscafe.com/spank/	Ms. Park	One page site with photos and contact info for spankings. 	289663
http://www.sxysadist.com/	Mistress Suzanne 'SxySadist'	[New York City] Erotic sensation play and sensual sadism for newbies through hardcore players. Many photos of herself and her work. Pre-scene negotiation checklist. 	289663
http://www.mistresselizabeths.com/	The Dungeons of Mistress Elizabeth	[Manhattan] Photos, FAQs, links, descriptions of equipment, and phone and email contact info for in-person or telephone sessions. 	289663
http://www.mistresstroy.com/	Mistress Troy	Photos, philosophy and contact information for Mistress Troy.[Manhatten] 	289663
http://www.mistressrage.com/	Mistress Rage	Distance domination and cyber ownership is available through this site. Join to get assignments, IM chats, audio, photos. 	289663
http://www.riverstreetclub.com/	River Street Club	[Troy] Gym for men includes information on club etiquette, rates and specials, events, amenities, and services. 	289654
http://www.eagle-ny.com/	The Eagle	[NYC] Gay leather/levi bar. Site gives a comprehensive listing  of events, photos of the staff, location map. 	289665
http://www.tes.org/	TES - The Eulenspiegel Society	[New York City] Pansexual BDSM group with educational meetings during the week and play events on the weekends. 	289674
http://www.rochesterkinksociety.com/	Rochester Kink Society	[Rochester] Pansexual BDSM educational/social organization. Munches and meetings twice a month. Web site includes bulletin board and chat. 	289674
http://www.domsubfriends.com/	DomSubFriends	A pan-sexual BDSM society with demos, lectures, parties, magazine, and email list in the Eastern U.S. Based in NYC. 	289674
http://www.abareaffair.com/	A Bare Affair	[Charlotte] Sexy female dancers and male strippers for adult parties. Site has photos and information. 	289713
http://www.angelfire.com/nc2/KarenLeigh/	Mistress Karen Leigh	[Central North Carolina] Lifestyle Dominant requires phone sessions before in-person meeting. 	289715
http://www.carolinafriends.com/	Carolina Friends	[Charlotte] Couples and single ladies welcome, with single men welcome at certain functions. Site offers FAQ and calendar of events. Membership required. 	289724
http://www.domboss.com/	Domina Irene Boss	Pittsburgh Pro-Domme's informative site. Membership and free areas. 	289738
https://www.facebook.com/thebikestop	The Bike Stop	[Philadelphia] Multi-level leather nightclub. Photos, directions, links. 	289740
http://www.delilahs.com/	Delilah's Den	[Philadelphia] Gentleman's club, featuring the beautiful showgirls. Events, online store, photo gallery. 	289740
https://www.rainbowmountain.com/	Rainbow Mountain Resort	A full service gay and lesbian resort located in the heart of the Poconos, with an olympic size pool, friendly staff and a dining room. Site gives rates and photos of establishment. 	289742
http://www.theparadiseclub.net/	The Paradise Club	[North Eastern PA] Couples only. Site offers games, newsletters, and a members only section. BYOB. 	289749
https://www.thecottagesocialclub.com/	The Cottage	[Gettysburg] Events both for couples-only and for couples and singles. Full dinner with overnight accommodations available. Site offers chat room. BYOB. 	289749
http://www.silveradopdx.com/	Silverado Gay Bar	[Portland] Features hot male strippers Tuesday through Sunday 10PM to 230AM. Cruisy bar with "Adult Educational Videos." 	289969
http://www.misserica.com/	Miss Erica's	Professional domiannace - Cross dressing and feminization specialist. 	289985
http://www.tahoesexclusive.com/	Tahoe's Exclusive	[South Lake Tahoe] Exotic male and female striptease dancers, beautiful, talented, personable artists. Site has G-rated photos of the dancers and contact information. 	290073
http://www.vegasretro.com/	Vegas Retro	Photographs of the "Vegas of old" including entertainers, burlesque stars, and covers of The Vegas Visitor. Photos may also be purchased. 	290079
http://www.glamourboutique.com/	Glamour Boutique	[Fairfield] Store specializing in crossdressers. Products include breast forms and body shaping lingerie. 	289899
http://www.museumofsex.com/	Museum of Sex	Dedicated to the exploration of the history, evolution and cultural significance of human sexuality, advocating open discourse and striving to present to the public the best in current scholarship unhindered by self-censorship. 	289669
http://www.vipstrippers.com/	VIP Strippers	Stripper agency booking exotic dancers throughout New England, based in New Hampshire. 	289702
http://www.portlandleather.org/	Portland Leather Alliance	[Portland] Pansexual non-profit support and educational group. (Formerly known as NLA-Portland) 	289975
http://www.heavenlyexit.com/	Heavenly Exit	[Lyndhurst] A Gentleman's spa, with international female therapists. With a list of Services, map and schedules. 	289909
http://www.gentlemenspa.com/	Gentlemen Spa	Latina massage parlors for incall and outcall services. 	289909
https://www.hunkomaniausa.com/	Hunk-O-Mania	Venue for male strippers. Services included are for bachelorette parties, bridal showers or ladies' night out. Company, staff and contact information provided. 	289661
https://greendoorlasvegas.com/	Green Door	[Las Vegas] Provides opening information and a virtual tour of the premises. 	290082
https://www.misslogan.com/	Miss Logan	[Las Vegas] Busty lady providing information about her services, rates and a picture gallery. 	290072
https://runwayescorts.com/	Runway Escorts	[Las Vegas] Provides a profile and photographs of their girls. 	290069
http://flirtyescort.com/	Flirty Escorts	[Las Vegas] Categorised galleries of pictures of their ladies and a booking form. 	290069
https://lollipopescorts.com/	Lollipop Escorts	[Las Vegas] Includes photographs and profiles of their ladies, FAQs and a blog. 	290069
https://www.sincityexperience.com/	Sin City Experience	[Las Vegas] Providing information and pictures of their ladies. 	290069
https://www.sherisranch.com/	Sheri's Ranch	[Pahrump] Brothel with separate hotel. Provides information about each, a ‘sex menu’ and a blog. 	290066
https://www.asiancallgirlny.com/	Asian Call Girl New York	[New York City] Agency providing photographs and profile for their ladies along with a list of nearby hotels. 	289656
https://nyasianoutcall.com/	Asian Amour Outcall	[New York City] Agency providing details about their ladies, a blog, rules and a guide to the city’s escort-friendly hotels. 	289656
http://naughtynyc.com/	Naughty NYC Escorts	[New York City] Provides information about their services and ladies. 	289656
http://www.capex.info/	CAPEX	[Charlotte] Social group for people that share interests. With information about etiquette, rules and history. 	289725
http://www.alsdiamondcabaret.com/	Al's Diamond Cabaret	[Reading] With in-house and upcoming acts. Provides club information and photographs. 	289740
https://www.athenashn.com/	Athena's Home Novelties	Store selling a range of items. As well as the usual sex toys there are bathing products and games. 	289681
https://shevibe.com/	SheVibe Inc.	Sex store offering their own branded items as well as others. Category range includes toys, books and products for the transgender community. 	289666
http://www.las-vegas-bdsm.com/	Vegas BDSM Group	[Las Vegas] Local social group providing details of their club and munch details. 	290080
http://www.vegasvipstrippers.com/	Vegas VIP Strippers	[Las Vegas] Provides photographs and profiles of their female entertainers along with rates and FAQs. 	290073
https://www.dixiemiranda.com/	Dixie Miranda	[Las Vegas] Personal page of a Philippines-born model, actress and dancing dealer for a casino. Includes photographs, biography and her news. 	290080
https://risqueestate.com/sessions/new	Risqué Vegas Estate	[Las Vegas] Private clothing optional estate holding regular events for all genders and sexualities. Provides event information and photographs of the venue. 	290081
http://mistressmir.com/	Mistress Mir	[Teaneck] Novices ready to learn, seasoned players, couples and all genders, by appointment. Dungeon photo tour, female transformation gallery, 2 interviews. 	289908
https://lesbiansexmafia.org/	LSM - Lesbian Sex Mafia	[New York City] Women's educational and social group. Open to all women regardless of orientation. 	289674
https://crystalcityrestaurant.com/	Crystal City Restaurant	[Arlington] Map to location, menu, dancer schedule, photos. 	289803
https://sfscarletts.com/	Scarlett O'Hara's	Gentlemen's club. 	289812
http://www.mistresstyler.com/	Mistress Tyler	Professional Dominatrix services in Washington, DC. Site provides BDSM related interests, photo gallery, and email contact information. 	289827
http://www.goodguysclub.com/	Good Guys Strip Club	Upper Georgetown strip club featuring three stages of fully nude dancers, a full bar, and no cover. Site includes pictures, schedules, menus, directions, special events and employment information. 	289829
https://camelotshowbar.com/	Camelot Show Bar	Gentleman's club in the heart of downtown Washington. Directions, schedule, menu, forums, a photo gallery. 	289829
http://www.archibalds.com/	Archibalds Night Club	Downtown DC strip club featuring two stages of fully nude dancers, a full bar and no cover. Web Site includes a few pictures of dancers, schedules, menus and directions. 	289829
http://www.br.org/	Black Rose	Support/educational group; meets on Tuesdays with special interest groups on other nights. Hosts an annual BDSM/leather conference. 	289838
http://www.the-crucible.com/	The Crucible	Monthly commercial BDSM event held at a DC nightclub.  Also supplies dungeon furniture for other events. 	289838
http://www.sigmadc.org/	SigMa	Gay men's group. Four play parties a month, as well as bar nights at the DC Eagle. 	289838
https://centaurmc.org/	Centaur Motor Club	Gay men's leather/motorcycle club. 	289838
http://www.mistressmatisse.com/	Mistress Matisse of Seattle	Contact information, tips for the novice submissive, a free fetish photo gallery, FAQ page, and links. 	290120
http://www.original-circles.com/	Original Circles	[Seattle] Offers dances, campouts, and parties. No alcohol. Membership required. 	290127
http://menagesclub.com/	Menages	[Nashville] On-premise, upscale club. Wednesdays reserved for fantasy/fetish party with leather vendor available. Frequent discounts for theme attire. BYOB. 21+ years, membership required. 	290247
http://www.mistressprecious.com/	Mistress Precious	[Houston] Professional mistress with private dungeon offers photos, session information, and gallery pages. 	290345
http://www.mensclub.com/	The Men's Club	Gentlemens club with locations in  Dallas, Houston, Charlotte, Reno and Mexico City. 	290349
http://www.ricks.com/	Rick's Cabaret International	[Houston] Company profile, club details on all 5 locations, and dancer photos. 	290349
https://www.ritzhouston.com/	The Ritz Cabaret	[Houston] Topless club offers virtual tour and menu information. 	290349
http://www.stjamescabaret.com/	The St. James Restaurant and Cabaret	[Houston] Topless club offers dancer galleries, location information, and menu. 	290349
http://www.glamourgirlshouston.com/	Glamour Girls	[Houston] Pictures of entertainers, location, and specials. 	290349
http://www.bluebonnetnudistpark.com/	Bluebonnet Nudist Park	[Decatur] Play and relax in the natural setting that Bluebonnet affords. 	290351
http://www.texasplayers.com/	Players Club	[San Antonio] Members only couples and single women's club.  Offers club, event and membership information as well as a FAQ. BYOB. 	290359
http://www.hpep.org/	Houston PEP	[Houston] A social club and support group open to anyone interested in BDSM and fetish related activities 	290361
http://www.altplayground.net/	Altplayground.net	A meeting place for adults in the swinging and alternative lifestyles featuring personals, chat and an events calendar. Most members are on the East coast. [Membership] 	290390
http://www.swingersboard.com/	Swingers Board	Board Forum for discussions of the swinging lifestyle. 	290390
http://www.peplove.com/	PEP - People Exchanging Power	National BDSM support organization with chapters in several cities. Photos and phone numbers of affiliated pro dominants. List of clubs currently or formerly affiliated with PEP. 	290393
http://www.mast.net/	MAsT - Masters And slaves Together	Support group for people who live the Dominant/submissive lifestyle, with chapters in eight US cities. 	290393
http://www.sexpo.com.au/	Sexpo	Provides information on health, entertainment, sexuality and lifestyle choices related to the industry. Tours the country through most capital cities. 	290482
http://www.rude.com.au/	Rodney Rude	Includes a list of tour dates and venues, sample cartoons and AVI files plus a chat forum for Rodney Rude fans. 	290530
http://www.adultentertainment.com.au/	Adult Entertainment	Adult business and entertainment portal. Find listings, events and classifieds. 	290528
http://www.bodypolitics.com.au/	Body Politics	Adult industry consultants and lobbyists. Founders of the National Museum of Erotica, the Dirty Dozen wine range and the Love Bus. 	290556
http://www.sunsethouston.com/	Sunset Strip	[Houston] Northwest Frwy strip club is located on Mangum.  Site offers club pictures, event, and contact and location information. 	290349
http://treasureshouston.com/	Treasures	[Houston] Topless bar located on Westheimer close to the Galleria area.  Offers event information, news, food menu and specials, and dancer gallery.   	290349
http://crystalhouston.com/	Crystal Nightclub	[Houston] Southwest area gay bar located on SW Frwy.  Offers event information, photos, videos, and weekly schedule. 	290348
http://www.utahdollhouse.com/	The Dollhouse	Salt Lake City escort agency specializing in fantasy fullfilment. 	290010
https://www.mymegan.com/	Megan Love	[Nashville] Providing gallery, rates and a blog. 	290237
http://thecoloradobarandgrill.com/	The Colorado Sports Bar & Grill	[Houston] Gives information about their food specials and contact information. 	290349
http://theaustinescorts.com/	The Austin Escorts	[Austin] Agency providing photographs and profiles of their ladies along with rates. 	290338
https://diamondencounters.com/	Diamond Encounters	Agency providing photographs and profiles of their ladies. 	290010
https://www.temptationvirginiaescorts.com/	Temptations	[Virginia Beach] Stripper and escort agency. Provides information about their services and profiles and photographs of their girls. 	289795
https://adamneve.com.au/	Adam&Eve	[Fyshwick] Store selling sex toys and lingerie with an online shopping facility. 	290561
http://www.cruisingforsex.com/	Cruising for Sex	Worldwide listings of places gay men are cruising for sex. Includes columns and opinionated reviews. 	288674
http://gayguide.net/	Global Gay Guide Network	Portal to Gay Guides worldwide, created by organizations or individuals on location in the destination region.  Guides include information about the area and accommodations. 	288674
http://travelsexguide.tv/	Travel Sex Links	Guide to nightlife and adult entertainment all over the World. Escorts brothels and nightclubs and their links and indexes. 	288674
http://www.clubhombre.com/	ClubHombre.com	A world-wide prostitution guide. [Membership] 	288674
http://21orover.com/	21orover.com	Discussion board, categorised by region and country, with info on sexual services around the world. 	288674
http://www.newzealandgirls.co.nz/	New Zealand Girls	Listings of high class elite escorts, escort agencies, massage parlours and strippers. 	290419
http://themermaid.co.nz/	The Mermaid Bar	Full range of beverages, stage, view seating, mermaid tank, casino and private theatres. [Wellington] 	290420
http://www.coverboys.co.nz/	Coverboys	Male strippers based in Auckland, offering a range of services including strip shows and topless waiters. Find free videos merchandise. 	290420
http://www.dvice.co.nz/	D.Vice	Manufacturers and retailers of sex toys. Range includes vibrators, lubricants, cockrings, dildo harnesses, snap on cuffs and collars. 	290425
http://www.wildleather.com/	Wild Leather	New Zealand's largest range of locally produced BDSM gear. 	290425
http://www.gaynz.com/	Gay New Zealand	Information for gays and lesbians in New Zealand. 	290431
http://www.pentagongrand.com.au/	Pentagon Grand	Gentlemen's club and brothel offering services, ladies' profiles, theme rooms, location and contact details. 	290453
http://www.pinup.com.au/	Pin Up Promotions	Provides male and female strippers and wait staff in Brisbane. Services include XXX shows, topless and nude waitress, and promotional girls. 	290455
http://www.angelfire.com/darkside/ms_sassy/	Ms Sassy	Brisbane dominant woman in her mid twenties. Outlines services and provides a couple of photos. 	290457
http://www.turtlecove.com/	Turtle Cove Resort	[Cairns] Exclusively gay and lesbian beachfront resort for couples, singles, gay men and lesbians. Photos, rates, and location information. 	290461
https://www.stilettosydney.com/	Stiletto	A short stay boutique hotel, brothel and gentleman's club at Camperdown, Sydney. 	290469
http://www.tiffanysgirls.com.au/	Tiffanys Girls	[Sydney] Discrete brothel with details of ladies, service, rates and location. 	290469
http://www.thegoldenapple.com.au/	Golden Apple	Potts Point establishment offering photographic models, covergirls and table top dancers for private entertainment. 	290470
http://www.knightcall.com.au/	Knight Call	[Sydney] Escort service for gay men. 	290470
http://www.bombshells.com.au/	BOMBSHELLS	Agency providing striptease bookings based in Sydney, touring Australia wide. 	290471
https://www.twinpeeks.com.au/	Twin Peeks	Fine dining, lingerie-themed restaurant located in Woolloomooloo. 	290475
http://bodyrotic.com.au/	Bodyrotic	[Sydney] Sensual women provide a nude full body to body massage for men women and couples. 	290474
http://www.kingscourt.com.au/	Kings Court	[Sydney] Offering sensual massage and spa in a luxurious atmosphere. 	290474
http://www.saxleather.com.au/	Sax Leather	Adult discipline wear, BDSM toys and accessories. Online purchasing and a list of stockists. 	290476
http://wickedweasel.com/	Wicked Weasel Bikinis	Minimal swimwear and g-string specialists. Find product catalogue, model and contributors photo galleries, company profile and contact details. 	290476
http://www.funtasia.com.au/	FUNTASIA	Adult store with online catalogue and ordering options. 	290476
http://www.highheels.com.au/	High Heels of Sydney	Specialises in 4 to 6 inch stiletto shoes and boots, but other designs and heel sizes are available. Lingerie is also available. (Double Bay, N.S.W., Australia) 	290476
https://www.condomsaustralia.com.au/	Condom Country	Online adult store selling condoms, lubricants and novelties. 	290476
http://www.gaysydneyhotels.com/	Park Lodge Hotel	[Sydney] Offers lodging to the discerning gay and lesbian traveller. Gay owned and operated. Location, rates, online reservations. 	290477
http://www.wildboysafloat.com/	Wild Boys Afloat	Adult entertainment for hens nights, birthday parties or just a girls night out. 	290478
http://www.rentboyaustralia.com/	RentBoy Australia	Gay escorts, masseurs, photographers directory for Australia. Including gay dvds, video on demand. 	290487
http://www.royaltyescorts.com.au/	Royalty Escorts	Elite model courtesans for selective gentlemen. Locations Australia wide. 	290486
http://www.exoticangels.com.au/	Exotic Angles	Annual stripping competition involving qualifying heats around Australia and New Zealand. Find competition details, previous winners, archives, hall of fame, venues and dates. 	290492
http://happyherbcompany.com/	Happy Herb Company	Provides a range of legal highs, including smokeables and teas. Find product information, store locations, franchise opportunities and contact details. 	290498
http://www.clubx.com.au/	Club X	Chain of adult stores throughout Australia. Find store locations, product reviews, specials, image gallery and health information. 	290498
http://www.club316.com.au/	Club 316	Gentlemen's club offering lady's profiles, suite information, rates, location and contact details. 	290519
http://www.dollhouse.com.au/	Doll House Gentlemen's Club	Adult cabaret lounge offering a range of entertainment services. Find introduction, girl's profiles, news, function facilities, membership and contact details. 	290523
http://www.forbiddenpleasures.com.au/	Forbidden Pleasures	Hosts adult-themed parties with a range of adult toys, lotions, lingerie and novelties. Information about business opportunities. 	290524
http://www.boardroom.com.au/	The Boardroom	[Melbourne] Brothel and escort service for male or female clients in Melbourne. Ladies roster, rates, virtual tour and site news. 	290534
http://www.gotham-city.com.au/	Gotham City	[Melbourne] Contains details about services, escorts, ladies, location, and competitions. 	290535
http://www.paramour.com.au/	Paramour of Collins Street	[Melbourne] Contact information and photos of the ladies. (Requires a $75 fee to view escorts). 	290535
https://www.striparama.com/	Strip-A-Rama	Provides strippers and topless bar babes in Melbourne to suit all occasions. 	290536
http://www.fetishhouse.com.au/	Fetish House	Mistress Tara presents Melbourne's largest fetish venue. Find a list of Dominas, photo gallery, prices, roster, bulletin board, services, rules, testimonials and contact details. 	290538
http://www.bluafterglow.com/	Blu After-Glow	Event production and facilitation team. Find upcoming events, talent agency and contact details. 	290532
http://www.bodybitz.com.au/	Body Bitz	Provides kits for casting molds of parts of the human body. Product catalogue, demonstration video, help and hints. 	290532
http://www.club80.net/	Club 80	Details of a Cruise Club (dry sauna) located in Collingwood. For Gay and BiSexual men over 18 only. 	290540
https://www.eagleleather.com.au/	Eagle Leather	[Abbotsford, Melbourne] Collection of BDSM toys and accessories, literature, and erotic music CD's, available at the store or online. Seminars on safe BDSM and erotic play. 	290541
http://www.clubgemini.com.au/	Club Gemini	Melbourne's longest established swinger's club offering both day and night parties. Find upcoming events, news and contact details. 	290545
http://www.angelfire.com/tn/tantra/	The Tantra Centre	Find information about tantric sex and sexual massage. Offers workshops, books and sensual oils. 	290544
http://www.purgatory.com.au/	Purgatory Private	A Melbourne club established for the pleasure and recreation of BDSM  enthusiasts. Includes photos of equipment and staff. 	290546
http://www.redhotpie.com.au/	Red Hot Pie	Australian swinging online sex personals site, with information about swingers parties and clubs. 	290566
http://www.adultmatchmaker.com.au/	Adult Match Maker	Adult-themed dating website. Find profile search, testimonials and contact details. Membership required. 	290564
http://www.ozabis.info/	The Australian BDSM Information Site	An information and resource site for the Australian BDSM community.Website includes, introduction articles and link pages. 	290567
http://vintagenudephotos.com/stuffforsale.htm	Vintagenudephotos.com	Erotica from the Rotenberg Collection, Tijuana bibles, old girly magazines, vintage books and fetish catalogs. 	290584
http://www.getgirls.com/	Gemini Publishing	Books for men on meeting, dating,  attracting, and seducing single women. 	290584
https://www.secretgardenpublishing.com/	Secret Garden Publishing	A variety of illustrated instructional books teaching erotic massage and love making techniques. 	290584
http://www.customeroticasource.com/	Custom Erotica Source	Customized erotic fiction written to order. Illustrations also available. 	290584
http://www.yurmag.com/	Yurmag.com	Offers a selection of celebrity covers as well as pornstar and adult vintage magazines. 	290584
http://www.animecornerstore.com/adanmanbrgra.html	Robert's Anime Corner Store	Seller of anime and manga, including adult titles.  Interactive list of titles, prices and purchase information. 	290585
http://www.jlist.com/	J-List	Seller of adult manga, doujinshi, and games, based in Japan.  Catalog of products sorted by product type. 	290585
http://www.janusworldwide.com/	Janus	Targeting aficionados of erotic and recreational discipline. 	290586
http://www.cfpub.com/	CF Publishing	Publisher of spanking stories addressing disciplinary, erotic and romantic interests. 	290586
http://www.mschristine.com/	Christine Stevenson	Illustrated online books and training guides. 	290586
http://www.pinkflamingo.com/	Pink Flamingo Publications	A publisher of BDSM erotica in both hardcopy and EBook formats. Descriptions and excerpts available. 	290586
http://www.readmagic.com/	Read Magic	Stories for all tastes in ebook format. 	290586
http://www.daedaluspublishing.com/	Daedalus Publishing	Publisher of BDSM books. View catalog online and buy from the local bookstore or mail order. 	290586
http://www.intimateresearch.com/	Intimate Research, Inc.	Offers colognes, perfumes, supplements, aromatherapy, and books. 	290587
http://chocolatefantasies.com/	Chocolate Fantasies	Food, candy, games and gifts. Pictures and pricing information. 	290589
http://www.koppsbakery.com/	Kopp's Bakery Inc.	Erotic cakes and baked goods. Pictures and links. 	290589
http://www.viberider.com/	Vibe Rider Corp	Motorcycle accessory designed to produce an amplified sensation through the passenger seat. Information, photographs and videos, news articles, and guest book. 	290588
http://www.bachelorettepartyfun.com/	I-Volution, Inc.	Gifts and ideas for bachelorette parties. Products organised into categories with pictures and pricing information. 	290588
http://www.hypnoticdreams.com/	Hypnotic Dreams	Offers audio erotic stories intended to induce trance and enhance sexuality. 	290584
http://www.leatherchain.com/	Today's Leather and Chain	Custom-made Renaissance, Fetish, and BDSM items. 	290636
http://www.bodyjewelrybytazzie.com/	Body Jewelry By Tazzie	Nipple and body adornments. 	290636
http://www.hiddendelites.com/	Hidden Delites	Non-piercing nipple rings, body and genital jewelry.  For women and men. 	290636
http://www.amyspanties.com/	Amy's Used Panties	Amy's personal weblog featuring pictures of worn panties and other intimates for sale. 	290638
http://www.bodyweaver.com/	Bodyweaver.com	Offers plain, metallic and animal print bodysuits, leotards, tights, and long gloves. Size chart, photograph albums and guest book. 	290639
http://www.koalaswim.com/	Koala	Offers a variety of swimwear and DVDs. 	290640
http://www.665leather.com/	665 Inc.	Offers leather and fetish clothing, and bondage gear. Size chart, contact information and policies. 	290640
http://www.demask.com/	DeMask Online	Men's and women's leather and latex designs, including corsets, hoods, harnesses, outer-wear and underwear 	290641
http://www.weathervain.com/	Weather Vain	Quality rubber lined and latex clothing from the UK. 	290641
http://www.ectomorph.com/	Ectomorph	[London, UK] A range of latex fashion clothing designed and made by Krystina Kitsis. 	290641
http://www.latexclothing.co.uk/	Latexclothing	[Bangor, Northern Ireland] A variety of rubber wear for men and women. Also hoods and toys. 	290641
http://www.cocoon1.com/	Cocoon	Contains a complete catalogue of latex and PVC fetish clothing and inflatables. 	290641
http://www.murrayandvern.com/	Murray and Vern	Murray and Vern: fashion, fetish, dresses, corsets, catsuits, tops, lingerie 	290641
https://www.blackbody.nl/	Black Body	Specialists in rubber, offers you a collection of clothing, boots, waders and masks in Europe. 	290640
https://www.denberrubber.co.uk/	Denber International Rubber	Fetish clothing and latex wear. 	290641
https://www.eagleleather.com.au/	Eagle Leather	Collections of leather and latex clothing. 	290640
https://www.skintwo.com/	Skin Two	[London, UK] Womens and mens fetishwear. Includes PVC, rubber, leather, corsets, catsuits, toys and bondage items. 	290641
https://vexclothing.com/	Vex Clothing	Off the shelf and custom latex designs for men and women. 	290641
https://www.simon-o.com/	Simon O	Latex clothing, party and fetish wear 	290641
http://www.nimueslatex.com/	Nimue's Latex Fashions	Unique latex fashions. Custom orders welcome. 	290641
http://www.kastley.co.uk/	Kastley	Creative latex rubber garments. 	290641
http://www.somethingsexyplanet.com/	Something Sexy Planet	Intimate apparel and lingerie, erotic adult sex toys and sexy videos. 	290637
http://www.fantasylandproducts.com/	Fantasy Land Products	A supplier of lingerie, sex toys and lifestyle choice products. 	290637
http://www.michaelsalem.com/	Michael Salem Boutique	Offering clothes and accessories to the transgender community. 	290637
http://www.bootycocktails.com/	BootyCocktails	Offers stripper and fetish boots and shoes. 	290670
https://castlesupplys.com/	Castle Supply	Manufactures a range of V-Strings and P-Strings, breast forms and other "detachable" products for cross dressers. 	290583
http://ppbear.com/	Kins Products Ltd.	Offers training pants, sleepers, and diapers. Pictures, company and pricing information. 	290642
http://www.fetware.com/	Fetware	Rubber pants, mattress covers and rompers. Information about product care, and sizing chart. 	290642
http://www.bambinodiapers.com/	Bambino Diapers	Sells disposables and booster pads. FAQs and information on use. 	290642
http://www.cosyndry.com/	Cosy 'n' Dry	Offers diapers, plastic pants, clothing, shoes, and accessories. Photographs and information about the products, FAQs and sizing information. 	290642
https://www.cross-dress.com/	Cross-Dress	Crossdressing clothes, lingerie, shoes and feminizing accessories. Worldwide shipping. 	290637
http://www.xoxgift.com/	XOXGift.com	Gifts for women, sexy lingerie, and fine jewelry.  Giftwrapped and instantly sent to your love with a card and your message. 	290643
http://www.desireshoes.com/	DesireWear	Variety of platform shoes, stilettos, light up shoes and boots including thigh highs. (Severna Park, Maryland, USA) 	290670
http://www.northbound.com/	Northbound Leather	Leather fashions, fetish and BDSM gear, news, resources and upcoming events. Online shopping and free secure browser downloads. 	290671
http://www.apeleather.com/	Ape Leather	Belts, chokers, chain bras and panties, and pyramid wrist bands. Also wholesale shopping and links. 	290671
https://cathouseclothing.com/	Cathouse	Alternative and fetish clothing, with accessories for women and men. 	290641
http://www.cjsleather.com/	CJ's Leather	Leashes, hoods, collars and cuffs with in-scene photographs. 	290671
https://www.bostonpump.com/	Bostonpump.com	Purchase enlargement devices. 	290711
https://www.babyapparels.com/	Adult Baby Furniture	Adult baby cribs to changing tables. 	290642
http://www.drjoelkaplan.com/	Dr. Joe Kaplan - Penis Enlargement	Offers an assortment of penis pumps, accessories, and books and video tapes. 	290711
https://www.vulvapuppet.com/	Vulva Puppet	Offers vaginas made from satin and velvet, for use in discussing women's sexuality and sex education. 	290588
https://www.luxtenebrae.com/	Lux Tenebrae	Sells handmade leather underwear, such as corsets, wait cinchers, thongs, briefs, strings and jocks. 	290671
http://www.strictlyadult.co.nz/	Strictly Adult	Adult products including magazines, videos, leather, latex, stockings and novelties. [Hamilton] 	290425
http://www.wickedtemptations.com/	Wicked Temptations	Offering lingerie, exotic bikinis, costumes, legwear, high heel shoes, mini dresses and plus size lingerie. 	290637
http://www.aphrodite-travel.com/	Aphrodite Travel	A travel agency that offers beautiful destinations for couples and adults interested in swinger or nude lifestyle vacations. 	288673
https://www.bedaring.com.au/	Be Daring	Adult store offering a range of DVDs, toys and lingerie. Find product catalogue, newsletter, specials and contact details. 	290460
http://www.dubiobikinis.com/	Dubio Bikinis	Sells extreme bikinis such as small, micro, mini g-strings and thongs for men and women. 	290637
http://www.auxxxreviews.com/	Australian XXX Reviews	Forum for discussions and reviews of escorts, massage parlours and adult services. 	290488
http://www.graygay.com/	Grey Gay Guide	Online travel guide for mature gay men and their admirers. 	288674
http://lepenthousesuite.com.au/	Le Penthouse Suite	Premier brothel located in Coolangatta, on the southern Gold Coast. 	290453
http://www.blacklabelsextoys.com.au/	Black Label	Retail shop and online store selling sex toys, leather goods and other adult merchandise. 	290476
https://www.andropenis.com.au/	Andropenis	Distributor and retailer of the Andropenis extender, a device used for penis enlargement and the treatment of Peyronie's Disease. 	290476
http://www.rightconnectionstravel.com/	Right Connections Travel	A travel agency that offers beautiful destinations for couples and adults interested in clothing-optional lifestyle vacations and cruises. 	288673
http://www.darkerpleasures.com/	Darker Pleasures	Publisher of BDSM ebooks and stories.  Includes information about available books, authors, and contact information. 	290586
http://www.skintwo.co.uk/	Skin Two	Gothic and fetish clothing including PVC and latex. 	290637
https://www.adultshop.com/	Adultshop.com	All types of sex accessories and novelties to purchase online. 	290524
http://www.cuddlz.com/	Cuddlz Shop	Provides clothing, accessories and diapers. Based in the UK. 	290642
http://playtentertainment.com.au/	Playtime Entertainment	Male and female stripper hire and adult entertainment. Find pricing, packages and positions vacant. 	290455
http://www.worldfamousshowgirls.com.au/	World Famous Show Girls	[Sydney] Strip club providing pictures and videos of their premises. 	290475
http://www.seftonplayhouse.com.au/	Sefton Playhouse	[Sefton] Strip club offering information about their shows and premises. 	290475
https://blackcatparlour.com.au/	Black Cat & Impressions	[Sydney] Brothel. Roster, ladies' profiles, map, rates. 	290469
http://www.mistressservalan.com/	Mistress Servalan	[Sydney] Offers information about her services, pictures and a blog. 	290473
http://mabellecheri.com.au/	Ma Belle Cheri	[Granville] Offers information and a schedule for the ladies that work there. 	290469
https://www.passionzone.com.au/	Passionzone Adult Store	[Tuggerah] Store selling sex toys and bondage gear. Provides an online shopping facility. 	290476
https://www.passionzone.com.au/	Passionzone Adult Store	Store selling sex toys and bondage gear. 	290498
https://www.randys.com.au/	Randys Adult World	Store offering location and contact details for their branches. Offers sex toys and fetish items. 	290476
https://www.randys.com.au/	Randys Adult World	Store offering location and contact details for their branches in New South Wales. Offers sex toys and fetish items. 	290498
http://www.sexindunedin.co.nz/	La Maison	[Dunedin] Brothel with dungeon. Provides information about their services and prices. 	290418
https://splashclub.co.nz/	Splash Club	[Wellington] Gentlemen’s club also providing an escort service. Provides pictures of their ladies, premises and rates. 	290424
https://sextoy.nz/	House of Fun	[Whangarei] Store selling sex toys and bondage equipment. 	290425
https://www.strippers.org.nz/	Strippers	Agency providing pictures of their models. 	290420
https://feminisation.us/	Feminization.us	Offering items aimed at the trans community, including head hoods and prosthetic penises and vaginas, breast forms and masks. 	290583
https://tabassum.store/	Tabassum GmbH	Sells music band merchandise and related products. With a section for BDSM and leather goods. 	290583
https://www.electrastim.com/	Cyrex Ltd	Products with electronic nerve stimulation. 	290712
http://www.malechastitynow.com/	Male Chastity Now	Makes and sells devices to fit over the penis to keep the wearer chaste, or uncomfortable when erect. With measuring guidelines and product information. 	290712
https://www.cane-iac.com/	Cane-Iac	Sells impact toys such as straps, paddles and floggers. 	290712
http://www.adultebookshop.com/	Adult eBook Shop	Downloadable fictional erotica in different formats. Genres include BDSM, science fiction and kink. Purchases can be stored online by members. 	290584
https://www.ju-a-lingerie.co.uk/	Ju-a Lingerie	West-Midlands, UK located store selling a range of clothing, though specializing in lingerie and selling sex toys. 	290637
https://janetscloset.com/	Janet’s Closet	Michigan-based store for cross dressing and transgender clients. Offering clothes, breast forms, butt pads and accessories. 	290637
https://shop.playboy.com/	Playboy	Selling brand merchandise including prints, jewelry, magazines and t-shirts. Also carrying a small line of other brand products. 	290583
https://www.alternative-footwear.co.uk/	Alternative Footwear UK	A range of shoes, from high heeled stilettos to thigh high boots. 	290670
http://www.houseofharlot.com/	House of Harlot	London based designers and manufacturers of fetish fashion for men and women. 	290641
https://www.adultbabywelt.de/	Fetish-Shop	European vendor of clothing and textiles in a variety of fabrics including rubber and fur. Categories include adult baby, pet play and furs. 	290637
https://www.rubberclothing.org/	Rubberclothing	French company selling clothes and hoods for men and women. 	290641
https://www.thelatexfactory.com/	Storemart Ltd	British manufacturers of hoods, strait jackets and body bags. Also supplies care products and offers a bespoke service. 	290641
https://armyofmen.com/	Army of Men	Manufacturer and retailer of leather harnesses, underwear, masks and BDSM accessories. Australian based. 	290671
https://armyofmen.com/	Army of Men	Manufacturer and retailer of leather harnesses, underwear, masks and BDSM accessories. 	290498
https://theloveshop.com.au/	The Love Shop	[Winnellie] Adult store’s blog featuring write-ups about their products, adult business directory and sex contacts. 	290548
https://www.online-sex-place.com/	The Online Sex Place	Store with several branches selling sex toys and lingerie. 	290498
https://misterpierrefashion.com/	Pierre Fetish Fashion	Based in Orlando, Florida, selling custom made clothing and restraints. 	290712
https://www.misterbandb.com/	misterb&b	A gay-focused booking app in the world with a tool that helps LGBTQ+ users to connect. 	288673
http://www.lastgasp.com/	Last Gasp	Underground reading material, books, comicbooks and magazines. Also has art, photography, postcards and T-shirts. 	290592
http://www.dofantasy.com/	DO Fantasy	A full catalog of illustrated abduction, kidnap and bondage fantasy books, comics, stories and clipart. 	290592
https://www.sqpartbooks.com/	SQP - The Art of Fantasy	Features a collection of fantasy, pinup, and erotic artwork, books, collectibles and original art for sale. 	290592
http://www.heroticart.com/	Hailan	Inspired female nudes available as original and limited edition prints from oil on canvas, pencil, and pastel on paper. 	290593
http://www.harlowart.net/	Harlow, Kim	Female nudes and graphic illustrations from colored pencil, acrylic washes, ink drawings and graphite. Offers originals and signed prints. 	290593
http://www.americanbeautiesart.com/	Hildebrandt, Greg	American Beauties pin up art. A gallery of original paintings, prints and commissions. 	290593
http://www.nakedart.com/	Roskilly, Peregrine	Drawings and paintings in oil and watercolor of striptease and exotic dancers drawn during live performance. Originals, prints, and posters are available. 	290593
http://www.douglassimonson.com/	Simonson, Douglas	Hawaiian-based artist offering fine art nudes in various mediums. Paintings and sketches focus upon male subjects. 	290593
http://www.exotic.co.uk/	Heppell, Leigh - Erotic Art Sculptures	Erotic nude bodycast, bronze limited edition art sculptures, many with BDSM or D/S themes, ranging from the coy to explicit. 	290594
http://www.hypnox.com/	Hypnox	Fetish and gothic subjects. 	290597
http://www.mattlombard.com/	Lombard, Matt	Photography and digital manipulations. 	290597
http://www.sutherlandphoto.com/	Sutherland, Tom	Selling fine art nude photographs. 	290598
https://www.judyfrancesconi.com/	Francesconi, Judy	Offers original calendars, lithographic prints, and books. Includes artist profile, with custom work available. 	290596
http://www.shaynew.com/	Rosen, Michael	Radical sex photographer. Site features portfolios of his works, which can be ordered on-line. 	290596
http://www.richardkern.com/	Kern, Richard	The notorious bad boy of the cinema and photography underground's own website. 	290596
http://www.bodyscapes.com/	Teger, Allan	Bodyscapes - A photography gallery of collectible, sensual, erotic art, black and white photographs of the nude body which give the impression of landscape. 	290596
http://www.photos-biron.com/	Biron	All male erotica by professional photographer published in USA, Europe, Asia, and Africa. 	290599
http://www.tombianchi.com/	Bianchi, Tom	Well known photographer of the male form showcases his work. Order his books, prints or video. [Membership] 	290599
http://www.jeffpalmer.com/	Palmer, Jeff	Enjoy fine art photographs of the male nude, posters, cards, and books are for sale. 	290599
http://paragongalleries.com/	Paragon Galleries	Fine art photography focusing on the beauty of the male nude. 	290599
http://www.naughtyflixxx.com/	Naughty Flixxx	An assortment of home made videos. 	290601
http://www.enemarotica.com/	Enemarotica	Enema videos, equipment and stories. 	290605
https://goldengirls.net/	Golden Girls	Wrestling females combat videos with topless girls in domination fights. 	290601
http://www.bobsvideos.com/	Bob's Videos	Nylon, leg, smoke and foot fetish videos. 	290605
http://www.jbvideo.com/	JB Video	Hundreds of adult pantyhose and leg sex videos. Worldwide shipping. 	290605
http://www.cinesmoke.com/	Cinesmoke	Smoking videos and pictures, featuring sexy amateur women. 	290605
https://alphabluearchives.com/	Alpha Blue Archives	Vintage porn loops and features now on video, of uncut classics from the 70s. 	290608
https://www.leather-lace.com/	Leather & Lace	Producers of female wrestling, boxing, catfighting, smothering, and spanking videos. 	290601
http://www.lovelot.net/	Lovelot Videos	Selection of fetish videos. 	290605
http://www.antonvideo.com/	Anton Productions	Custom bondage and fetish videos. 	290635
https://powershotz.com/	Powershotz.com	Bondage and abduction fantasy video. 	290635
http://tonguefetish.net/	Tongue Fetish	Offers DVDs, VHS, and general information about the fetish. 	290605
http://www.wetlook.com/	Wet Look	Videos of girls in wet clothing. 	290605
http://www.asiancult.com/	Asian Cult Cinema	Asian exploitation, cult, genre, sex and underground films. 	290608
http://www.cinefear.com/	Cinefear	Connoisseur's source for 1960s/70s cult, horror and exploitation movies. 	290608
http://www.videoscreams.com/	Video Screams	Out of print horror on video and DVDR. 	290608
http://gamelink.com/	Game Link International Limited	Features adult movies, DVDs, and video on demand (VOD) formats. 	290601
http://www.aventertainments.com/	AV Entertainments	Specializes in Japanese animation and uncensored movies. 	290601
http://www.ausadultvideo.com.au/	Australian Adult Video	Videos, CD-ROMs, and DVDs. Search by category. Online ordering and contact information. 	290601
http://www.adultdvdmarketplace.com/	Adult DVD Marketplace	Online resource for buying and selling both new and used DVDs. 	290601
https://www.tlavideo.com/	TLA Dvd Store	Independent, foreign and hard to find DVD titles. 	290626
http://www.asianscreens.com/	Asian Screens	Searchable collection of Japanese VCDs and DVDs. 	290614
https://wavemovies.com/	W.A.V.E. Productions	Original and custom-made horror videos. 	290601
http://www.eroticteasers.com/	Erotic Teasers	Selection of homemade movies featuring sex and masturbation. 	290616
http://www.orgazmik.com/	Orgazmik Digital Media Shop	Large selection of DVDs and CD-ROMs with lots of additional information, based in Switzerland. Items in stock. 	290601
http://www.midnightcd.net/	Midnight CD and Video	Features a diverse selections of CD-ROMs, videos and DVDs, exploring all fetishes and fantasies. Worldwide shipping. 	290601
http://www.vcx.com/	VCX Ltd.	Producers of classic films, such as Taboo, Debbie Does Dallas and Devil In Miss Jones. 	290601
http://www.jadedvideo.com/	Jaded Video	Carrying the biggest performers movies. 	290601
http://www.japansm.com/	Japanese Bukkake DVD	Many hard to find Japanese Bukkake movies. 	290601
http://www.bijouworld.com/	Bijou World	Online retailer with a huge selection of videos and DVDs. Catalog on CD-ROM. Includes a gallery of video covers. 	290626
http://www.hothouse.com/	Hot House Entertainment	Adult male DVDs specializing in fisting and fetish videos. 	290626
http://www.shotgunvideo.com/	Shotgun Video	Man to man video, featuring CBT, B&D, heavy S&M, TT, vacuum pumping. [Membership] 	290626
http://www.bgeast.com/	BG East Wrestling	Wrestling website, with lots of photos and video matches. 	290626
https://www.coltstudiogroup.com/	Colt Studio	The official Colt Studio web site presenting erotic masculine photography, videos, and DVDs. 	290626
http://www.tomropesmcgurk.com/	Tom Ropes McGurk	All male bondage, spanking video fetish supersite, featuring sexy slaves in cuffs, ropes and bondage. 	290626
http://www.fatalemedia.com/	Fatale Media	Lesbian, amateur and alternative adult videos made by and for women. Sponsors annual "Real Lesbian Sex" contest for women to submit their videos. 	290626
http://www.citiboyz.com/	Citiboyz	Independent video producer specializing in movies featuring young men. 	290626
http://www.bwnvideo.com/	Black Wrestling Videos	An assortment of movies featuring men wrestling each other. 	290626
http://www.hotdesertknights.com/	Hot Desert Knights	Gay fetish, fisting, and bareback videos and DVDs. 	290626
http://www.hugemuscle.com/	Huge Muscle	Specializing in muscle videos, primarily of Bruce Patterson. Videos are mainly solo but some with action. Also a photo gallery. [requires membership] 	290626
http://www.williamhiggins.com/	William Higgins	Videos by director Win Hof (William Higgins). 	290626
http://www.pornteam.com/	Porn Team	Amateur videos of young skaters guys jerking off with each other. 	290626
http://www.sharpshooterstudios.com/	SharpShooter Studios	Videos of muscular men nude.  No sex involved. 	290626
https://sensualflix.com/	Sensual Flixxx	Specializing in videos, DVDs, CDs and marital aids. 	290601
http://www.lovingsex.com/	Loving Sex	New videos for couples and singles who want to enhance their sexuality. By leading sex therapists. 	290601
http://www.lezlovevideo.com/	LezloveVideo.com	Lesbian erotica, hard to find videos, softcore to adult. 	290601
http://www.digitalplayground.com/	Digital Playground	Developers and publishers of DVDs and CD-ROMs. 	290601
http://www.xrentdvd.com/	X Rent DVD	Rents and sells new and used DVDs. 	290631
https://www.bushdvd.com/	No Cash Inc	Rent or buy DVDs and videos, includes free shipping. 	290631
http://muscleflixxx.tv/	Muscleflixxx	Gay movies in a pay-per-view format. 	290631
https://www.adultdvdempire.com/	Ravana LLC	Retailer of DVDs with a rental program that features free shipping. 	290631
http://excaliburfilms.com/	Excalibur Films	Buy or rent Adult DVDs with discreet shipping. 	290631
http://www.knottysilkscarf.com/first.htm	Knotty Silk Scarf Productions	Creators of erotic bondage fantasy videos, specializing in scarf bondage. Featuring sections devoted to instruction, scarf fashion, and television/movie bondage scenes. 	290635
https://mariabeatty.com/	Bleu Productions	The production company run by underground erotic filmmaker Maria Beatty, focusing on lesbian bondage material. 	290635
http://www.mood-pictures.com/	Mood Pictures	A selection of Eastern European spanking videos with short stories and free pictures. 	290635
https://www.annsummers.com/	Ann Summers	On-line catalogue offering sexy lingerie, sex toys, panties, knickers and erotic underwear. 	290698
http://www.fantasygifts.com/	Fantasy Gifts	Offers novelties, oils, books, toys, lingerie, restraints, and condoms. 	290673
http://www.fleshlight.com/	Fleshlight.com	Official outlet for male masturbation devices, disguised as flashlights or beer cans, manufactured by Interactive Life Forms, Inc. 	290673
https://www.soamazing.com/	Innov8 Solutions, Inc.	Adult toy store featuring vibrators, lubricants, games, and other adults-only products. 	290693
http://www.eroscillator.com/	The Eroscillator	Offering the only sex toy approved by Dr. Ruth. Information and purchasing online. 	290676
https://www.early2bed.com/	Early To Bed	Retail sales of high quality vibrators, lotions and oils. 	290676
http://www.edenfantasys.com/	Eden Fantasys	Ships erotic products world wide. Forum and user features. 	290676
http://www.babeland.com/	Babeland	A woman-friendly store with several physical locations. Selling items for women, men and couples. 	290678
http://www.meatcannon.com/	Technoweenie Inc.	Large selection of toys, lubes, lotions, as well as other products. 	290678
http://feeldoe.com/	Erogenics Inc.	Aimed at women, offers a strapless double dildo. The inventor's story, FAQ and reviews. 	290678
https://www.goodvibes.com/	Good Vibrations	Online presence of the American retail chain. 	290680
http://www.arentwenaughty.com/	Aren't We Naughty	Canadian based bricks and mortar stores, selling online. Products include clothes, anal and couples' toys. 	290682
http://www.toysfourplay.com/	ToysFourPlay.com	Malta based store shipping throughout Europe. 	290683
https://tabutoys.com/	Tabutoys	Bachelorette party supplies, queen sized lingerie, body paints and novelties for couples. 	290683
http://www.toyzforsex.com/	Laskamaria Entertainment Ltd	Canadian owned company offering retail and wholesale dildos, vibrators and silicone sex toys. 	290700
http://www.mypleasure.com/	MyPleasure	Offering a selection of sexual enhancement products and guidance. 	290687
http://www.vixencreations.com/	Vixen Creations	Carries a small selection of unique and colorful silicone dildos. Offers a lifetime replacement policy. 	290688
http://www.romanticdepot.com/	Romantic Depot	Offering an assortment of adult toys, videos and DVD's. 	290689
http://www.therabbitvibrator.com/	The Rabbit Vibrator	Sells different styles of popular rabbit vibrators from various manufacturers. 	290689
http://www.69adulttoys.com/	69AdultToys.com	Sells toys and movies. 	290690
http://www.bedroomsports.com/	BedroomSports	Erotic shopping, including sex toys, DVDs and videos. 	290691
http://www.babes-n-horny.com/	Babes and Horny	Creates modern looking silicone dildos, butt plugs and harnesses. Micro company based in London. 	290691
http://www.christiestoybox.com/	Christie's Toy Box	Adult toys, sexual gifts, bondage, books, vibrators, anal, and dolls. 	290692
http://www.comeasyouare.com/	Come As You Are	Canadian co-operatively run sex toy, book and video store. 	290692
http://www.tokyovalentino.com/	Tokyo Valentino	Adult videos, bondage wear and novelty items. 	290683
http://www.kamasutra.com/	Kama Sutra	Produces romantic gifts, bath, and massage products. 	290696
http://www.sexshop365.co.uk/	Sexshop 365	Selection of adult toys and lingerie from the UK. 	290697
http://www.spicygear.com/	Spicygear.com	Discreetly purchase condoms and vibrating toys. Some product reviews. 	290697
http://www.sensualeroticproducts.com/	Sensual Erotic Products	Online mall of exotic pleasures for men and women. 	290697
http://www.stagshop.com/	Stagshop.com	Offers a wide range of adult toys, erotic lingerie and videos. 	290697
http://www.symtoys.com/	SymToys	Internet controlled sex machine. 	290697
http://www.shopstarship.com/	Starship Enterprises	Adult toy and gift store. Secure online shopping. BDSM toys and supplies. 	290697
http://www.seduction.ca/	Seduction	Canadian shop offering sex toys, DVDs, lotions, clothing and costumes, and books. Includes Toronto and Montreal store photos. 	290697
http://www.sinclairinstitute.com/	Sinclair Institute	Sexual information and adult toy store. 	290697
http://www.sexualityresources.com/	A Woman's Touch	Offers romantic gifts and information about relationships and sexual health with an emphasis on sensuality and sexual pleasure from womens' perspectives. 	290698
http://www.venusenvy.ca/	Venus Envy	Women's book, health, and sexuality stores in Halifax and Ottawa. Offers a variety of female-friendly erotic products. 	290698
http://www.ticklekitty.com/	Tickle Kitty, Inc.	Books by Sadie Allison, toys and aids for women to please themselves and their men. 	290698
http://www.smittenkittenonline.com/	Smitten Kitten	Woman-owned sex toy store offering a variety of adult products including vibrators, dildos and books. 	290698
http://www.bootyparlor.com/	Booty Parlor	Supplier of toys, love kits, sexy lingerie, books and home parties.  Also offers a product guide. 	290698
http://www.lovecraftsexshop.com/	Lovecraft Limited	Women-owned erotic boutique offering a selection of sex toys, lingerie, lotions and dvds.  Canadian based retailer. 	290698
http://www.sh-womenstore.com/	Sh!	Sex shop dedicated to women's sexual pleasure by providing adult products such as vibrators, dildos and lubes.  Also offers sex tips, advices and information acticles.  Based in UK. 	290698
http://www.honeygifts.com/	Honey Gifts	A Vancouver sex shop bringing a unique range of premium-quality toys, adult sex games, lingerie, sexy gift baskets online. 	290698
http://www.bestvibes.ca/	Bestvibes.ca	Canadian boutique specializing in eco-friendly sex toys such as rechargeable vibrators, silicone and glass dildos, sex machines and bondage gear. 	290691
http://www.blissconnection.com/	Bliss Connection	Online retailer of luxury erotic toys for women and couples, as well as adult novelties and lingerie. 	290698
http://www.ebanned.net/	Ebanned	Items divided into categories such as movies and erotic art. 	290699
https://loversstores.com/	Lovers	Romance store with a line of Kama Sutra toys, massage oils, lotions, and lingerie. 	290700
http://www.loverslane.com/	Lover's Lane	Sells products to help enhance loving relationships. For adult women and men who want better relationships. 	290700
http://www.lockeddoor.com/	The Locked Door	Sinfully sexy lingerie and sensuous adult gift items. 	290700
http://www.libida.com/	Libida	Toys, erotic art and literature for sale. Extensive articles on enhancing sex and how to use aids. 	290700
http://www.lovedreamer.com/	Lovedreamer	Sex toy store in Canada. Sex toys, lingerie, marital aids, and erotic lotions. 	290700
http://www.liberator.com/	Liberator Shapes	Official outlet for cushions and furniture designed to help couples explore new sexual positions. Designer sex toys, lingerie and latex fetish wear also available. 	290700
http://www.pleasurepatrol.com/	Pleasure Patrol	Shop for adult novelties and sextoys. Choose from hundreds of innocent to racy items. 	290702
http://www.pleasurebox.com.au/	Pleasure Box	Australian based supplier for adult toys with several discreet ways to buy them. 	290702
http://www.neosteel.de/	Neosteel	A variety of styles of chastity belts, measuring kit, collars, cuffs. Photos and descriptions of each style. Jones-style belts. Site is in English and German. 	290706
http://www.sybian.com/	Abco Research Associates	Manufacturer and distributor of the Sybian, Venus 2000 and Lovemaster. 	290707
http://www.peselectro.com/	Paradise Electro Stimulations	Research, development, and manufacturing, offers instructional resources and image galleries. 	290707
http://shop.erostek.com/	ErosTek	Digital e-stim power units, including documentation on proper care and use. 	290707
http://kenstwistedmind.com/	KTM Enterprises, LLC	Manufacturer of various sex machines, including custom designs. 	290707
http://www.dungeon-steel.com/	Dungeon Steel	Cages, torches, shackles and candelabras. 	290708
http://www.toys4lust.com/	Toys for Lust	Custom-made dungeon furniture, adult toys, torture tower, crosses, massage tables, cages, torture devices. 	290708
https://www.meo.de/	MEO-Team	Products available include steel bondage, hoods, male chastity devices, medical supplies, and play furniture. [Site in multiple European languages.] 	290705
http://www.affordable-leather.co.uk/	Affordable Leather Products	UK-based leatherworkers focused on economy, function, and adaptability. 	290705
http://www.leathercreations.com/	Leather Creations	Leather and latex gear, cages, and police accessories. Contains hundreds of pages and images. 	290705
http://www.purplepassion.com/	Purple Passion	An online catalog featuring fetish clothing, toys, corsets, and books. 	290705
https://www.fetishwear.com/	Le Chateau Exotique	A selection of corsets, latex fetishwear, electrical and medical toys, restraints, and jewelry. 	290705
http://www.stationhouse.com/	Stationhouse Leathers and Gear	Uniforms, security restraints, and toys for both bedroom and dungeon. 	290705
http://www.frugaldomme.com/	The Frugal Domme	Books, floggers, canes and other toys. 	290705
http://www.secretleather.com/	SL Trading	Hand-made leather and chain BDSM toys. [London, England] 	290705
http://www.medicaltoys.com/	MedicalToys.com	A catalog of medical and nurse fetish toys, featuring information, on-line secure ordering, a photo gallery, and chat. 	290705
http://www.fantasyleather.co.uk/	Fantasy Leather	Part of a larger leather works company. Produces pony play accessories including bridles, plumes and harnesses. 	290705
http://www.fetishmusic.co.uk/	My Demon Lover	Dark and threatening bedroom music. 	290705
http://www.tetruss.com/	Tetruss Suspension Bondage	Offer portable bondage furniture, a lightweight, free-standing suspension bondage rig. 	290705
http://www.aslanleather.com/	Aslan Leather	A woman-owned and operated manufacturer of bondage gear, dildo harnesses, whips, and specialty items. 	290705
http://www.bareleatherworks.com/	Bare Leatherworks LLP	Providers of hand-crafted floggers, restraints, and spreader bars. 	290705
http://www.mr-s-leather.com/	Mr. S Leather	Features leather/latex clothing and BDSM toys complete with photos. 	290705
http://www.extremerestraints.com/	Extreme Restraints	Offer bondage equipment, BDSM toys, chastity toys, estim and electosex accessories, fetish clothing, dildos, butt plugs and other adult erotic toys. Also offer pay per view video on demand and dating services. 	290705
http://www.leatheretc.com/	Leather Etc.	Leather clothing, bondage toys, fetish accessories and harnesses for men and women. 	290705
http://www.stockroom.com/	JT's Stockroom	Bondage  gear, BDSM & e-stim toys, chastity devices, fetish wear, dildos & dildo harnesses, bondage restraints, safe sex supplies. Also includes an erotic photo gallery and a free forum. 	290705
http://www.latexprison.de/	SFDI	Vacuum-based latex mummification solutions. 	290709
http://floggers4u.freeservers.com/	Flogger Designs by SasyBrat	Offering an assortment of hand-made floggers in rope, plastic lacing, Bungee, rubber, and leather. 	290710
http://www.aswgt.com/	ASWGT Inc	Offers leather floggers, whips, straps and canes. Pictures and descriptions of the products and mini biographies of the site owners. 	290710
http://www.woodrage.com/	WR Products	Offers spanking paddles made from solid wood, specializing in hairbrush-style items. 	290710
http://www.wian-studios.com/	WIAN Studios	Leather floggers and cats in a variety of weights. Includes pictures of many previous custom pieces. 	290710
http://www.detailstoys.com/	DeTails Toys	Hand-crafted leather whips, floggers, and tack supplies. 	290710
http://www.flogger.com/	Happy Tails	Floggers, whips, and leather gear. General information, news and mini biographies. 	290710
http://trusseduk.com/	Trussed UK	Hand made bondage and fetish items. 	290710
http://snakewhip.com/	Quality Whips by Victor Tella	Provides custom bullwhips, singletails, snakewhips, signalwhips, cats, quirts, crops and braided canes. 	290710
http://www.thelondontanners.com/	The London Tanners	Impact toys for the dominant disciplinarian. 	290710
http://www.iomfats.org/	It's Only Me from Across the Sea	Teenage male sexual health and advice, rape survival information, and stories by selected authors.  Includes a poetry section, and a place to submit your own gay haikus, message board, and animated presentation on hate. 	290717
http://www.libchrist.com/sexed/Gspot.html	The G Spot and Female Ejaculation	Guide to cunnilingis, female ejaculation, g-spot orgasms and commentary. 	290719
http://www.panix.com/~piglet/muff-diving.faq	Muff Diving FAQ	Combination of several smaller cunnilingis guides. 	290719
http://www.libchrist.com/sexed/fellatio.html	For Man's Pleasure Oral Sex (Fellatio)	A Christian organizations guide to fellatio. 	290720
http://en.wikipedia.org/wiki/Oral_sex	Wikipedia: Oral Sex	Online encyclopedia article discusses terminology, techniques, taboos, and health issues associated with these practices. 	290718
http://www.saafe.info/	Support and Advice for Escorts	Information about various aspects of the work, some UK specific and some more general. Also forum and centralised warnings board that takes info from other sites. 	290721
http://www.sextoysillustrated.com/	Sex Toys Illustrated	A virtual tour of the world of sexual aids. Interactive animated demonstrations of devices for men and women. 	290724
http://www.allsexreviews.com/	All Sex Reviews	Sex writer Ann Adriani gives detailed and thorough reviews of adult products. 	290724
http://www.actionlove.com/	Action Love	Bridging the eastern sexuality and western biomedical engineering for sexual orgasm. 	290725
https://www.sexualpositionsfree.com/	Sexual Positions Free	Wide selection of acts illustrated with photos of figure drawing models. 	290725
http://www.welcomed.com/	The Welcomed Consensus	Offers courses and videos in sensuality,  relationships, communication, lifestyles, with a focus on better orgasm. 	290726
http://www.leathernroses.com/generalbdsm/generalbdsm.htm	BDSM and Sex Information	Collection of articles on safety and health issues for people who practice BDSM. 	290726
http://www.magicbluepill.com/	Viagra Stories	Viagra users relate experiences with dosage, side effects, medical conditions, and other health issues. 	290726
https://www.debbyherbenick.com/	Debby Herbenick, PhD, MPH	Researcher and sex educator Dr. Debby Herbenick. Includes information about her teaching and speaking schedule, as well as books, media and a contact page. 	290726
http://www.little-hooters.com/sexquest/index.htm	Everything You Wanted to Know About Sex	Information devoted to the understanding and enjoyment of safe and consensual forms of sexual and sensual expression to those who cannot get tasteful information about it anywhere else. 	290715
http://www.howtohavegoodsex.com/	How To Have Good Sex	This site provides tips, tricks and ideas on how to have good sex. Very elaborate. 	290715
http://www.allsexguide.com/	All Sex Guide	Information about techniques, adult videos, and sex toys. 	290715
http://www.luckymojo.com/faqs/altsex/	Alt.sex Frequently Answered Questions	Historical document written in 1994. 	290715
http://www.skinful.com/	A Skinful Site	Several tutorials on various sex topics. 	290715
http://www.sex-techniques-and-positions.com/	Sex Techniques and Positions	Free site with photographs of a real-life couple having sex in fifty different positions. 	290715
http://www.the-penis.com/	The Penis, Sex and Masturbation	Men's, women's, and boys' questions about the penis, penis size, sex, masturbation, orgasm, ejaculation, puberty and sexual health. 	290715
http://www.libchrist.com/	Liberated Christians	Compares their view of true Christian sexual values to the views espoused by some other organizations, particularly the right wing. Topics include historical practices, responsible non-monogamy, promoting intimacy, and how to run a local fellowship based on these principles. 	290727
http://www.kinseyinstitute.org/	Kinsey Institute for Research in Sex, Gender, and  Reproduction	The Kinsey Institute promotes interdisciplinary research and scholarship in the field of human sexuality and related aspects of gender and reproduction. 	290727
http://www.angelfire.com/pa4/TheLostScroll/	The Lost Scroll	Original fantasy fiction based loosely on the chronicles of John Norman. 	290734
http://www.angelfire.com/scifi/yellowknives/contents.htm	The Yellow Knives	A comprehensive look at the people that make up Books 17 and 18 of the John Norman series. 	290734
http://www.angelfire.com/moon/slave/	La Persephone	Basic information with focus on the slave girl. Includes some tips for kajirae and a collection of relevant definitions. 	290734
http://www.gor.net/soa/	#Ship-of-Acquisition	IRC channel on Bondage.net. Established in 1997. 	290734
http://www.gor.net/	Gorean Foundation	Collection of basic information presented to help newcomers, with small supporting community. 	290734
http://www.angelfire.com/nd2/parodia/index2.html	The Rabid Urt	Parody site lampooning online chat sites, serving styles and dances. 	290734
http://jag.hyperchat.com/	Justice Alliance of Gor	SOI Chat community blending lifestyle with adult roleplay. 	290734
http://www.diaper-bois.com/	Diaper-BOIS.com	Chat, forum and a members section for gay or bisexual men. 	290737
http://www.adisc.org/forum/	ADISC.org	Forum providing support for AB/DLs. Includes blogs, stories and pictures. 	290737
http://www.swingular.com/	Swingular	A dating site for adults to place their personal ads and meet other swingers. 	290740
http://www.swingvillage.com/	The Swing Village	Adult personals with forums, chat and messaging. [Membership] 	290740
http://wifebarterclub.com/	Wife Barter Club	Adult barter club. Swinger wives trade romance for services. 	290740
http://www.afterdark-group.co.uk/	After Dark Group	A local website for people in the UK who enjoy an alternative lifestyle. 	290740
http://www.sdc.com/	Swingers Date Club	Swingers photo voice personals, instant message, private email, chat room, web cam chat, photo albums, matchmaking services. [Membership] 	290740
http://www.swingersboard.com/	Swingers Board	  Forum for discussions of the swinging lifestyle. 	290739
http://www.swinglifestyle.com/	Swing Life Style	Full featured site offering ads, mail, and chat. [Membership] 	290740
https://www.fabswingers.com/	Fab Swingers	Mostly free swingers site with a large number of personal profiles, listings of swinger clubs and active forums. 	290740
http://www.swingingheaven.co.uk/	Swinging Heaven	A mix of personal profiles mainly from the UK and very active forums. Viewing is free but a subscription is required to contribute. 	290740
http://www.swingtowns.com/	SwingTowns.com	Find friends with benefits and have fun with our swingers personals. 	290739
http://www.kasidie.com/	Kasidie	Online swinger's lifestyle magazine. Profiles, forum, club listings. 	290740
http://bigmuscle.com/	Big Muscle	Focuses on gay or bisexual male bodybuilders. Includes search and browse features. 	290743
http://www.manhunt.net/	Manhunt	Gay Dating, chat and hookups. 	290743
http://adultfriendfinder.com/	Adult Friendfinder	Personal adverts with pictures and chat. [Membership] 	290742
http://www.webnaughty.com/	Web Naughty	Community of people looking for sex dates. Membership is required to utilize all site features. 	290742
http://www.bondage.com/	Bondage.com	BDSM community with free personals and discussion forums. 	290745
http://www.sexforwomen.net/	Sex for Women Network	Contains toy, book and video reviews. 	290746
http://fetishexchange.org/female-ejaculation.shtml	Fetish Information Exchange: Female Ejaculation	Information and tips about the g-spot and female ejaculation. 	290746
http://www.gayhomes.net/bzzzcut/	Bzzzcut's Lair	Check out Bzzzcut's wet dream rugby team page, marine platoon, water and skin pages. 	290788
http://members.tripod.com/Bostonwill/	Bostonwill's Stone Garden	Graveyard photographs, personal photos and the bio of a gay Boston guy. 	290788
http://www.theslowlane.com/	The Slow Lane	Undressing the cyclist part way. Robert Ashworth's personal home page of bike touring and mild homoerotic fantasy. 	290788
http://www.biggercity.com/	BiggerCity	For the gay Chub, Chaser and Bear community. Huge categorized galleries, chat, personals, events, venues, pictures, videos. 	290781
http://www.nifty.org/nifty/authors.html#badgod69	Nifty Archive: BadGod69	erotic stories featuring skinheads 	290786
http://www.milism.net/rebel.htm	Skinhead rebellion - submit or rebel?	Some musings on skinhead style, along with a collection of links. 	290786
http://www.thetwilightguard.org/	Twilight Guard	Fellowship of leathermen and bears in the gay communities of Connecticut and New York. 	290787
http://www.interactivemale.com/	Interactive Male	Gay male information, voice ads, personals, and chat. 	290785
http://www.houseboi.com/	Houseboi Home	Houseboys seeking employment, couples and some singles gallery full of male graphics. [AVS: MANcheck Plus] 	290785
http://www.p-can.org/	Pacific-Canadian Association of Nudists	P-CAN is a Vancouver BC naked club for gay and bisexual men who enjoy nudity and naturism in a social setting. 	290785
http://www.squirt.org/	Squirt.org	Gay cruising site includes discussion forums, chats, including web cam chat,  personal ads and a global database of cruising locations including parks, washrooms, truck stops, saunas, glory holes, adult bookstores, theaters, nude beaches, orgies, sex clubs, and bars. 	290743
http://www.nudemen4u.com/discus/index.html	Nude Men 4U	A board to discuss gay and bisexual health and legal issues and to post personals, pictures and erotic stories. 	290785
http://www.peekersworld.com/	Peeker's World	Includes photos, also gay community resources and community events for the Southern California, USA. 	290785
http://www.walnet.org/trailboys/	Trailboys	A webzine with on safe sex and outdoor sex. Erotic drawings. Picture galleries. 	290785
http://www.angelfire.com/fl5/temptor1/	Fantasy Rubdowns	Site introducing Dwayne, a new rubdown specialist in South Florida. Discusses his rates, shows his personal photots and gives contact information. 	290788
http://www.michaelstewart.com/	Michael Stewart	Webcams, galleries, author's published articles and gay guide to North-Eastern Pennsylvania. Some areas require AdultCheck or ManSights AVS. 	290788
https://bear-cop.wixsite.com/bear-cop	Bear Cop	Personal stuff with stories, etiquette and pictures. 	290788
http://kindredspiritlodge.tripod.com/	Kindred Spirit Lodge	A loosely knit group of leatherdykes. Includes archives of Lesbian bdsm stories, romance, erotica, roleplays, and Xena Fan Fiction. 	290790
http://www.angelfire.com/grrl/lesbianbdsm/	LesbianBDSM_Lifestyles	Covers aspects of the lesbian lifestyle and is a women's only private list for lesbian and bisexual women. 	290790
http://www.theexiles.org/	Exiles	[San Francisco] Social and educational organization for women interested in s/m between women. Calendar, list of past programs, and informational articles about SM. 	290791
http://www.leatherarchives.org/	Leather Archives and Museum	Museum of leather/BDSM culture and history.  Rotating online art gallery.  Located in Chicago, Illinois. 	290789
http://www.harbormastersofmaine.com/	Harbor Masters of Maine	Organization of gay men and women with an active interest in leather and BDSM lifestyle. 	290795
http://www.pupzone.com/	Pup Zone	For guys into dog/pup roleplay with image galleries, store and forum. 	290797
http://www.imrl.com/	International Mr. Leather	[Chicago, IL, USA]The biggest gay male leather gathering in the US, which also welcomes other genders and orientations.  Includes schedule of events, hotel information, and how to register. 	290796
http://www.gayleathermen.com/	Gay Leathermen	A glossary of hanky codes and leather terms, San Francisco area links, and pictures of recent events. 	290796
https://arizonapowerexchange.org/	Arizona Power Exchange	Organises residential courses and workshops, and publishes the Collars journal, dedicated to Mastery and slavery. 	290796
http://www.atons.net/	The Atons of Minneapolis	Gay men's leather/Levi social fraternity. Dedicated to promoting a positive image of the leather lifestyle through various social activities. Encourages local, national and international fellowship. 	290798
https://slmoslo.no/	Scandinavian Leather Men	A Norwegian gay leather club which organizes one or two events each month. Includes event calendar and photos of prior events. In Norwegian and English. 	290798
http://www.rubberdocs.net/	Rubberdocs.net	Pictures and personal experiences in rubber, waders, skin gear, leather and boots. 	290799
http://www.peterboots.com/	Peter Boots	London and New York City guides with a list of gay SM, leather and fetish places. 	290800
http://www.nicolasmith24.co.uk/	Nicola Smith	UK transvestite, her friends and photographs. 	290803
http://taniavelardi.tripod.com/	Tania Velardi	Photographs and profile on this crossdresser from Miami, Florida. 	290803
http://www.melissagirl.com/	Melissa Girl	Personal interests and poetry from this woman in the middle of transition. 	290803
http://xdressed.chez-alice.fr/	Xdressed	"I just love to wear casts and be dressed like a girl." Personal homepage of a transvestite caster that includes text about the author and four picture galleries. 	290810
http://www.rubberzone.com/	Rubber Zone	For men into rubber, latex, and bondage with personals area and discussion forum. 	290818
http://www.tulsaleather.com/	Tulsa Leather	For people of any sexual orientation, interested in uniforms, leather/levi and motorcycles. 	290821
http://www.baystatemarauders.org/	Bay State Marauders	Leather social club for gay men in the Boston Area. 	290798
http://cuirmale.nl/	Cuirmale.nl	Gay leather fetish history with personal stories and resources. 	290821
http://sixftlion.com/	McGee, Suzanna	Newsletters, pictures for sale, contest record and training offered by a fitness and bodybuilding model. 	290824
http://www.macrophile.com/	Macrophile.com	Discussion forum, contributed art and stories related and about giant women. 	290826
http://www.writing.com/main/view_item/item_id/744565	Writing.Com: Macrophilia 101	Essay by Davy Kraken. Thoughts and theories about the fetish for giant women. 	290826
http://www.bellybuilders.com/	BellyBuilders	A site dedicated to the men of this world, who love their guts, are proud of them and want them to grow bigger. 	290828
http://fantasyfeeder.com/	Fantasy Feeder	With a strong emphasis on female feedees, this site also caters for male feedees and female fat admirers (FFA). With forum, chat, gallery, profiles, recipes, articles and a weekly 'fattening challenge' area, it's a fairly active site with a reasonable membership. 	290828
http://www.beefyfrat.com/	BeefyFrat	Styled on a college fraternity model, for guys who embrace themselves or other guys being big and in most cases getting bigger [Membership] 	290828
http://www.nyllover.com/	Feet Under The Table	Videos, pictures and stories about women using their feet to seduce men. 	290832
http://www.minddisorders.com/Py-Z/Voyeurism.html	Encyclopedia of Mental Disorders	Definition, description, causes and symptoms of this psychosexual disorder. 	290837
http://www.mtjpub.com/	MTJ Publishing	MTJ Publishing is a producer of tickling art and stories. 	290838
http://www.jackinchat.com/	JackinChat	Offers free live chat, message boards to like-minded adults who enjoy the act of masturbation. 	290839
http://www.boundforum.com/	The Bound Forum	Community for share bondage experiences. 	290864
http://www.eckie.com/	Eckie.com	BDSM forum, with personal pics gallery and surveys. [Free membership required] 	290864
http://www.femwin.com/	Femwin	News, ratings, profiles, video reviews, and chat covering female wrestlers. 	290844
http://www.angelfire.com/wrestling/violetflame/home.html	Violet Flame	Profile, extensive galleries, schedule and magazine references about this professional woman wrestler. 	290844
https://mermaidhunter.com/	Mermaid Hunter	An online, mystery adventure based on true events, where the narrative is illustrated with color photographs. 	290845
http://www.truthordarepics.com/stories/	Truth or Dare Pics - Exhibitionism Stories	Stories about "truth-or-dare" adventures with public or semi-public nudity. Other areas on the site feature amateur exhibitionist pictures. 	290850
http://en.wikipedia.org/wiki/Fisting	Wikipedia: Fisting	Online encyclopedia article discusses this practice. 	290851
http://www.fistrik.com/	Fistrik.com	Information about gay fistfuck with personal pictures and resource links. 	290851
http://www.masturbationpage.com/	The Masturbation Home Page	Stories, pictures, chat, and bulletin board. Also contains members area. 	290853
http://www.ooze.com/ooze8/X0004_dangerous.html	Dangerous Mastubatory Habits	A humorous list of extremely dangerous - and bizarre - masturbatory habits, with skull-and-crossbones ratings. 	290853
http://www.clubstroke.net/	ClubStroke	Masturbation stories, forum and personal ads. Photos available in paid membership area. 	290853
http://www.malemasturbationtalk.com/	Male Masturbation Talk	Techniques and tips for increase pleasure with toys. 	290853
http://www.myfemalesexuality.com/technique/MasturbationChapter1.htm	Female Masturbation	Tips and techniques for females. 	290853
http://mama.indstate.edu/users/nizrael/grafenberg.html	The Gräfenberg Spot	A paper on the existence, location, and significance of the Gräfenberg spot (G-spot) in sexual function, with relevant links. 	290854
http://www.linplaza.com/love/g-spot.htm	Orgasm Research Center	Location of G-spot, Vaginal Orgasm, Method of 3-point Excitation for full body orgasms. 	290854
http://www.bullwhip.org/	FAQ - bullwhip.org	Safety and usage guide, includes various topics such as terminology, history, caring for your whip, Tips for buying a whip, repairs, and whip-making. 	290857
http://www.faqs.org/faqs/bodyart/piercing-faq/	FAQ - Body Piercings	Extensive piercing information, from historical background to the care of new piercings. 	290857
http://fetishexchange.org/	Fetish Information Exchange	BDSM reference information and "how-to" articles. 	290857
http://www.chiark.greenend.org.uk/bdsm/frequently_asked_questions/	uk.people.bdsm FAQ	A very extensive faq on bondage/discipline, dominance/submission, and Sadism/Masochism 	290857
http://www.jojasa.com/overlap/	#overlap	An erotic spanking chat channel on the Undernet. 	290858
http://www.jojasa.com/sssroster/	Soc.Sexuality.Spanking  Roster	Listing of readers of soc.sexuality.spanking. 	290858
http://www.jojasa.com/overlap/board/index.php	Overlap Community Spanking Forum	Adult erotic or discipline, D/s chat, stories, and discussion board. 	290858
http://spanking.castigatio.nl/	M/M Spanking in Europe	Resources for men who like spanking other men. Includes contact ads, a list of clubs, and a timetable for Netherlands and Belgium. [English and Dutch] 	290858
http://www.leatherleadership.org/	Leather Leadership Conference	[North America] Annual event, in rotating locations, focused on developing and strengthening the leadership and management skills of  SM/Leather community leaders and activists. Group structure, legal issues, event planning. 	290861
https://imslbb.org/	International Ms Leather	[San Francisco, CA, USA] Annual women's leather contest, in April. Includes information on workshops, presenters, hotel, and registration. 	290861
http://www.thebdsmeventspage.com/	The BDSM Events Page	Listing major international BDSM and Leather events and over 500 organizations. 	290861
https://www.xklusiv.de/en/	Xklusiv Events	[Germany] A BDSM and Fetish Party that takes place at castles and palaces in varying locations. Includes information on upcoming parties and reports of past ones. [in English and German] 	290861
http://www.imrl.com/	International Mr. Leather	[Chicago, IL, USA]The biggest gay male leather gathering in the US, which also welcomes other genders and orientations.  Includes schedule of events, hotel information, and how to register. 	290861
http://www.get-teased.ca/	Tease	[Southwestern Ontario, Canada] An outdoor alternative lifestyle BDSM pan-sexual camping convention which includes workshops and other events. 	290861
http://www.bobdeegan.com/	Bob Deegan -- The Art of the Single Tail	Includes a calendar of workshops and events where the author is teaching. 	290863
http://www.bullwhip.org/sf/	San Francisco Bullwhip Workshop	A weekly whip cracking class. 	290863
http://www.leathernroses.com/	#leather-and-roses	Dealing with the lifestyle of BDSM both in real life and online. Covers safety issues, emotional topics, and psychological topics. [Undernet] 	290865
http://www.maxfisch.com/forum.php	The Hang	Features both general interest areas and "DomBoards" devoted to specific pro-doms. [WWWThreads] 	290864
http://www.brianspage.com/	Brian's Page	discussion forums about bondage related scenes in  mainstream movies and TV series. 	290864
http://latches.webslaves.com/	Latches	A non-profit support and discussion group for submissive women who have had some real-time, physical experience with D/s. 	290868
http://www.bcwsd.com/backroom/	BDSM Backroom	Lifestyle resource, with a library of information, scene news, stories, personal ads, and interactive materials. 	290868
http://www.drkdesyre.com/	Caryl's Page	List of organizations, groups and contacts, safety information and an ICQ list. 	290868
http://www.wizdomme.com/infopack/	D/s Help and Info	A collection of articles, FAQs, and contracts for D/s Lifestyle newcomers. 	290868
http://www.submissive1.homestead.com/intro.html	Submissive Loving	Articles and resources regarding BDSM, submission and domination. 	290868
http://www.bcwsd.com/backroom/library/articles_us/bond_jap.htm	Japanese Bondage	Articles with a choice of techniques and safety. 	290871
http://www.flickr.com/groups/encasement/	Flickr: Encasement	A group is strictly for sharing encasement photos and discussions about encasement. 	290870
http://www.bondageu.com/	Bondage University	Techniques, information and education. 	290870
http://www.chastity-uk.co.uk/	Chastity UK	Photographs, articles, history and polls on chastity belts. 	290872
http://www.angelfire.com/id2/Hawaii/MaleCh.html	Making Him Your Dream Man:  Male Chastity	Guide for women to begin using a chastity device on their male partner. 	290872
http://www.bornslaves.com/	Born Slaves	Discussing this concept who develop through the power of SM. 	290873
http://www.wizdomme.com/	Wizdomme	Information, the D/s Newbie Pack, and a list of books. 	290874
http://www.evilmonk.org/A/	Ambrosio's BDSM	Articles addressing a broad range of BDSM-related topics. 	290874
http://collarncuffs.com/	Collar N Cuffs	Femdom community. Includes ecards and a forum. 	290864
http://lovingfemaleauthority.blogspot.com/	Loving Female Authority	The purpose of this blog is to share very deeply held views on the subject of wife-led households. A wife-led, or female-led, houseold is one where husbands submit to the loving female authority of their wives. 	290876
http://faninho.blogspot.com/	To Be Hers Or Not To Be	Finding a happier marriage through submission. 	290876
http://submissivemale.blogspot.com/	Submissive Male	To encourage thoughtful female-friendly discussion of the benefits of female led relationships. Also to celebrate and discuss the Dominant Female/ submissive male dynamic in relationships and society. 	290876
http://www.frugaldomme.com/frugal.htm	The Frugal Domme	Links to articles about making your own toys, D/s techniques, etiquette, humor and ceremonies. 	290876
http://www.unicorn-dream.co.uk/destrier/	If Wishers Were Horses	Destrier's stories, drawings, and practical advice about the transformation from human to equine, focussed on the fantastic and mythological aspects. Site includes directions for making realistic hooves to fit human hands. 	290880
http://www.theleatherjournal.com/	The Leather Journal	Online version of print newsletter. Scene news and gossip, political opinions, personals, national calendar of gay men's fetish events. 	290881
http://www.whapmag.com/	Whap!	A magazine for those interested in domestic discipline. Contains a preview of the publication, background information, links, and a message board. 	290881
http://www.black-rose.com/cuiru.html	Cuir Underground	San Francisco-based online magazine. Articles, essays, columns, fiction, events and book/magazine/film/music reviews. 	290881
http://www.sandm.com/	SandM.com	Online S/M 'zine with features, columns, galleries, personals, resources, and an archived database of past issues. 	290881
http://soiuser.hyperchat.com/qain/default.htm	Qain & Zardley	Views on TPE, poetry, fiction, a kinky Barbie collection, a photo gallery, and links. 	290884
http://soiuser.hyperchat.com/masterofwisdom/entrancesoi.htm	O/our World	Description of a relationship and lifestyle. 	290884
http://www.bdsmcircle.net/	The Bdsm Circle / Le Cercle Bdsm	Bilingual French/English site features erotic stories, pictures, links and articles. 	290884
http://www.sirbamm.com/	Sir Bamm!	Includes a detailed biography of Sir Bamm's journey and lifestyle links. 	290886
http://velvetslave.blogspot.com/	Velvet Slave	The true-life adventures of a male sub in New York City. 	290887
http://husbandserveswife.blogspot.com/	HusbandServesWife	Submissive man sharing tips about how to get your wife to enjoy domination. Archive as the blog has not been updated in awhile. 	290887
http://shestheboss.blogspot.com/	Whatevershesays	Male submissive writing about his experiences with his Femdom wife. 	290887
http://pussyworship.blogspot.com/	Pussy Worship	Blogging about his female led relationship. 	290887
http://laurastoy.blogspot.com/	slaveboy in Marital Bliss	Reflections related to his marraige with Mistress Laura, his loving Wife of almost ten years. 	290887
http://lthredge.com/	The Book of Edge by Slave David Stein	Featuring his book, entitled "The Edge" in pdf format for download. 	290887
http://melicia.50megs.com/	melicia's lair - a sub's library	A submissive's library of erotic writings, a personal journal and artwork. 	290890
http://soiuser.hyperchat.com/zaria/	zaria's home page	Original BDSM poetry and fiction by Zaria and her friends, and lifestyle links. 	290890
http://yourcup.tripod.com/asknicely.html	please, Sir	The journal of a submissive woman living in the real world. Hosted on Tripod w/popups. 	290890
http://www.angelfire.com/ny3/marianna/	Beauty and the Beast	Perspectives on submission and abuse, BDSM-related writings, and links. [midi music] 	290890
http://www.tiedmoments.com/submission/	Submission	Poetry and stories, links, and informative thoughts from a female submissive's vanilla husband. 	290890
http://www.multiorgasmic.com/study.htm	True Male Multiorgasmic Response: The Study	Study from Rutgers University documenting natural male multiple orgasms for first time.  Published in the Journal of Sex Education and Therapy (Vol. 23, No. 2). 	290776
http://www.sissykiss.com/	Sissy Kiss	TG and AB stories, forums, pics, fun quizzes, links. This site caters to those that want to find their internal little girl. 	290737
http://transbetty.com/	TransBetty	Blog about transgender issues, photos, tips and tricks for trannies and reflections on current society. 	290803
http://www.swingingheaven.co.uk/	Swinging Heaven	Dedicated to the swinging lifestyle. Photo adverts, chatroom, forum and parties. United Kingdom. 	290739
https://fetlife.com/	FetLife	Social network for the kinky community. Includes profiles of members, groups pictures and videos. 	290742
http://www.swingersclublist.com/	Swingers Club List	Clubs and parties regionally listed throughout the world. 	290739
http://www.nakedworld.com/	Naked World	 Swingers and nudist site that is   free. They also offer cam/chat and video uploads. 	290740
http://adameve.com/	PHE, Inc.	Online mail order company featuring adult toys such as vibrators, condoms, dvds, videos and lotions. 	290702
https://www.acleather.org/	Alameda County Leather Corps	Leather club to promote educational and charitable activities through social interaction among people with an interest in leather, Levis, uniforms, and latex. 	290795
http://the15association.org/	The 15 Association	A social and sexual fraternity for men who engage in BDSM. 	290795
http://thebrotherhoodsj.com/	The Brotherhood	A group to bring together Leather Men for public events such as BBQs, Potlucks, Motorcycle Runs, and Bar events. 	290795
http://oneopinionatedbitch.com/I/love/sex/	How to Fuck like a Pornstar AKA The Gentle Art of Female Ejaculation	How-to advice and tips. 	290746
http://www.adam4adam.com/	Adam4Adam	International gay dating and hookup, chat, and cam.   	290743
http://www.recon.com/	Recon	Fetish personals site for men. 	290743
http://www.dailydiapers.com/board/	The Daily Diaper	Adult diaper community with a comprehensive archived gallery. [Membership] 	290839
http://www.boundanna.com/	Bound Anna	Focused on bondage and selfbondage techniques with safety advice, stories and a forum. 	290870
http://www.benaughty.com/	Be Naughty	Dating site aimed at singles seeking casual relationships [Membership]  	290742
http://www.fling.com/	Fling	Adult personal ads for singles and swingers with advanced search facilities [Membership] 	290742
http://www.coupleschemistry.com/	Couples Chemistry	Offers an Intimacy Essentials Kit, shipped to most states in the United States as well as to Canada. Also has a relationship quiz which identifies the top sexual desires couples are most interested in exploring together.   	290692
http://www.kuma2.net/	KUMA - Black Lesbian Erotica	A site featuring Black Lesbian Eros in the form of poetry/prose, artwork, and audio downloads. 	290783
http://www.technodyke.com/features/patcalifa1.asp	Pat Califia -- A Three Part Interview	An interview with Patrick Califia about what it's like to be transitioning from female to male; the relationship between the virtual and real world SM communities; writing porn, censorship, and the Little Sisters Bookstore legal case. 	290789
http://www.cair4.com/	Caring Domination	This site was designed to work for the wives of submissive men. 	290876
http://www.winternet.com/~redright/redright.html	RedRight Web	Free gay fisting website, featuring stories, nasty red-hanky pictures, journal entries and the FFFAQ (Fist Fucker's Frequently Asked Question list). 	290851
http://www.americanbrotherhood.com/	American Brotherhood Weekend	[Washington, DC, USA]  Three contests for gay and lesbian leatherpeople, and "a celebration of the bond of Leather families".  Includes dates, times, how to register, and hotel information. 	290861
http://www.leatherpridenight.org/	Leather Pride Night	Annual event in June in NYC, USA, coinciding with Gay Pride events. 	290861
http://www.theleatherjournal.com/?q=pantheon	Pantheon of Leather	[New Orleans, LA, USA] Annual event giving awards in many categories, including community services, clubs, events, personal. 	290861
http://hardwiredsub.blogspot.com/	Hardwired Submissive Man	Uncensored thoughts of a man who's sexual wiring identifies him as a submissive in the world of BDSM, yet finds himself in a committed vanilla relationship. 	290887
http://www.sandm.com/	SandM.com	Features, galleries, columns, writings, and tons of resources concerning the world and practice of Sadism and Masochism (S&M). 	290868
http://towerofbabel.com/sections/erotica/submittedforyourapproval/	Babel's "Submitted For Your Approval"	subaltern and He Who Must Be Obeyed answer questions, describe Lifestyle termininology, and discuss safety issues. 	290868
http://www.smgays.org/	SM Gays on the Web	A London, UK group offering social nights and publications. Includes lifestyle resources. 	290798
http://www.spicymatch.com/	SpicyMatch	Find swingers online, meet couples and discover swinger clubs, parties, events, and nudist beaches. 	290740
http://www.femplay.com.au/	Femplay	Online adult store for females focusing on carefully selected range of adult toys including vibrators, dildos, anal toys and strap-ons. Offering some products 'Made in Australia'. 	290698
http://www.jodivine.com/	Jo Divine	Upmarket online shop, specialising in luxury sex toys, such as Lelo vibrators, njoy and Fun Factory. Has shopping cart, and online purchasing facility. 	290698
http://www.goodforher.com/	Good For Her	Erotic store located in Toronto featuring a variety of adult items ranging from sex toys, videos and books, to oils, lotions, lubes and condoms. Also offers home parties, an online advice section and toys guide. 	290698
http://www.selfservetoys.com/	Self Serve	Adult sex toy retail store and sex education center supporting women, LGBT people and anyone seeking healthy, positive sexual attitudes and perspectives. 	290698
http://www.bdsmcafe.com/	BDSM Cafe	Personal contacts, resources and a place where writers can get their stories published online. 	290881
http://womynsware.com/	Womyns Ware	Female-oriented sex toy shopping based in Vancouver. Detailed product and users guides. 	290698
http://www.axovus.com/	Axovus.com	Carries an assortment of leather and PVC restraints, electrical toys and other gear made in Seattle Washington. 	290709
http://www.bdsm-gear.com/	BDSM-Gear.com	Manufacturers cuffs, collars, toys, jewelry, and furniture. 	290709
http://www.strictlyleather.co.uk/	Strictlyleather.co.uk	A manufacturing leather restraint supplier of tawses and fetish equipment. 	290709
http://firebirdleather.com/	Firebird Leather	is a leather boutique that offers jewelry, floggers, and unique costuming. 	290705
https://www.steelwerksextreme.com/	Steelwerksextreme.com	Offers male chastity devices, penis wands, and accessories custom made out of stainless steel or titanium. 	1042576
http://cb-x.com/	CB-X.com	Las Vegas manufacturer of the CB-X series, the Curve and other male chastity devices. 	1042576
http://www.birdlocked.com/	Birdlocked.com	Designers of male silicone chastity cages from Lausanne, Switzerland. 	1042576
http://bdsm-attributes.com/	BDSM Attributes	designs BDSM accessories, leather whips, floggers, devices, and toys. 	290710
http://buckangel.com/	Official Site of Buck Angel	First FTM adult Star and Sex Advocate. Education on transgender sex. 	290801
http://www.trannysites.info/	Tranny Sites	Reviews of adult transsexual, fetish, BDSM and femdom websites. Reviews, rating and discount coupons. 	290801
https://www.collarspace.com/	CollarSpace	Personal ads and a discussion forum. Completely free to use. 	290745
http://www.uberkinky.co.uk/	UberKinky	Bondage, chastity and other fetish gear available. UK based. 	290705
http://www.pabo.com/	Pabo	Offers a comprehensive range of sex toys, bedroom lingerie and intimate products for couples. 	290702
http://www.newlovecreations.com/	New Love Creations	InJoyUs is a strap on system for women that stays securely in place without any belts or straps. Made In the USA. 	290698
http://www.pleasuresprinciples.com/	Pleasures Principles	Online shop offering sex toys, fragrances, body jewelry and shoes. 	290702
https://www.peachesandcream.co.nz/	Peaches and Cream	New Zealand based store offering a variety of adult toys, lingerie and other sexy items. 	290702
http://www.autographstore.com/	AutographStore.com	Offers signed photographs of celebrities and an adult section. Includes an article on authenticity. 	290590
http://www.poppers-shop.nl/	Poppers-Shop.nl	Sells both liquid and solid aromas along with other items for males such as delay sprays, lifestyle products and swimwear. Also offers a smaller selection for women. 	290678
https://www.gay-toy.com/	Skyline Gmbh	Also supplies men with swimwear, DVDs and anal sprays. 	290678
http://www.esmale.com/	EsMale	British based, delivering worldwide. Offers items such as fisting gear, jockstraps and lubricants. 	290678
http://www.homoware.com/	Homoware	Based in Copenhagen, Denmark. Offers products such as anal douches, condoms and pride items. 	290678
https://www.clonezonedirect.co.uk/	Libertybelle UK Limited	Based in the UK with shipping worldwide. Offers items in categories such as fetish, swimwear and fashion. Includes a wish list facility. 	290678
https://bloketoys.co.uk/	BlokeToys.co.uk	Delivers internationally. Sells items including FleshJacks, masturbaters and cock rings. Provides information guides on subjects such as hands-free orgasms and anal play. 	290678
https://www.rainbowdepot.com/	The Flying Monkee LLC	Provides items for men and women including edible nipple pasties, cock cages and electrostimulation. Also offers a wide range of Pride items including pet wear, beach items and party supplies. Includes a blog. 	290678
http://boyzdestroyed.com/	BoyzDestroyed	Based in the UK with international shipping. Categories include anal toys and douches. 	290678
https://www.tootimid.com/	Too Timid	Sells products including lingerie, realistic vaginas and lubricants, catering for men, women and couples. Provides a forum and articles. 	290683
http://www.thepurebed.com/	Bordenz Enterprises	Aimed at married couples, run by Christians. Products include toy cleaners, massage products and candles. Based in California, USA and shipping worldwide. 	290691
http://www.sensualdirect.com/	Wilmore Holdings Inc.	Based in the United States, shipping worldwide. Products include body paints, erotic books and pleasure beads. 	290685
http://www.twistedmiss.co.uk/	Twisted Miss	UK based, delivering worldwide. Products include sex dolls, books and films and uniforms. 	290683
https://www.pinkcherry.com/	TBMBM Inc.	Sells products such as plus-size lingerie, penis enhancers and sex furniture. Located in the USA. 	290683
http://www.fetters.co.uk/	Global Commodities International Limited	Supplies hand-made playroom furniture and restraints, such as strait jackets, with a physical store in Warwick, UK. Also provides the company's story and a dungeon design service. 	290708
http://www.zwangsjacken.com/	No Escape	German company hand making products such as strait jackets, prisoner and adult baby themed bondage clothing, and body bags. Provides detailed measuring instructions and a picture of some of their past bespoke orders. 	290709
http://www.funtoyclub.com/	Fun Toy Club	Selling memberships to receive monthly packages of adult products selected by their company. Includes testimonials, FAQs and a blog. 	290673
http://www.enchantedpleasures.com/	Enchanted Pleasures	Sells toys, body jewelry, clothîng, fetish items and gift sets. 	290676
http://www.evastoys.eu/	Eva's Toys	Also offering clothing, bondage gear and novelties. 	290676
http://www.hushusa.com/	Hush USA	American online retailer of lingerie and sensual adult lifestyle products for women, couples and men. Hush is committed to fostering new and healthy ideas about sexuality. 	290698
https://bdsm-zone.com/	BDSM-Zone Forum	Primarily a picture and video message board for a variety of porn categories including regular and fetish. 	290864
https://www.athenashn.com/	Athena's Home Novelties	Rhode Island, USA store selling a range of items. As well as the usual sex toys there are bathing products and games. 	290682
http://www.simplypleasure.com/	Simply Pleasure Ltd	Retail store for an erotic toy wholesaler in the UK. Products include gifts and games, fetish and bondage, and lingerie. Includes a blog. 	290697
https://www.adultslovefun.co.uk/	AdultsLoveFun	British based mail order company offering toys, bondage gear and clothing. 	290682
http://www.bashfulbox.com/	Bashful Box	Canadian based retailers selling adult general merchandise, but specializing in saucy gift boxes. 	290691
https://www.cloud9novelties.com/	Cloud 9 Novelties	Product range includes sex toys, fucking machines and enema kits. 	290692
https://classixxx.ca/	Classixxx Adult Store	Canadian walk in store selling toys, BDSM gear, games, lingerie and edibles. 	290692
https://www.cherryaffairs.com/	Cherry Affairs	Retailer of general adult merchandise. Based in Singapore and offering same day service to local customers. 	290692
https://www.dsdoll.us/	DS Doll	Chinese company manufacturing life-sized realistic-looking silicone sex dolls. And should you fancy a change they also sell spare heads and bodies. 	290701
http://www.ilbolero.com/	Il Bolero	Store for club and fetish fashions for both men and women. Also has BDSM equipment, books, magazines and toys. 	290693
https://www.incontrolmedical.com/	InControl Medical LLC	Manufacturer and distributor of pelvic floor exercisers. 	290693
https://jimmyjane.com/	JimmyJane	Manufacturers and designers of vibrators and intimate care products. 	290695
https://www.kanojotoys.com/	Kanojo Toys	Japanese retailer of the expected range of sex toys, including silicone love dolls and fucking machines. 	290696
https://www.lovehoney.co.uk/	Lovehoney Group Ltd.	Offers toys, condoms and lubricants. 	290700
https://www.mechadoll.com/	Mechadoll USA Inc.	Manufactures and sells standard and heated life sized silicone dolls. 	290687
https://www.nicennaughty.co.uk/	Nice 'n' Naughty NNN (UK) Ltd	British store with several branches selling sex toys, BDSM items and products for the trans community. 	290674
https://www.orion.de/	Orion Versand GmbH & Co. KG	German store selling sex toys, lingerie and games. 	290686
https://www.online-sex-place.com/	The Online Sex Place	Australian store with several branches selling sex toys and lingerie. 	290686
https://passiononline.co.uk/	Passion Online	Cardiff based store selling sex toys, essentials such as condoms, fetish products and clothes. 	290702
http://www.spiceoflife.com/	Spice of Life	Offers clothing, oils, novelties, games and dildos. 	290697
https://shevibe.com/	SheVibe Inc.	Business operating out of New York and offering their own branded items as well as others. Category range includes toys, books and products for the transgender community. 	290697
https://www.squarepegtoys.com/	SquarePegToys	Manufactures silicone plug toys and offers a recycle service. Also offers putty for customizing toys. 	290697
https://teeze.uk/	Teeze Adult Store	Retailers of sex toys, fetish items, games and novelties. 	290683
https://www.youradulttoystore.com/	W.S. Enterprises	Sells toys, games, lingerie and BDSM gear. 	290685
https://www.sextoys.co.uk/	With a Passion Ltd.	Toys for men, women and couples, lingerie and fetish gear. 	290685
https://www.churchofsinvention.com/	Sinvention	Canadian manufacturers of leather items, offering toys and BDSM gear. 	290705
https://orgasmalley.com/	Orgasm Alley	Sells hand-crafted sex and spanking machines. 	290707
https://floggers.com/	Toolworks Chicago Inc.	Sells hand-crafted floggers, canes, slappers and spreader bars. 	290710
https://melroseurbanfemale.com/	Melrose Urban Female	Retailers of adult toys, with sex advice and customer reviews. 	290698
https://thepleasurechest.com/	The Pleasure Chest	Offers toys and kink items with stores in Chicago, New York and Los Angeles. 	290698
https://www.mysecretluxury.com/	Denslow Digital LLC	Retailers of adult toys, also offering sex education videos and workshops. 	290698
https://www.filthydirty.com/	Filthy Dirty	Sells a range of toys along with aftercare products. 	290698
https://www.primalhardwere.com/	Primal Hardwere LLC	Offers a range of fantasy and animal based sex toys, masks and harnesses. 	290702
https://www.regulation.co.uk/	Regulation	Soho, London based retail store. Stocks toys, electro, hoods and restraints. 	290678
https://www.clips4sale.com/	Clips4Sale	Sells movies, mostly shot and uploaded by amateurs (members of the public). 	290601
http://www.pantiesism.com/	Pantieism	Sells panty and tease related movies on USB, DVD or download. 	290605
https://shop.combatzone.us/	Combat Zone / Filly Films DVD Store	Production company selling its own DVDs across a variety of genres. 	290601
http://www.dvderotik.com/	KNPB Media B.V.	Netherlands based company offering hardcore movies either streaming, by download or DVD. With excerpts. 	290601
https://www.dww.at/	DWW	Selling downloadable-only videos of women wrestling. 	290601
https://www.clipspool.com/	ClipsPool	Sells downloadable movies and images specializing in fetishes (inflatables, peeing) and BDSM. 	290601
https://www.fightpulse.com/	Alternative Entertainment S.R.O.	European producer of mixed and female wrestling movies, occasionally holding live events. Sells downloadable images and videos and DVDs. 	290601
https://www.r18.com/	R18.com	Sells downloadable and streaming Japanese porn, including hentai. Also offers a subscription service. 	290601
https://www.simply-adult.com/	Simply the Best	Retails gay and straight DVDs and sex toys. 	290601
https://www.buyeuroporn.com/	BuyEuroPorn	European retailers of adult DVDs. 	290601
https://www.adultrental.com/	Prolast Ltd.	Streaming videos available through monthly membership or pay per minute. [Membership] 	290601
https://www.manyvids.com/	MV	Downloadable clips from independent contributors. 	290616
http://www.amateurspankings.com/	G&D Productions, Inc.	Sells downloadable movies of amateur ladies receiving bare bottom spankings with straps, paddles and canes. 	290635
https://www.spankinglibrary.com/	HJM LLC	Specializes in impact play, featuring downloadable clips in areas such as femdom, maledom and domestic discipline. 	290635
http://www.downloaddreams.com/	DownloadDreams.com	Offers downloadable movies, DVDs and Blu-ray discs featuring women in wet clothing or submerged in water. 	290601
https://umd.net/	Loverbuns LLC	Mostly user-uploaded downloadable pictures and/or videos featuring sploshing, or ‘wet and messy’ play. 	290635
https://www.superav.com/	SuperAv	Offers DVDs and digital downloads for rent or sale, featuring Japanese ladies with large breasts or butts. 	290631
https://xxxmultimedia.com/	Nero Media LLC	Offers streaming porn on a short-term digital rental or membership basis. 	290631
http://www.artemedia.nl/	ArteMedia	Dutch retailer of DVDs in a range of categories. 	290626
https://www.sxvideo.com/	SX Video	Offers movies on DVD, shot by their own production company, along with sex toys. 	290626
http://www.bdfstore.net/	BDF Store	Sells DVDs produced by a Big Dick Factory, favoring young guys and muscle. 	290626
https://tomoffinlandstore.com/	Tom of Finland Store	The official store for merchandise by the celebrated artist and photographer. Sells the usual sex toys for guys, plus art inspired items such as prints and coloring books. 	290678
http://www.grotesque.com/	Connett, RS	Disturbing and violent paintings, drawings, psycho scribbles, animations, and writings. 	290593
http://www.mymasturbation.com/	My Masturbation	Hundreds of people share their masturbation stories. 	290729
https://allswingersclubs.org/	All Swingers Clubs	Directory of clubs worldwide, mostly concentrated around the USA. 	290739
https://www.confessionsinpantyhose.com/	Confessions in Pantyhose	A MTF crossdresser shares her thoughts, pictures and reviews. 	290749
https://dickflash.com/	DickFlash	Forum focused on personal exhibitionism adventures. 	290839
https://www.malevsfemale.org/	Male vs Female	Mixed wrestling and fighting discussions. 	290839
https://www.cuckoldplace.com/	Cuckold Place.com	A forum for people interested in cuckoldry to socialize and post their stories and pictures. 	290839
http://www.evilmonk.org/a/jwbean.cfm	Old Guard?  If you say so.	An essay by Joseph Bean about the concepts of Old Guard leather vs. New Guard leather 	290874
https://dickflash.com/	DickFlash Forum	A bulletin board forum with topics that include exhibitionist experiences, fantasies, and consequences. 	290850
http://www.gummi.org.uk/	Gummi	Men only, rubber only club located in London. 	290818
http://sugardaddie.com/	Sugar Daddy	A place for successful men and women to find a relationship to suit their lifestyle. 	290742
https://boundbydesireorg.wordpress.com/	Bound by Desire	A BDSM club in Austin, Texas, welcoming all responsible leatherwomen who have a sincere interest in the lifestyle. 	290791
https://lesbiansexmafia.org/	LSM - Lesbian Sex Mafia	[New York City] Women's educational and social group. Open to all women regardless of orientation. 	290791
https://www.shadoeintimates.com/	Shadoe Intimates	Adult novelty shop. Lingerie and bra fitting appointments available. Campbell River, BC, Canada. 	290697
https://www.mschristine.com/DOMestic_Blog/	DOMestic BDSM and Female Domination	Domination, submission, sexual and sadomasochistic role play for loving couples. Weblog is free to read, subscribe to search and read the archives. 	290876
https://www.studsinstone.com/	Studs in Stone	Men that have been turned into statues, robots, or windup toys. Login required. 	290804
http://www.penis-website.com/	Penis Website	Facts about the size, shape and angle of the erect and flaccid penis, with suggestions on what women really think about penis size. 	290715
https://mindstalk.net/houseplants.html	Houseplants of Gor	Satiric and humorous piece about Gor. 	290734
http://www.vaginainstitute.com/	Vagina Institute	Studies and findings about vaginal size, aesthetics and functions. 	290746
http://www.womanthouartgod.com/	Woman Thou Art God	Female empowerment, matriarchy, spirituality for all people, articles on dynamic women, advice, teachings on mystical theology, union with God. 	290746
https://www.lushstories.com/stories?genre=exhibitionism&sort=added	Lush Stories	An exhibitionist stories site that allows readers to vote for popular ranking. 	290850
http://www.masturbateforpeace.com/	Masturbate for Peace	Includes audio clips, poetry, photos, and a list of resources. Also offers bumper stickers. 	290853
https://www.folsomstreet.org/	Folsom Street Fair	[San Francisco, CA, USA] "The grand daddy of all leather events" takes place the last Sunday of September. Includes photos, schedule, and entertainment schedule. 	290861
http://ikklespace.net/	Ikklespace	Blog, chat, forum and gallery. 	290737
https://sissythings.com/	Sissy Things	Tips, tricks, and resources for those who identify as a sissy. 	290738
http://www.number-one-adult-sexual-health-terms-advisor.com/	Adult Sexual Health Terms Advisor	Information on sexual health terms and phrases. 	290715
https://www.texasconferenceofclubs.org/	Texas Conference of Clubs	TCC is a Texas-wide group of clubs whose purpose is to promote the brotherhood of motorcycling, leather-levi and Western culture, and to encourage asset sharing by the various member clubs 	290798
http://worshippingyourwife.blogspot.com/	Worshipping Your Wife	Husband writing about his female led marriage. 	290887
https://www.campcrucible.com/	Camp Crucible - BDSM Summer Camp	[camp location in MidAtlantic USA] Annual all inclusive, pansexual, BDSM, fantasy role play retreat on 360 acres. Includes information on registration, accommodations, presenters, and special events. 	290861
https://www.leatherfest.com/	LeatherFest	[San Diego, CA, USA] Annual leather/BDSM event that was held from 1989 through 2001. Site includes lists of educational sessions, recipients of charitable contributions, reviews, and a few photographs. 	290861
http://www.sklavenzentrale.com/	Sklavenzentrale	Es wird ein informatives Forum und Hilfe bei vielen Fragestellungen zu allen Facetten von Fetisch und BDSM angeboten. Gruppen, Zirkel und Stammtische zu verschiedenen Spielarten, Interessengebieten und Neigungen werden angeboten und gefördert. 	283688
http://www.sexyplastenky.cz/seznamka_main.php	BDSM seznamka	Seznamka pro všechny příznivce BDSM a všeho s tím souvisejícího. 	283715
http://members.tripod.com/~emcho/eva.html	Дай ми своето тяло	Еротичен разказ. 	283327
http://www.razkazi.com/	Голям архив от еротични разкази.	Еротични разкази и истории. Порно романи, чатове, литература, секс разкази и случки на посетителите. 	283327
http://www.boyfriend.dk/	Boyfriend	Et seriøst møde og dating sted for homoseksuelle. 	283344
http://erotic4real.dk/	Erotic 4 Real	Erotik og samlivsspil for par. 	283345
http://www.bn-agentur.dk/	BN Agentur	Producent af danske pornofilm med information om forhandlere. 	283346
http://www.tholofoto.dk/	Tholo Foto	Fotograf Thomas Lorentsen med speciale i erotiske portrætter og nøgenbilleder. 	283346
http://www.cherie.dk/	Cherie	Massage og escortpige i Hvidovre, der tilbyder alle blide former samt hård dominans. Siden indeholder stort galleri, anmeldelser, gæstebog samt adresse, email og telefonnummer. 	283350
http://www.romantica.dk/	Romantica	Massageklinik med danske piger på Østerbro i København. Der er billeder, vagtplan og prisliste på siden. Der er desuden tilknyttet erotisk butik. 	283350
http://www.escortguide.dk/	Escort Guide	Profiler med escortpiger og massageklinikker, med mulighed for søgning. 	283350
http://www.pussygalores.dk/	Pussygalores	Massageklinik på Frederiksberg. Pigerne tilbyder alle blide former, lettere avanceret samt sexparty. Siden indeholder billeder, prisliste og vagtskema. Kontakt via adresse, telefon eller email. 	283350
http://thai-massage.dk/	Thai Massage	Thaikvinder tilbyder massage på klinik i København. Pigerne taler dansk på forståeligt niveau. På hjemmesiden findes oplysninger om, hvad thaimassage er - samt billeder fra klinikken. Kontakt via adressen eller via telefonnummer. 	283350
http://www.bloodbitch.dk/	www.bloodbitch.dk	Sygeplejersken madame ll i København tilbyder alt inden for det perverse og bizare. Scat, urin, slaveopdragelse, nåleleg og branding. 	283350
http://www.escortguide.dk/	EscortGuide	Escort og massageguide med billedannoncer fra hele Danmark. Nyhedsbrev og mulighed for fritekstsøgning. 	283349
http://www.escort5.dk/	Escort5	Escort og massageportal med billeder og præsentation af kvinder og mænd. Søg på område, køn, service. 	283349
http://moderngigolo.blogspot.com/	Modern Gigolo	34-årig escortfyr tilbyder dannet selskab til kvinder på Sjælland og København. Email-kontakt på siden. 	283351
http://www.homoware.dk/	Homoware	Online gayshop med film, magasiner, kondomer, sexlegetøj og undertøj til bøsser. 	283353
http://www.orion-erotik.dk/	Orion	Sex og erotik shop med levering via postordre. 	283352
http://www.sexshop2000.dk/	Sex Shop 2000	Online shop med videoer, cd-rom, dvd og diverse erotiske artikler. 	283352
http://www.lust.dk/	Lust	Shop for kvinder med anmeldelser, råd om sexlegetøj, mastrubation, erotiske teknikker, billedgalleri og brevkasse. 	283352
http://www.kondomaten.dk/	Kondomaten.dk	Salg af kondomer og glidecreme. 	283354
http://www.erotikmix.dk/	Erotikmix	Gallerier af danske amatører, spy cams plus masser af online videoklip. 	283359
http://www.julekalender2001.leithoff.dk/	Julekalender 2001	Erotisk julekalender med porno billeder for hver dag i December. 	283356
http://www.porno.dk/	Porno.dk	Diverse links til danske sexsider. 	283361
http://www.ni.dk/erotik/	Nyheds-Index: Erotik	Kategoriserede links til information om sex. 	283361
http://www.detsorteselskab.dk/	Det Sorte Selskab	For dem der tænder på erotisk dominans og SM. 	283362
http://www.side6.dk/	Side6.dk	Online magasin med forum, webshop, noveller og brevkasse. 	283363
http://www.sexnoveller.dk/	Sexnoveller	Stor samling af sexhistorier og erotiske noveller. 	283364
http://www.sexhistorier.dk/	Sexhistorier	Læsernes egne erotiske fortællinger. 	283364
http://www.stripdanmark.dk/	StripDanmark	Specialiseret i striptease til arrangementer så som polterabender, fødselsdage og julefrokoster. Videoklip af udvalgte strippere, priser og online booking. 	283366
http://www.ddsound.dk/	DD-Sound	Strip-tease, pikante shows og andre typer underholdning. 	283366
http://www.danskshowservice.dk/	Dansk Showservice	Bookingbureau for pigestrip og mandestrip, samt undervisning for strippere. 	283366
http://www.svirp.dk/	Svirp	En personlig side om BDSM med billeder og historier. 	283368
http://www.laban.dk/	Laban's HellHouse	Personlig hjemmeside for S/M par. 	283368
http://www.sado.dk/	SMil Danmark	Foreningen for sadomasochister i Danmark. 	283367
http://www.scor.dk/	Scor Dk	Søg efter sex, kærlighed eller en ven. 	283370
http://www.tylak.dk/	Tylak Dating	Dating annoncer, noveller, billeder. Der er desuden escort- og stripperannoncer. 	283370
http://www.sexdating.dk/	Sexdating.dk	Fræk mødested for singles og par. 	283370
http://ww2.grn.es/merce/sex.html	El plaer passa pel web	Breu assaig sobre el sexe a la literatura. 	283430
http://www.contactes.com/	Contactes	Anuncis, d'adults, preguntes i respostes, xat i oci per a tothom. 	283430
http://mireiagalindo.blogspot.com/	Mireia	La meva vida i la d'altra gent tal com la sent l'autora. 	283430
http://www.beate-uhse.tv/	Beate Uhse TV	Programmvorschau: Erotik-Trailer, Erotikfilme online via Streaming, sexy Bilder und viel nackte Haut. 	283434
http://www.sat-erotik.de/	Sat Erotik	Informationen zu allen digitalen Erotik TV-Sendern. 	283434
http://pauli.com/	St-Pauli-Nachrichten	Das Sexmagazin St.Pauli trägt den Namen der bekannten Sexstraße in Hamburg und hat auch oft darüber zu berichten. 	283435
http://www.playboy.de/	Playboy	Cybergirl des Monats, heiße News, einige kostenlose Playmatebilder. Kostenpflichtiger Bereich "Cyberclub", dort können alle Bilder angesehen werden. 	283435
http://www.german-adult-news.com/	German Adult News	Neuigkeiten aus der Pornobranche sowie Informationen zu Stars und Filmen. 	283435
http://www.sex-tipps.net/	Sextipps	Hilfreiche Sextipps für Sie und Ihn mit Ratgeber, Reportagen und Interviews zum Thema Sex. 	283435
http://laufmasche.de/	Laufmasche	Präsentation des Magazins und Ankündigungen von Neuerscheinungen. 	283435
https://www.no-limits.biz/	No-Limits	AWM-Board mit Tipps, Tricks und Tools für Webmaster. 	283449
https://www.thrixxx.com/	Thri.xxx	Bietet eine Technologie zum interaktiven Online-Sex in 3D und nennt Beispielesites und Partnerprogramme. 	283450
http://www.ueber18.de/	Ueber18.de	Das AVS bietet 3 Sicherheitsmöglichkeiten auf Basis von Personalausweis, Kontobewegung und Bankcard. 	283451
http://www.x-check.de/	X-Check	System mit verschiedenen Sicherheitsstufen. Die Kontrolle erfolgt per Post-Ident, die Authentifizierung per USB-Stick. 	283451
http://www.passwoerter.com/	Passwoerter.com	Deutsche und internationale Altersprüfsysteme im Überblick mit Beschreibung, Anleitungen und Links. 	283451
http://www.control2000.de/	Control2000	Kostenpflichtiges System. Suchfunktion für angeschlossene Seiten. Mehrere Sicherheitsstufen. 	283451
http://www.avsdeutschland.de/	AVSDeutschland.de	Kostenlose Altersverifikation mittels der einfachen Abfrage der Personalausweisnummer des Nutzers. 	283451
https://www.x-access.com/	X-Access	Das System bietet verschiedene AV-Stufen und ein Verzeichnis mit Seiten, die das System nutzen. 	283451
http://www.ihreservicenummer.de/	QuestNet GmbH, Wolfgang Hutter	Vertreibt deutsche und österreichische Servicerufnummern, deren Preise und Konditionen dargestellt werden und bietet ein Franchise-Programm. 	283452
http://www.erotic-x.de/	Erotic-X	Bietet ein kostenloses Bannertausch Programm für private und kommerzielle Webseiten mit erotischen Inhalten in deutscher Sprache. 	283453
http://www.poptraffic.de/	Poptraffic	Bietet als Werbeform einen 10:8 Popdown-Tausch für Erotik Paysites an. Kontrolle durch Anti-Cheat-Control. 	283453
http://www.hot-banner.de/	Hot Banner	Klassischer Bannertausch mit 4:3 Einblendungsverhältnis und 1.500 Bonuseinblendungen bei Anmeldung. 	283453
http://www.paddelberg.de/	Paddelberg	Bietet ein kostenloses Toplisten-Script in PHP mit Informationen zu den Features und Support-Forum. 	283448
http://www.makeeuros.de/	MakeEuros.de	Bewerben von Erotik Layouts auf Abo-Basis. Werbemittel und Layouts werden vom Betreiber gestellt. 	283455
http://www.adultkonzept.com/	Adultkonzept	Bietet diverse Sites zum bewerben über Netdebit.de an. Dem Webmaster werden Werbemittel, Layouts und Bildcontent gestellt. 	283455
https://www.trafficpartner.com/	Sexmoney	Der Anbieter informiert über sein vielfältiges Programm-Angebot. Es gibt eine Siteübersicht und eine Übersicht der Provisionsstaffeln. 	283455
https://www.thrixxxcash.com/	thriXXXCash	Partnerprogramm für Nischenprodukte mit Echtzeit-3D Erotikspielen und interaktiven Sex. Mit Werbemitteln, Banner und Echtzeitstatistik. 	283454
https://affiliate.firstaffair.com/	FirstAffair	Seitensprung Partnerprogramm mit der Möglichkeit, ein eigenes Co-Branding zu erstellen und dies zu bewerben. 	283454
http://www.cam-content.com/	Online-Livecam GesmbH	Infos zum Erotik-Webmaster-Programm mit Übersicht zu Provisionen, Content und News. 	283454
http://www.betacash.com/	BetaCash	Das Partnerprogramm bietet ca. 80 Seiten zur Vermarktung an. Zahlreiche Zahlsysteme sind verfügbar. Informationen über Provisionen und Webmaster-Tools. 	283454
http://www.777partner.com/	777-Systems N.V.	Bietet eine Übersicht zu den Produkten und den vielfältigen Layoutmöglichkeiten sowie News für Webmaster. 	283454
http://www.superclix.de/	Superclix	Ein Netzwerk mit verschiedenen Sponsoren und Partnerprogrammen zum Thema Erotik und Non-Erotik. 	283459
https://www.inet-cash.com/	Inet-Cash	Anbieter von Zahlungs- und Mitgliedsverwaltungs-Services für Adult Webmaster, die ein eigenständiges Partnerprogramm starten möchten. 	283460
https://www.netdebit-payment.de/	Netdebit-Payment	Bietet unter anderem einen Inkassoservice für Webmaster und zudem die Möglichkeit, eigene Partnerprogramme betreuen zu lassen oder selbst zu bewerben. 	283460
https://www.adcell.de/	Firstlead GmbH	Es werden verschiedene Partnerprogramme aus dem Erotikbereich vorgestellt. Infos für Affiliates und Online-Formular für Vertriebspartner. 	283463
https://www.seoberlin.com/	Seoberlin.Com	Die Firma bietet Suchmaschinenoptimierung für Erotik-Angebote an. Referenzen, Webdesign und Serviceleistungen werden vorgestellt. 	283465
https://www.pixelbuero.de/	Pixelbüro	Die Firma bietet Webdesign, HTML-Programmierung, Internet-Beratung und Grafikbearbeitung. Außerdem gibt es Referenzen zu ausgeführten Leistungen. 	283470
https://www.computerbetrug.de/	Computerbetrug.de	Informationen zum Schutz vor unerwünschten Dialern und Tricks mit 0900- und 0137-Nummern. Mit Anleitungen zum Finden und Entfernen von Dialern, Schutzprogrammen, aktuellen Nachrichten aus der Szene und Hinweisen für mehr Sicherheit bei Telefon, Fax, Premium-SMS und SMS. 	283473
http://hoax-info.tubit.tu-berlin.de/hoax/	TU-Berlin Hoax-Info Service	Webseite mit Beschreibung von Dialern und deren Wirkungsweise. Bietet zudem Links zu Abwehrprogrammen und Hilfestellung leistenden Organisationen. 	283473
http://www.oho-top.de/	Oho-Top	Topliste für deutsche Erotikangebote. 	283477
http://www.sexpartnerkontaktanzeigen.de/no-cgi/megatoplist/index.html	Das rote Haus	Topliste für Erotikangebote aller Art. 	283477
http://www.top-222.com/	Top-222	Topliste mit Bannern und Links zu erotischen Programmen. 	283477
http://www.sextopliste.org/	Sextopliste.org	Listet Erotikangebote aus verschiedenen Bereichen, unter anderem Analsex, Lesbensex und Sexkontakte. 	283477
https://www.porno-hub.net/	Porno-Hub	Vorgestellt werden Pornoseiten aus verschiedenen Bereichen wie z.B. Livecams, Sexbilder und Sexvideos. 	283477
https://amateur-sex.livecam-systeme.com/	Amateur Sex	Nach Rubriken gegliederte Angebote, unter anderem zu Amateursex, Lesben und Gaysex Angeboten. 	283477
http://www.livesex-liste.com/	Livesex-Liste	Übersichtliche Bannertopliste zu verschiedenen Livecam-Angeboten. 	283477
https://topliste.sex-lex.net/	Sex-Lex Topliste	Porno Bannerliste mit deutschsprachigen Angeboten. 	283477
https://toplist.realpornking.com/	Real-Porn-King	Internationale Erotik Bannerliste zu verschiedenen Themen. 	283477
http://www.xfind.de/	XFind	Mit vielfältigem Erotik Angebot wie erotische Geschichten, Erotikbilder, Kontakte und vieles mehr. Täglich redaktionell geprüfte Erotikseiten. 	283478
http://www.thesexbull.com/	Thesexbull	Vorstellung eines Erotik-Verzeichnisses mit Top-Listen nach Kategorien gegliedert und Newsletter. 	283479
http://www.pornomeile.net/	Pornomeile	Erotik-Verzeichnis mit verschiedenen Kategorien und redaktionell gepflegten Erotiksites. 	283479
http://www.6hits.com/	6Hits	Webkatalog in Rubriken aufgeteilt mit Angeboten zu verschieden Themen im Erotikbereich. 	283479
http://www.sexchats.de/	Sexchats	Verzeichnis deutschsprachiger Chats mit Übersicht über Anzahl anwesender Chatter. 	283480
http://www.chatti.de/	Chatti	Kostenloser Erotik- und Flirt-Chat. 	283480
http://www.jennys.de/	JennyS	Erotikchat Jenny S. für erotische Bekanntschaften und Sexkontakte. Kostenpflichtig. 	283480
http://www.ofun.de/	OFun Chat	Erotik-Chat von Orion. Jeder darf einen eigenen Chatraum eröffnen. 	283480
http://www.chat-mit-herz.de/	Chat mit Herz	Chat für erotische Bekanntschaften mit Pinboard und Mailbox. Funktionen teilweise kostenpflichtig. 	283480
http://www.teufelchens-forum.tv/	Teufelchen.tv	Das Forum bietet unterschiedliche Kategorien wie Bildertausch, Kontakte, erotische Geschichten und einen Bereich über Hobbyhuren und gewerblichen Sex. 	283480
http://www.sterzel.com/	Alexander Sterzel	Der Künstler versucht im kafkaischen Sinne das Irreale zum Realen zu führen und durch seine These, dass alle Kunst vom Fleisch ausgeht entstehen dadurch seine Figuren. 	283482
http://www.fsk18.com/kunst/	FSK18.com: Kunst	Bietet erotische Zeichnungen, Skulpturen, und Gemälde sowie Aktfotografien. 	283482
http://www.paul-himmel.de/	Paul Himmel	Künstlerische Aktfotografie von Paul Himmel. 	283482
http://www.akt.de/	Akt.de	Sammlung von Aktbildern von Amateuren und Profis mit Ausstellmöglichkeit von Bilderreihen für Fotografen. Mit zahlreichen Verweisen auf kostenpflichtige erotische Webangebote sowie einem Fun-Bereich. 	283482
http://www.nadanjiente.de/	Nada Njiente	Reich bebilderte Selbstvorstellung der Künstlerin und bekennenden Exhibitionistin. Mit Auflistung der Aufführungen, Theaterstücke und Veranstaltungen, an welchen sie mitwirkte. 	283482
https://kunstkrake.wordpress.com/	Kunstkrake	Der Zeichner M. Hutter präsentiert seine gemalten erotischen Kunstwerke und bietet diese unter anderem auch als Prints zum Kauf an. 	283482
http://www.sinnenflut.de/	Sinnenflut.de	Galerie für erotische Aktzeichnungen und Kunstdrucke. Weiterhin gibt es Links zu erotischen E-Cards und die Möglichkeit zum Kaufen der verschiedenen Werke. 	283482
http://www.akt-owl.de/	Akt-OWL	Andreas Siekmann stellt einige Aktfotografien im Bereich Fetisch, Bondage und Schwangerschaft vor. 	283482
http://www.verastein.de/	Vera-Stein	Erotische Geschichten, Gedichte und andere Zeilen. Auch werden Infos über die Autorin, ein Gästebuch und eine Kontaktmöglichkeit angeboten. 	283483
http://www.sevac.com/	Sevac Geschichten	Zahlreiche Geschichten, katalogisiert, zusammengefasst und bewertet, Registrierung mit Ausweis erforderlich. 	283483
http://www.erotische-geschichten.de/	Erotische Geschichten	Erotische Kurzgeschichten in vielen verschiedenen Kategorien. Außerdem gibt es Infos zu Events und ein Top-10 Liste. [ueber18.de] 	283483
https://www.erotischesexgeschichten.club/	Erotischesexgeschichten	Einige Storys mit hetero- und homosexuellen Inhalten. 	283483
http://www.erozuna.de/	Erozuna	Erotische Literatur mit Kurzinformationen zu den jeweiligen Autoren und Autorinnen sowie einem kostenpflichtigen Mitglieder- und Hardcorebereich. Reichlich Leseproben für Nicht-Mitglieder. 	283483
http://www.erogeschichten.com/	EroGeschichten	Erotische Geschichten in Kategorien sortiert und von Lesern bewertet. 	283483
http://www.erotik-sexgeschichten.net/	Erotik Sexgeschichten	Kostenlose und kategorisierte Erotik-Geschichten. 	283483
http://www.menschenschach.de/	Menschenschach	Kostenpflichtiger Online SM-Roman von der Autorin Yvonne Janice Daniela Delorme. 	283483
http://www.philibria.de/	Philibria	Monatlich neu erscheinende erotische Geschichten aus unterschiedlichen literarischen Genres wie z.B. Thriller, Mystik und Science Fiction. Das Angebot ist kostenpflichtig. 	283483
http://www.sexgeschichten.tv/	Sexgeschichten	Kostenlose Erotikgeschichten aus verschiedenen Nischen. Besucher können selbst zum Autor werden und Kommentare schreiben. 	283483
http://www.sexgeschichten.com/	Sexgeschichten.com	Täglich neue Sexgeschichten zum kostenlosen lesen. Die Geschichten sind nach Themengebieten und Kategorien geordnet. 	283483
http://www.erotische-geschichten.com/	Erotische-Geschichten.com	Thematisch kategorisierte Erotik-Geschichten, welche jeden Dienstag und Donnerstag aktualisiert werden. 	283483
https://www.erotikgeschichten.tv/	Erotikgeschichten.tv	Nach Kategorien und Themen sortierte Geschichten zum online lesen. 	283483
http://www.manga-archive.com/	Manga-Archive	Videos und Bilder sowie Slideshows aus den Bereichen Manga, Hentai und Anime. [kostenpfl. Mitgliederzugang] 	283484
http://www.mandy-mystery.com/	Mandy Mystery	Mit Presseberichten, Lebenslauf und Fotogalerie. 	283485
http://www.vegetarian-lover.de/	Vegetarian Lover, Robert Traub	Eine Präsentation kunstvollen Intimschmucks und verschiedener Sexspielzeuge aus Metall wie Anal Plugs, Dildos, Rosebuds, Penisringe und Brustschilder. 	283488
http://www.modern-nature.de/	Modern Nature, Michael Eschbach und Frank Seeland	Der Anbieter offeriert eine breite Palette an Körper- und Intimschmuck, ebenso eine Foto-Sammlung und einen Piercing-Guide mit Links zu Studios in Deutschland. 	283488
http://www.discount-piercing.de/	Discount-Piercing, Robert Wörle	Umfasst ein breites Angebot an Piercings, Klinik-Toys, Intimschmuck und Zubehör. Außerdem werden in einem Blog neue Produkte vorgestellt. 	283488
http://www.fancy-rings.net/	Fancy Rings, Nymocos Ltd.	Der Versandhandel für Körper- und Intimschmuck für Damen und Herren präsentiert sein Angebot mit ausführlichen Beschreibungen zu den Artikeln. Außerdem können Besucher ihre Fotos in einer Galerie präsentieren und bewerten lassen. 	283488
https://cockring24.com/	Forguys, Michael Böhme	Der Anbieter stellt die Kollektion von Designer Edelstahl Cockringen und Accessoires vor. 	283488
http://www.xjuggler.de/	Xjuggler Matthias Kleve e.K.	Marktplatz für Erwachsenen-Unterhaltung mit der Möglichkeit, Magazine, DVDs, Kleidung und Lovetoys anzubieten und zu ersteigern. 	283489
http://www.gesext.de/	DOMOsoft.de GmbH	Erotikauktionen von Seitensprung bis Sexartikel in Kategorien sortiert. Allgemeine Auktionshinweise und Hilfe. 	283489
http://www.eventparadies.com/	Eventparadies	Bietet erotische Auktionen, angefangen beim Sexartikel bis hin zum Sex-Date und Anzeigenmarkt. 	283489
http://www.roteerdbeere.com/	EuroCapital-Software S.L.	Das Angebot umfasst DVDs, Videos und Spiele, auch aus dem Erotik-Bereich. 	283489
http://www.romeo-must.com/	Romeo-Must, Aleksandr Schnjakin, OOO Multimedia XXX	Versteigerungen aus den Bereichen Flirt-Dates, erotische Dienstleistungen und Begleitungen, wie auch Erotikartikel. Anleitungen zum Umgang mit der Software. 	283489
http://www.sex-versand.com/	Sex-Versand R&W Versand GbR	Online-Sexshop für Lack-, Latex- und Leder-Dessous sowie  Toys, Korsetts, SM und Klinikerotik. 	283486
http://www.libosan.ch/	Libosan-Versand	Erotik-Angebot mit Shop, Kontakt-Markt, Chat, Bildern, Movies und Online-Filmen. [Schweizer Anbieter] 	283486
http://www.spaceart.de/	SPACEart- SciFi und Erotik Modellbau	Versandhandel für Science Fiction-, Manga/Anime-, Erotik-Modellbau und Film-Schwerter. CD-ROM mit Infos und Bildern zum Gesamtprogramm erhältlich. 	283486
http://www.amor-shop.ch/	SubCulture GmbH	Schweizer Erotik-Anbieter für Dessous, Toys, Fetisch, SM, Bücher und DVDs. 	283486
https://www.venize.de/	Venize	Der Anbieter präsentiert ein umfassendes Angebot an sexy Unterwäsche aller Art sowie Leder- und Lackbekleidung für die BDSM-Scene. Im Toybereich werden eine Vielzahl von Puppen, Muschis, Dildos und Partnertoys angeboten. 	283486
http://www.artx.at/	Art-X	Der Sexversand aus Österreich präsentiert neben dem Erotiksortiment mit Toys, Dessous, Filmmaterial, Hilfs- und Pflegemitteln auch das Filialnetz seiner Ladengeschäfte. 	283486
http://www.sweet-sin.de/	Sweet Sin	Der Anbieter präsentiert das Orion Erotik-Sortiment mit seinen Toys, Dessous und BDSM-Artikeln. 	283486
http://www.erotikversand-store.de/	Erotikversand-Store	Der Anbieter präsentiert das Orion Erotiksortiment mit seinen Dessous, Toys, Lotionen und Multimedia-Artikeln sowie die Vibratoren und Dildos von Fun Factory. 	283486
https://shop.magic-x.ch/	Magic-X	Schweizer Erotik-Shop mit Präsentation eines umfangreichem Artikel-Sortiments. 	283486
https://www.eis.de/	Eis.de GmbH	Shop mit einer übersichtlichen Produktvielfalt an Erotikartikeln. Mit Presseinformationen, Größentabelle und Topseller. 	283486
http://www.frauenfreude.com/	Frauenfreude, Gesellschaft für ein schöneres Lieben dbR	Bietet ausgewählte Produkte aus dem Bereich Erotik-Accessoires und Dessous. Neben Literatur-Rezessionen werden Veranstaltungstipps, Interviews und Dossiers angeboten. 	283486
http://www.happy-moments.net/	Happy-Moments, Weber & Dersch GbR	Das Erotikfachgeschäft stellt sein Sortiment bestehend aus Dessous, High Heels und Fetisch sowie Sex-Spielzeug, Hilfsmittel und Latexprodukten vor. 	283486
http://www.best-of-sexshop.de/	TW-Inet, Timo Weigle	Erotikversand mit einer übersichtlichen Auswahl an Erotikartikeln, unter anderem Gummipuppen, Vibratoren und Dessous sowie Potenzhilfen. 	283486
http://www.kisskiss.ch/	KissKiss.ch	Schweizer Shop mit einem überwiegendem Sortiment an Kondomen, Vibratoren und Gleitmitteln. Die weitere Produktpalette umfasst Vibratoren und Zubehörteile sowie Dessous. 	283486
http://www.redbody.net/	Redbody, Skyline Worldwide UK Ltd.	Es findet sich eine große Auswahl an Erotikartikeln, Dessous für Sie und Ihn sowie Hilfsmitteln, Partyartikel und Kondomorie. Außerdem Hinweise zu Konfektionsgrößen, Versandstatus und FAQs. 	283486
http://www.midnight-fashions.de/	Midnight Fashion, Inh. Freddy Wellhöner	Neben außergewöhnlich geschnittenen Damen-Overalls aus Latex werden unterschiedliche Dessous sowie Röcke und Kleider angeboten. Eine kleine vorwiegend auf SM spezialisierte Toy-Sparte komplettiert das Angebot. 	283486
http://www.rezzi.de/	Rezzi Vertriebs GbR	Angeboten werden erotische Hörbücher zum Downloaden mit kostenlosen Hörproben nach Kategorien sortiert. 	283486
http://www.schlagzeilen.com/	Schlagzeilen - OnlineShop	Online-Shop des Charon-Verlags, Herausgeber der Schlagzeilen. 	283500
http://www.editions3masques.com/	Editions3Masques Bookshop	Eine Auswahl von Büchern, Comics und Bildbänden aus den Rubriken Comic und Art, Romane, Second Hand, Fotokunst und Informationen. 	283500
http://www.cosmic-ware.de/	Cosmic-Ware, Inh. Ingo Reimann	Der Kölner Shop bietet eine Übersicht an Lack, Latex, Leder und Toys sowie Masken und Korsetts. 	283499
http://www.sm-factory.com/	SM-Factory, Hans-Friedrich Weiß	Es werden Möbel, Schmuck und Toys sowie Accessoires aus Edelstahl vorgeführt. 	283499
http://www.ateliereisen.ch/	Atelier Eisen, Luisa Karrer	Schweizer Vorstellung von Atelier Eisen bietet spezielle Artikel für Fesselung in Stahl. 	283499
https://www.meo.de/	MEO Vertriebs GmbH	Spezialisiert auf Elektrostimulation, SM und Medical-Sex sowie Gummi- und Latex-Artikel. 	283499
http://www.lederwerkstatt.com/	A+S Lederwerkstatt, Inh. Raimund Schmitt	Hersteller und Lieferant erotischer Ledersachen und ausgefallener Fetisch-Artikel für Männer. 	283499
http://www.lustundliebe.de/	Lust-und-Liebe, Stefan Kreuzer	Bietet eine Auswahl von Artikeln, vor allem aus dem Fetisch- und SM-Bereich an. 	283499
https://www.kemo-cyberfashion.de/	KEMO-Cyberfashion	Es wird Auswahl von Kleidung aus Plastik-Spezialfolie vorgestellt. 	283499
http://www.latexas.com/	Latexas, Alla Stritz	Latexbekleidung für Sie und Ihn sowie Vorstellung von Fetisch-Spielzeug. 	283499
http://www.blackstyle.de/	Latex Berlin Handelsgesellschaft mbH	Latex-Bekleidung sowie Latex- und Leder-Accessoires. 	283499
http://www.bdsm-laden.de/	BDSM-Laden, Holger Weigel	Online-Shop mit einem übersichtlichem Artikelangebot zum Thema BDSM, Leder, Bondage, Spanking und Edelstahl. 	283499
http://www.sm-boutique.de/	Jimmys SM-Boutique	Unter anderem werden Spreizstangen, Andreaskreuze und   Liebesschaukeln sowie Pranger präsentiert. 	283499
http://www.art-function.de/	Art & Function, Andreas Tausch e.K.	Shop mit einem übersichtlichem Angebot an BDSM-Toys, Kleidung  und Zubehör-Artikeln. 	283499
http://www.peitschenhandel.de/	Marco Simmat Versandhandel	Enhält neben allgemeinen SM-Zubehör insbesondere Peitschen aus Leder, Gummi, Latex, Rattan, Peddigrohr sowie Gerten, Flogger und Reitstöcke. 	283499
https://www.fetischladen.ch/	SWOBEX Trading	Neben einschlägiger Scenebekleidung aus Leder, Lack und Latex sowie passenden Schuhen werden auch Toys wie Peitschen, Klammern und besondere Möbel angeboten. 	283499
http://www.fetishsteel.de/	StyleFetish industries GmbH & Co KG	Vertrieb und Sonderanfertigung von SM Möbeln, Käfigen, Maschinen und Strafzubehör. 	283499
https://heavyrubber-shop.com/	Bizarre-Lifestyle, René Reichel	Der Shop enthält viele Looks und Styles in diversen Kategorien der Latex Szene und stellt diese vor. 	283499
http://www.hml-fetish.com/	H·M Leder, Inh. Dr. Detlef	Die Welt des schwarzen Leders. Bekleidung, Belts 'n Bonds, Gummi, Harnesse und SM-Bedarf gibts in diesem Online-Shop. [JavaScript] 	283499
http://www.mchurt.eu/	Berliner Unfrei GmbH	Präsentiert werden SM-Produkte aus eigener Herstellung, unter anderem Halsbänder und Fesseln. 	283499
http://www.baumwollseil.de/	Sabine Kraußer & Michael Pohl GbR	Shop rund um Bondage und BDSM. Schwerpunkt sind Baumwollseile in großer Auswahl mit handversäuberten Enden und Toys verschiedener Anbieter. 	283499
http://www.era-design.eu/	Era-Design, Ulrich Schepers	Bietet Groß- und Kleinmöbel sowie Toys und Tools nach individuellen Vorstellungen aus dem SM-Bereich. 	283499
https://sm-shop.com/	SM-Shop, 24/7 Handels GmbH	Bondage, Knebel, Masken und Peitschen sowie Keutschheitsgürtel und Latex-Rubber-Produkte werden detailiert vorgestellt. 	283499
http://www.toxyd.de/	Toxyd, Consensual OHG	Präsentiert ein Sortiment aus vielen Sparten des BDSM-Bereichs. Informiert über Sonderangebote, Neuheiten und Versand. 	283499
http://www.latex-fashion.de/	Latex-Fashion Onlineshop, Ulrich Martin	Angeboten wird Latexbekleidung in Maßanfertigung oder von der Stange. Bildergalerien von Modenschauen und Infos zum Ladenlokal. 	283499
http://www.terginum.eu/	Terginum, Jana Strauch	Shop mit Präsentation von Peitschen, Halsbändern und Fesseln sowie Maßanfertigung nach Kundenwunsch. 	283499
http://www.hautengshop.de/	SFDI, Inh. Michael Konrad	Bietet Kleidung, Dessous, Bettwäsche, Toys aus Latex, Leder, Lack und Lycra sowie Elektrostimulation. 	283499
http://www.eviltoys.de/	Eviltoys, Denis Sangkuhl	Bietet unter anderem individuelle SM-Möbel, Käfige, Pranger und Kreuze aus eigener Herstellung sowie Accessoires an. 	283499
http://www.erotik-ferien.com/	Haus Honeywall	In der Nähe vom Ostseestrand steht eine Ferienwohnung mit zusätzlichem Spielzimmer in einer separaten Haushälfte zur Verfügung. Angaben zur Lage, Ausstattung und Preisen sowie Links und Nachrichten zu BDSM-Themen. 	283635
http://www.bantha.de/	Bantha Puh-Doo	Verrückte und erotische Star Wars Homepage mit zahlreichen Abbildungen von Troopergirls mit zahlreichen, süffisant kommentierten Informationen zu Filmen und Spielen zum Thema. 	283636
http://www.lustfinger.de/	Lustfinger	Bietet viele lustige Umschreibungen für Penis, Vagina, Sex, Mann und Frau. Sprüche und Witze. 	283637
http://www.xxl-flash.net/	XXL-Flash	Große Sammlung mit lustigen Flash-Videos und Onlinespielen. 	283637
http://www.rotemeile.ch/	Rotemeile	Kleine Veralberung der Erotikbranche im Internet. Selber gezeichnete Comics mit dummen Texten, Preisangaben, Ansagen und Versprechungen. 	283637
http://www.webvideos.de/	WebVideos	WebVideos und Kinotrailer aus den Bereichen Kino, Fun, Sport und Erotik zum Download. 	283638
http://www.funsinn.de/	Funsinn	Der wahre Unsinn mit Fun, Witzen und Gags. 	283638
http://www.sanjoc.de/	Sanjoc.de	Viele lustige und makabere Bilder, Schocker, e-Cards, Fun Texte, etc. 	283638
http://www.funbude.de/	Funbude	Animierte GIFs sowie witzige Bilder, Videos, Programme und Sounds. Außerdem Textwitze nach Eingangsdatum sortiert. 	283638
http://www.chauvi-seite.de/	Chauvi-Seite	Unterschiede zwischen Frauen und Männern: Humor, Sprüche und Zitate. 	283638
http://www.lachsalven.de/	Lachsalven	Illustrierte Witzesammlung mit gemalten Sprüchen, komischen Skizzen und Karrikaturen. 	283638
http://www.fkk-club.com/	FKK-Club	Clubführer mit regionaler Suchfunktion Deutschland weit. 	283639
http://www.live-strip-racing.com/	Live-Strip-Racing	Das Rennteam nimmt regelmässig am 24h-Rennen auf dem Nürburgring sowie diversen VLN-Läufen teil und bietet darüber Informationen. Vorstellung von Team, Fahrzeugen, Girls und Bildern. 	283634
http://www.erotik1.de/	Erotk1	Umfangreiches Angebot an Bildern, Videos und Livecams mit einem FSK 16 und FSK 18 Bereich mit AVS-Zugang. [kostenpfl. Mitgliederzugang] 	283640
https://www.mydirtyhobby.com/	MyDirtyHobby.com	Amateur-Portal mit privaten Bildern und Videos sowie Telefonerotik und kostenlose Vorschauvideos. [kostenpfl. Mitgliederzugang] 	283640
https://www.fundorado.de/	FunDorado	Erotikflatrate mit Livecams inkl. Sexchat, Online-Videothek, Bildergalerien und weltexklusive Erotikproduktionen sowie Sexclips. [kostenpfl. Mitgliederzugang] 	283640
https://www.funakt.net/	Funakt	Erotikportal mit Livecamangeboten sowie Video- und Bilderinhalten aus verschiedenen Rubriken. [kostenpfl. Mitgliederzugang] 	283640
http://mbr.okm.com/	ÖKM-Online	Österreichisches Erotik-Portal mit Video- und Magazin-Archiv sowie Livecams. 	283658
http://www.candysamira.net/	Candysamiras	Die Amateurin auch bekannt als Sexy Jill und Sweetpinkpussy stellt sich mit Bildern und Setcard vor. 	283642
http://www.melideluxe.com/	Meli Deluxe	Das Amateur-Girl stellt sich mit Sedcard vor, zeigt einige Bilder von sich und bietet einen News-Blog sowie einem Link zu ihrem Livecam-Angebot. 	283642
https://www.3dsexvilla.com/	3D-Sexvilla	Das Programm bietet kostenpflichtige interaktive 3D-Sexspiele, man kann sich als Regiesseur betätigen. 	283636
http://www.solariumcam.tv/	Solariumcam.tv	Cams vor und im Solarium, mit verschiedenen Blickwinkeln. [kostenpfl. Mitgliederbereich] 	283641
https://www.visit-x.net/	Visit-X	Vorstellung der Cam-Sender in Bildergalerien. Das Angebot wird durch einen Kontaktmarkt und VIP-Club erweitert. [kostenpfl. Mitgliederbereich] 	283641
https://www.livestrip.com/	Live-Strip	Livecam-Portal mit Newsletter, Gewinnspiel und Erotik-Weckruf. [kostenpfl. Mitgliederbereich] 	283641
http://www.777livecams.com/	777-Livecams	Livecam-Portal mit einer Übersicht an Cam-Sendern aus verschiedenen Bereichen und Live-Clips fürs Handy. [kostenpfl. Mitgliederbereich] 	283641
https://cams.com/	Cams.com	Vorstellung der einzelnen Cam-Sender nach Kategorien gegliedert und gratis Video-Teaser-Chat. [kostenpfl. Mitgliederbereich] 	283641
https://www.hentai3d.com/	Hentai 3D	Interaktive animierte 3D-Liveshow. Man ist Sexdarsteller und Regisseur in einem und kann seine Sexzenarien ausspielen. [kostenpfl. Download] 	283636
https://www.sexmagazin.at/	Sexmagazin	Liveshow und Chat mit privaten Camgirls. Angeboten werden Sexnews, Stories und Wallpapers. [kostenpfl. Mitgliederbereich] 	283641
https://livejasmin.com/	LiveJasmin	Nach Rubriken gegliedertes Webcam-Portal mit Live-Chat und Videos für Mitglieder. [kostenpfl. Mitgliederzugang] 	283641
https://www.teens-club.net/	Teens-Club	Bietet kostenlose Erotikbilder, erotische Geschichten, Interviews mit Girls und erotische Witze sowie Videoclips. [kostenpfl. Mitgliederzugang] 	283646
https://www.reife-frauen-ficken.com/	Reife Frauen ficken	Es werden verschiedene Bildergalerien von Frauen ab 40 vorgestellt und es gibt weiterführende Links zu kostenpflichtigen Angeboten. 	283649
http://www.freegaypics.de/	Freegaypics.de	Bietet neben einer eigenen Softcoregalerie einige Weiterleitungen zu verschiedenen Hardcoreinhalten.[über18.de] 	283650
http://www.sockenmaedchen.de/	Sockenmädchen	Socken- und Fußfetisch. Man kann Fotoserien und Videos erwerben oder diese direkten downloaden. 	283652
http://www.nicole24-cam.com/	Nicole24-Cam	Bilder von Füßen und Beinen in Nylons und High Heels. Verweis auf eigene Liveshow. [kostenpfl. Mitgliedsbereich] 	283652
http://www.fussphantasie.de/	Fußphantasie	Bietet kostenlose Bilder und Geschichten und einen Shop in dem Fotos und Videos angeboten werden. 	283652
http://www.annys-footpage.com/	Annys-Footpage	Bietet Bilder und Videos von Füßen mit und ohne Nylons sowie Nahaufnahmen von Füßen mit langen Zehnägeln. 	283652
http://www.rspankers.de/	Rspankers	Umfangreiche Sammlung mit Bildern und Clips zum Thema Spanking. Mit Forum und Chat. 	283651
http://www.latexangel.com/	Latexangel	Latexfotoserien und Filme aussergewöhnlicher Sexpraktiken wie Fisten, Natursekt und extremen Analsex. [kostenpfl. Mitgliederbereich] 	283651
http://www.geile-korsetts.de/	Geile Korsetts	Kostenlose Galerien mit Bildern für Fetisch, Nylon, High-Heels und Korsett-Liebhaber. 	283651
http://www.halterlos.ch/	Halterlos	Verschiedene Galerien mit kostenlosen Bildern zum Thema Nylons, Strapse und Strumpf-Fetisch. 	283654
http://www.shitlover.de/	Shitlover	Mehrere Einzelgalerien mit Amateurbildern für Kaviar- und Natursektfreunde. [diverse AVS] 	283656
http://www.panamatra.de/	Panamatra	Erotische Bildergalerien aus eigener Produktion mit einem freien Bereich und einem Mitgliedsbereich. [kostenpfl. Mitgliederzugang] 	283645
http://schambereich.org/	Schambereich.org	Beschäftigt sich mit der Erotik in Situationen einseitiger weiblicher Nacktheit. Es wird versucht, die Erotik, die in den einzelnen Situationen zu finden ist, unvoreingenommen und jedesmal aufs Neue zu ergründen. 	283645
http://www.pink-corner.de/	Pink-Corner	Umfangreiche Bildergalerien aus verschiedenen Erotik-Bereichen.  Plus einem Angebot an ständig wechselnden Video-Clips. 	283645
http://www.fussfreude.de/	Fußfreude	Der Anbieter präsentiert Bilder und Videos für Fußfetischisten. Neben klassischem Material können Bilder von Füßen in Wäsche und beim runtergeladen werden. [kostenpfl. Mitgliederzugang] 	283659
http://www.sadistic-girls.com/	Sadistic-Girls	Vorstellung des Download-Angebotes über Domination, Trampling und Fussfetisch sowie SM und DVD-Shop zur Online-Bestellung. 	283659
http://www.cazzofilm.com/	Cazzofilm	Viele Galerien und Trailer der Filmfirma, mit der Möglichkeit, schwule Filme als DVD zu kaufen oder gegen kostenpflichtigen Zugang online zu sehen. Außerdem gibt es einen Fanshop. [kostenpfl. Mitgliederzugang] 	283658
http://www.aebn.net/	AEBN	Streaming-Videos in einem Pay-per-view-Format. Angeboten werden zahlreiche Kategorien u.a. für Schwule und Fetisch-Filme. [kostenpfl. Mitgliederzugang] 	283658
http://www.maximumperversumcollection.com/	Maximumperversum-Collection	Vorstellung des Video-Programms von Videorama. [kostenpfl. Mitgliederzugang] 	283658
https://www.einfachgeiler.com/	Einfachgeiler	Übersicht und Profile von privaten Sexvideo-Anbietern. Vorstellung von Videoclips und Bildern sowie Online-Videothek. 	283658
http://www.bernie.de/	Bernie	News, Bilder, Kontakte, Webcam und Steckbrief. 	283663
http://www.primosis.de/	Primosis	Fetisch Bild- und Filmmaterial zur Selbstvorstellung. 	283663
http://www.flc-frankfurt.de/	FLC eV	Schwuler Lederclub der es sich zur Aufgabe gemacht hat,   die Akzeptanz gegenüber Schwulen (besonders Leder-Schwulen) zu vergrößern. Informationsangebot mit Terminen, News und Links. 	283664
https://www.biohazardmen.eu/	Biohazardmen	Die deutsche Community für Bareback-Sex. Die Website ist ein Forum für HIV-Positive Schwule und bisexuelle Männer die Sex lieber ohne Kondom bevorzugen. 	283664
http://www.mikeintights.com/	Mike in Tights	Geschichten, Berichte und Erzählungen mit schwerpunktmäßig Schulen-Inhalten, mit Anzeige von Hits und Bewertungen. 	283662
http://www.gaychat.net/	Gaychat	Schwuler Chat auf Java-Basis mit Profilseiten für die jeweiligen Chatter und einzelnen Räumen für Bundesländer und größere Städte. 	283662
http://www.gayforum.com/	Gayforum.com	Viele Tipps zum Thema Schwul. Die Auswahl reicht von Aktuell, Kontaktanzeigen über Galerie mit Bilder und Videos. 	283662
http://www.smboyks.com/	SM-Boy-KS	Infos zum Thema Schwul sein, Bildergalerien, ein Forum über Bondage und Kontaktanzeigen. 	283662
https://www.gay.de/	Gays	Kostenlose Benutzerprofile, Chat, Nachrichten, Bilder- und Videotausch. Datings und Kontakte für Schwule in Deutschland, Österreich und der Schweiz. 	283662
http://www.sirandysoft.de/	SirAndySoft	U-Boot Nickpage-Bilder zum Download. Galerie mit Bildern von Hajime Sorayama und Jenifer Janesko Gallerie. Erotische Kurzgeschichten und Kunstpostkarten. 	283666
http://www.erotische-zeilen.de/	Vera Stein	Es gibt neben erotischen Geschichten und Gedichten auch einiges über die Vita der Autorin zu erfahren. 	283666
http://www.angelinaonline.com/	Angelina Online	Bilder, Selbstdarstellung, die Nummer für Telefonerotik (0190er) und Webcam-Adressen der jungen, freizügigen Frau. 	283666
http://www.dark-obsession.blogspot.com/	Dark Obsession Weblog	Das erotische Weblog eines jungen Paares. 	283666
https://www.stopaids.at/	Stop Aids	Informiert über Sexualität zwischen Männern, wobei der Schwerpunkt auf Ansteckungsgefahren, Geschlechtskrankheiten und safer sex liegt. Eine Safer-Sex-Hotline rundet das Angebot ab. 	283668
http://www.circlist.de/	Circlist - Vorhautbeschneidung	Informationen, Mailforum, Bilder, Links für Männer und Frauen zur freiwilligen Beschneidung der Penis- und Klitoris-Vorhaut. 	283668
http://www.jugendschutz.net/	Jugendschutz.net	Die Jugendschutzeinrichtung der Bundesländer mit Informationen zum Jugendschutz im Internet. 	283667
http://www.planet-liebe.de/	Planet-Liebe.de	Berichte rund um das Thema Liebe und Aufklärung. 	283667
http://www.loveinfo.de/	Loveinfo	Ein Forum für Liebe, Partnerschaft und Sex; mit Ratschlägen bei Problemen und Liebeskummer, einem Liebeslexikon, Umfragen und diversen Foren. 	283667
http://www.soloworker.de/	Soloworker	Anregungen, Tipps und Tricks mit aufklärenden Charakter zum Tabuthema Selbstbefriedigung. 	283667
http://www.lovetoytest.net/	Lovetoytest	Ausführungen zum Tabuthema Masturbation. Mit Tipps, Forum und Empfehlungen, sowie Testberichten zu Erwachsenenspielzeugen. 	283667
https://www.kgforum.org/	KG-Forum	Viele Foren zum Thema Keuschheit und Medizinsche Fixierungen. 	283667
http://www.sex-meile.net/	Sex-Meile	Erklärungen zu Sexpraktiken und Sextipps für Paare, Frauen und Männer werden leicht verständlich dargeboten. 	283667
http://www.hobby-barfuss.de/	Hobby - Barfuß	Die Seite bietet ein aktives Forum, Shop, einigen Bildern und Links. 	283671
http://barfuss.ch/	Barfuss.ch	Schweizer Seite um das Thema barfuss laufen. Diese Seite enthält Bildergallerien, ein Forum sowie Tipps und Veranstaltungen rund ums Thema. 	283671
http://www.barfusspark.de/	Barfußpark Dornstetten	Der Barfußpark in Dornstetten-Hallwang (Schwarzwald) präsentiert sich mit den notwendigen Informationen um einen Ausflug dorthin zu planen und sich auf das Erlebnis einzustimmen. 	283671
http://www.barfusspark.info/	Barfußpfade und Barfußparks	Verzeichnis der Barfußpfade und Barfußparks in Deutschland und der Nachbarländer. 	283671
http://baseportal.de/cgi-bin/baseportal.pl?htx=/germanfoot/main	Deutsche Fußfetischisten Datenbank	Hier sollte sich jeder Fußfetischist eingetragen haben. Es werden Kontakte geknüpft und Treffen organisiert. 	283670
http://www.halterlose.com/	Halterlose	Informationen über die Entstehung und Erfindung von Nylons sowie zum Thema Strumpf- & Nylonfetisch. 	283674
http://www.sneakers.de/	Sneakers	Bietet Infos über den Turnschuh-Fetisch. 	283675
http://www.fashion-highheels.de/	Fashion High Heels	Site mit Infos zum Thema High Heels Fetisch mit vielen Bildern. Die Site ist in deutscher und englischer Sprache verfaßt. 	283675
http://www.devilbutts.com/	Devilbutts	Junge Frauen in Jeans und Tangas sowie Buffalo Schuhen sowie  Wetlookbilder. 	283675
https://www.korsett.org/	Korsett	Zahlreiche Bildergalerien, aber auch Informationen und die Organisation des Münchner Stöckelschuh-Stammtisches. 	283675
http://www.rosengarn.de/	Rosengarn	Die fetischbegeisterte Schneiderin stellt ihre Werke vor. Außerdem Galerien und eine Story über ihr Leben mit dem Fetisch. 	283676
http://www.peb-style.de/	Peb-Style	Privates zum Thema Latex, Fetisch und Fotografie. Mit Bildergalerien, Gästebuch und Chat. 	283676
http://www.latexzentrale.com/	Latexzentrale	Community für Latexliebhaber mit Kontakten, Chat, Forum und Bildern. 	283676
http://www.lostangel.ws/	Lost Angel	Informationen, FAQ, Links und Tipps zu Wassersport - mit Buchbesprechungen, Erzählungen und Forum. 	283669
http://www.pets-and-owners.de/	Pets & Owners	Seite für Menschen, die gerne in die Rolle von Tieren schlüpfen. Mit Mailinglisten, Forum und Kontakten. 	283669
http://www.korsetts.de/	Korsetts.de	Private Hompage mit Texten zur Korsettgeschichte, Ratgebern, Prosa und Literaturverweisen. 	283669
http://www.korsett-forum.de/	Das Korsettforum	Es treffen sich Gleichinteressierte zu interessanten Diskussionen zum Thema Korsett. 	283669
http://www.fetisch.de/	Fetisch	Kostenlose Kontakte zu Mitgliedern aus Deutschland, Österreich und der Schweiz. Bildergalerien der neuesten Mitglieder. 	283669
http://www.nosin.de/	NoSin	Ein SM und Fetisch-Forum aus Deutschland. Neben den freien Inhalten gibt es einen geschützten Erwachsenenbereich, für den ein X-Check erforderlich ist. 	283677
http://korsettforum.de/	Korsettforum	Diskussionsforum für Korsett-Interessierte und Korsettexperten. 	283677
http://www.strumpfhose.net/	Strumpfhose.net	Bietet eine kostenfreie Community mit Galerie rund um das Thema Strumpfhosen und Nylons. 	283677
http://www.high-heels-board.de/	High Heels Board	Forum für Diskussionen und Bildertausch rund um High Heels, Stiefel, Overknees, Pumps, Stilettos, Sandaletten und Plateaus für Frauen und Männer. 	283677
http://www.transensexkontakte.com/	Transensexkontakte	Es werden Videos, Bilder-Galerien, Live-Shows und Kontaktanzeigen präsentiert sowie ein Kontaktforum angeboten. 	283679
http://www.trannie.de/	Trannie	Offizielle Vorstellung des IRC-Channels #trannie.de für Crossdresser, Transvestiten und  Transsexuelle. 	283681
http://www.luisa.net/	Luisa	Ihre Verwandlung vom Mann zur Frau soll anderen Menschen Mut machen, sich kritisch mit ihrer Geschlechtsdefinition auseinanderzusetzen. Die Chronologie eines transsexuellen Lebens in Texten und Bildern. 	283682
http://www.dunalove.com/	DunaLove	Partnervermittlung mit Spezialisierung auf ungarische Damen und Herren. Daneben Angebote für teils europaweite Begleitung und Hostessenservice. 	283684
http://www.c-date.de/	C-Date	Bietet Partnervorschläge auf Basis eines psychologischen Vermittlungssystems. Die anonyme Kontaktaufnahme erfolgt über ein internes Mail System. 	283684
https://www.edarling.de/	eDarling	Online Partnervermittlung mit Persönlichkeitstest. 	283684
http://www.augenweide.com/	Augenweide	Die Plattform für Paare präsentiert sich mit Kontaktanzeigen, Parties und einem eigenen Shop. [X-Check] 	283685
http://www.gang-bang-party.de/	Gang Bang Party	Termine und Adressen von geplanten Parties, Fotos von bisherigen Parties, Forum und Kontaktmöglichkeiten. [X-Check] 	283685
http://www.paarsucht.de/	Paarsucht	Kontaktmagazin für Swinger mit Kontaktanzeigen die ohne Anmeldung beantwortet werden können. 	283685
http://www.swingerglueck.de/	Swingerglück	Auflistungen vieler Swinger- und Pärchenclubs in Deutschland. Nach Bundesländern sortiert und mit PLZ-Suche. 	283685
http://www.swinger-holidays.com/	Swinger-Holidays	Gina und Wolfgang organisieren Swinger Segeltoerns im östlichen Mittelmeer. Eine persönliche Kontaktaufnahme ist erforderlich. 	283685
http://www.swingerklub.de/	Swingerklub	Kontaktanzeigen mit Bild - auch gewerbliche. 	283686
http://www.poppen.de/	Poppen.de	Vermittelt Sexkontakte vom Partnertausch über Swingertreffen bis zum Seitensprung. [Registrierung erforderlich] 	283686
http://www.ab18.de/	Ab18.de	Community für Sexkontakte, u.a. mit kostenpfl. Video-, Bild- und Livecambereich. 	283686
http://www.loomin.de/	Loomin	Dating Portal mit erotischem Bezug. Profile, Galerien und Webcam Chat. 	283686
http://www.friends69.com/	Friends69	Swingerportal für erotische Kontakte aller Art. Mit Chat, Forum und Profilen. 	283686
http://de.kisschance.com/	Kiss Chance	Swinger und Erotik Dating Seite u.a. mit Cam Chat, Galerien und Spielen nach kostenloser Anmeldung. 	283686
http://www.dieboerse.de/	Die Boerse	Erotik-Kontaktanzeigen in verschiedenen Rubriken, Bordellführer und Forum sowie Chat. 	283489
http://www.liebesspion.de/	Liebesspion	Kostenfreies Portal für Flirt und Kontaktsuchende. Mit Forum, Chat, Messenger und Bilder. 	283686
http://privater-sex.com/	Privater-Sex	Kostenloses Kontaktportal für erotische Kontakte verschiedener Art. Mit Messenger, Forum, Chat und Bildern. 	283686
http://www.hurenforen.to/	Hurenforen	Forum zu Themen wie Straßenstrich, Bordelle, Hobbyhuren und FKK-Clubs. Geordnet nach Städten und Themen. 	283687
http://www.websingles.at/	Websingles	Singles, online-Flirten in der Singlebörse mit Fotoupload, Gästebüchern, ICQ / SMS Nachrichten verschicken und Partnersuche. 	283687
http://sexforum.1a-poppen.com/	1a-Poppen-Forum	Mit einigen Features wie Fotoupload, Chat, Mail, Freundesliste, Stammtisch und eigene Chaträume. Registrierung erforderlich. 	283687
http://www.sexworker.at/	Sexworker	Das Forum dient dem Austausch über die unterschiedlichen Aspekte der Prostitution. Registrierung und Nutzung sind kostenlos. Ein geschützter Bereich für SexworkerInnen steht zur Verfügung. 	283687
http://www.hurenforum.net/	Hurenforum	Diskussionsboard zum Thema Huren, Bordelle, Erotik Clubs und Massagestudios mit Hinweisen und Tipps. 	283687
http://www.lusthaus.cc/	Lusthaus	Erotikforum für Deutschland, Österreich und die Schweiz mit Testberichten über Huren und Bordelle, private Kontakte und Fotosammlung. 	283687
http://www.cuckold.de/	Cuckold	Deutsche Community mit den Themen Cuckold, Wifesharing und Dreierbeziehung. Berichte, Bilder und Kontaktanzeigen sowie Beratung und Tipps. [kostenpfl. Mitgliederzugang] 	283687
http://www.schwarze-rose.org/	Bodensee/Ostschweiz	Schwarze Rose: Arbeitskreis Fetisch & SM Konstanz. 	283690
http://www.luisa.net/	Zürich, Queer	Queerschlag - BDSM-Queerstammtisch in Zürich. 	283690
http://www.bdsm.ch/	BDSM Portal	Schweizer BDSM Portal mit Links, Kalender, Forum, Chat. 	283690
https://ig-bdsm.ch/	IG BDSM	SM-Stammtisch in Bern an jedem 2. Dienstag im Monat. 	283690
http://www.smartcafe.at/	SMart-Cafe	Ein zumindest im deutschsprachigen Raum einzigartiges Kaffeehaus. Das SMart bietet Speisen, Getränke, Information, Beratung, Literatur, Möbel, Geräte und Veranstaltungen und versucht all dies mit BDSM-Fetisch zu verbinden. 	283691
http://www.libertine.at/	Libertine-Wien	Die Libertine Vienna veranstaltet Themenabende, SM-Talk und Play Events, Feste und Seminare. 	283691
https://www.lmc-vienna.com/	LMC-Vienna	Webseite der Leather und Motorbike Community Wien. 	283691
http://www.pets-de.org/	Pets & Owners	Menschliche Tiere, tierische Menschen und ihre Besitzer. 	283689
http://www.schlagzeilen.com/de/gruppen/	Schlagzeilen	Verzeichnis von nicht-kommerziellen SM-Organisationen im deutschsprachigen Raum. Web- und Mailadressen, Telefonnummern. Deutschland, Österreich, Schweiz und weiteres Europa. 	283689
http://www.frankenkuschler.de/	Frankenkuschler	Offene BDSM-Stammtische in Aschaffenburg, Erlangen und Würzburg. 	283692
http://www.bdsm-hannover.de/	BDSM-Hannover e.V.	Veranstaltet diverse Treffen im Monat und bietet Informationen über Gruppen und Angebote für sadomasochistisch-interessierte Menschen. 	283692
http://vereine.freepage.de/main-pain/	Main-Pain	Veranstaltet Stammtische im Raum Frankfurt. Termine werden aber nur schriftlich auf Anfrage mitgeteilt. 	283692
http://www.sm-dresden.de/	SM-Dresden	Beschäftigt sich mit den Themen Bondage, Disziplin, Sadismus und Masochismus. 	283692
http://www.itsmagic-trier.de/	ItSMagic-Trier	Webseite des BSDM-Stammtisches mit Termine, Links und Chat. 	283692
http://www.bdsm-kh.de/	BDSM-KH	Stammtisch am 1. Dienstag im Monat in einer kleinen Kneipe in Bad Kreuznach, Ort nach Anfrage. 	283692
http://www.blackangel-halle.de/	Blackangel-Halle	Stammtisch und Bar für SMler, Fetisch und Gothic. Monatlicher SM-Stammtisch in Halle an der Saale. 	283692
http://www.smigo.de/	Smigo-München	Bietet regelmäßige Treffen, Themenabende, Informationsabende für Einsteiger und auf den Webseiten Informationen über Münchner SM-Läden und -Veranstaltungen. 	283692
http://masterboy.de/	Master-Boy	Persönliche Informationen zu MasterBoy und Infos zum IRCNet-Channel Gayhamburg. 	283695
http://www.devana.de/	Devana	Private Homepage der Sub Devana. Gedanken, Geschichten.[X-Check] 	283697
http://www.rosentau.com/	Rosentau Demut mit Stolz und Seele	Gedanken einer Sub und Erklärungen zum Thema BDSM. Die Website informiert über Chaterlebnisse, verfügt über ein Gästebuch und eine kleine Bildergalerie. 	283697
http://www.teufelsbraut.de/	Teufelsbraut	Eine Frau mit ihren 2 Persönlichkeiten. Liebe, Hingabe und Schmerz.Geschichten und Interessantes zum Thema. 	283697
http://www.beepworld.de/members33/zeitlos_ist_der_schmerz/	Zeitlos ist der Schmerz	Gedanken, Geschichten und Fantasien einer devoten Frau zum Thema Masochismus, illustriert mit einigen Bildern.[Flash] [Passwort] 	283697
http://www.daisygt.de/	Home of daisygt	Eine Homepage mit den Themen Angst, große Menschen (körperlich) und persönliche Ansichten zu BDSM. 	283697
http://www.nostra.de/	Nostra	Private Webseite mit Storys, Bildern und Gedichten. 	283694
http://www.dasseil.de/	DasSeil	Informationen rund um BDSM, Bastelecke, Bilder vom CSD Köln 2001.[X-Check] 	283694
http://www.traumcocktail.de/	Traumcocktails	Informationen zum Thema mit Definitionen, Anregungen, Erzählungen und Sachen zum Schmunzeln. 	283694
http://www.hotropes.de/	Centipedes-Fotogalerie	Fotos und Portraits, sowie einige Bastelanleitungen rund um das Thema BDSM. 	283694
http://www.bdsm-artzone.de/	BDSM-Artzone	Informationen zu BDSM- & Pin-up-Zeichnungen. Künstlerbiografien, Buch- und Comic-Tipps. 	283694
http://www.box-pandora.de/	Mistress Janice - Pandoras Box	Die private Homepage einer dominanten Frau, mit Ansichten über SM als Lebenseinstellung. 	283694
http://www.darkdesire.de/	Dark Desire, Bochum	Regelmässige Party im Atrium, Bochum. Anmeldung erforderlich. 	283698
http://www.xklusiv.de/	Die Nacht der Leidenschaft, Deutschland	Exklusive SM- und Fetischpartys auf Burgen und Schlössern in der Nähe von Bamberg und andernorts. 	283698
http://www.pets-de.org/petweek/	Pet-Week	Informationen über Urlaub für Ponyboys und -girls, menschliche Hunde, andere Spezies und ihre Besitzer auf einer SM-Farm in Dänemark. 	283698
http://www.skopas.ch/	SKOPAS, Zürich	SM- und Fetisch-Partys in einer edlen Location im Zentrum von Zürich. 	283698
http://www.eroluna.de/	Eroluna	Erotische Partys mit dem Schwerpunkt BDSM. Mit Photo-Contest, Kontaktanzeigen und Terminplaner. 	283698
http://www.fesselndes-wochenende.de/	Fesselndes Wochenende	SM Urlaub für Pärchen, Romantik; als Location für Partys, Chattertreffs und Events buchbar. 	283698
http://kunst-und-suende.de/	Kunst und Sünde	Informationen über Bundesweite hedonistische Parties mit einem Schuß BDSM. 	283698
http://www.spezialevents.de/	Spezial-Events, Gabriele Edel	Female Power ist ein Club für Disziplin und Konsequenz und informiert über Fetish-Events, Domina-, Sklaven-, Tv-, DWT-Seminare. 	283698
http://www.schlagkraeftig.at/	Schlagkraeftig	Illustrierte Ideenplattform zum Selbstbau von BDSM-Toys. Ideen, Baupläne sowie Tipps zum Bau von Bondage- und SM-Artikeln. 	283699
http://www.scoutnet.de/technik/knoten/	Animierte Knoten	Diese Pfadfinderseiten haben zwar absolut nichts mit BDSM am Hut, jedoch sind sie eine fantastische Quelle für verschiedenste Knoten, die beim Bondage sehr hilfreich sein können. 	283699
http://www.die-sm-beratung.de/	Die SM-Beratung	Anonyme Beratungstelle von erfahrenen SM-lern mit Informationen über Lebenskriesen, Beziehungsprobleme und bei SM-Unfällen. 	283699
http://www.maydaysm.de/	Mayday	Überregionale Hilfs- und Notfallorganisation. Vermittelt Therapeuten, Ärzte, Rechtsanwälte und Apotheken sowie Notfalltelefonate. 	283699
http://www.peitsche.de/	Peitsche	Umfangreiches Telefon- und Ortsverzeichnis zu SM-  Domina-Studios, Kleinanzeigen und Bildergalerien sowie ein Eventkalender. 	283688
http://www.die-wahl-der-qual.de/	Die Wahl der Qual	Leseproben und Ergänzungen zum SM-Einsteigerhandbuch 'Die Wahl der Qual', erschienen 2000 bei Rowohlt. 	283688
http://www.woschofius.de/	Woschofius	Fotografien und Texte von Woschofius mit Hinweisen auf seine weiteren Projekte. 	283688
http://www.bondageproject.com/	Bondage Project	Informationen, Bildergalerien, Online-Shop sowie ein ausführlicher Eventkalender zum Thema BDSM. 	283688
http://www.domina.ws/	Domina.ws	Domina-, Sklavinnen- und Studioverzeichnis für Deutschland, Österreich und die Schweiz, Telefonerziehung, Onlineerziehung, Sadomaso-Chat, Bilder und relevante Links zum Thema. 	283688
http://www.sub-mission.de/	Sub-Mission	Hilfe und Informationen für Passive und solche, die es werden wollen. Texte, Themen und Links zum Thema BDSM. 	283688
http://www.bdsm28.de/	BDSM 28	Kontaktbörse für Menschen mit besonderer Fetisch-Neigung. [kostenpfl. Mitgliederzugang] 	283701
http://www.bdsm-kontakte.com/	BDSM-Kontakte	Bietet eine umfangreiche Kontaktbörse für private SM- und Fetisch-Kontakte. 	283701
http://www.mailerziehung-bdsm.de/	Mailerziehung-BDSM	Bietet erotische bis dominant-bizarre E-Mail-Kontakte zu Dominas und Sklavinnen. [kostenpfl. Angebot] 	283701
http://vamp.de/	VAMP Magazin	Onlineausgabe der Zeitschrift "VAMP" (vormals "Twilight"). Inkl. kostenloser Kontaktanzeigenbörse. 	283702
http://www.plepa.de/	PlePa - Pleasure and Pain	Mailingliste und Homepage rund um BDSM, also Bondage-Disziplin-Dominanz-Submission-Sadismus-Masochismus 	283703
http://www.strafbuch.de/	Strafbuch	Bietet ein Forum, Chat und mehr. Weitere Angebote nur mit kostenloser Anmeldung. 	283703
http://www.pets-and-owners.de/	Pets-and-Owners	Forum für menschliche Tiere und ihre Besitzer. Informationsaustausch zum Thema Petplay, Ponyplay und tierischen Rollenspielen. 	283703
http://selfbondageforum.de/	Selfbondage-Forum	Überregionales Forum, dass sich speziell dem Thema Selfbondage widmet. 	283703
http://www.der-kerker.de/	Der-Kerker	Offener Chat für Fetisch- und BDSM-Freunde. 	283703
http://www.paindom.com/	Paindom	Fetisch- und SM-Community für Dominas, Herrinnen und Sklaven. Mit Chat und Forum. 	283703
http://www.smalltag.de/	Smalltag	Erfahrungsberichte von SMlern zu verschiedenen Themen sammeln. 	283704
http://www.schattenzeilen.de/	Schattenzeilen	Erotische Geschichten über die Themen SM, Bondage, Latex, Lack und Leder. Wechselnde Bilderausstellung und Chat. 	283704
http://www.gegenerde.de/	GOR - Die Gegenerde	Fantasiewelt aus der Romanreihe von John Norman. 	283704
http://www.fetischaudio.de/	Fetischaudio	Es werden Hörgeschichten zu den Themen Erotik, Fetisch und BDSM zum Download angeboten. 	283704
http://www.maranaut.de/	Augat, Marc André	Poetisches über intensive Gefühle, extreme Gedanken und abstrakte Grenzbereiche. 	283704
http://www.sexindex.cz/	Sex Index	Český erotický server. 	283709
https://najisto.centrum.cz/erotika/	Najisto.cz	Erotické stránky (sekce). 	283709
http://www.leo.cz/	Leo on line	Erotický server s videoklipy, zvukové i psané povídky, testy, reportáže ze světa erotiky, on-line ankety a chat. 	283709
http://www.sexmission.cz/	Sexmission	Eroseznamka, inzerce a přehled profesinálního sexu, fotky, chat, povídky a zábava. 	283709
http://www.sexonline.cz/all/	SexOnline	Seznam erotických služeb, aktuální informace, texty a galerie fotografií. 	283709
http://www.sextant.cz/	Sextant	Průvodce novinkami, službami, povídkami, obrázky a seznamkou. 	283709
http://www.sexyweb.cz/	Sexyweb.cz	Amatérské fotografie, erotické povídky, kámasůtra, horoskop, TGP, videa, diskuzní fórum a erotický slovník. 	283709
http://www.sexshop.cz/	SexShop.cz	Prodej erotických pomůcek, filmů  a spodního prádla. 	283710
http://www.aradia.cz/	Lady Aradia	Prezentace dominy a jejího SM studia, otroků a otrokyň. Pravidla, večírky, fotografie a úvahy. [Roudnice nad Labem] 	283711
http://www.swingers69.cz/	Swingers párty klub 69	Klub pro páry a samotné ženy. Akce, pravidla a ceník. [České Budějovice] 	283711
https://www.escort.cz/	Escort Online	Databáze eskortů a klubů. Obsahuje fotografie, ceny, mapy a popisky, novinky z agentur a profily společnic. 	283713
http://www.agama-seznamka.cz/	Agama erotická seznamka	Vyhledávání a zadávání v několika kategoriích, obrázky, videa a placená inzerce. 	283715
http://www.pervers.cz/	Pervers	On-line seznamovací server pro příznivce S/M a podobného zaměření. Možnost fotoinzerce. 	283715
http://www.sally.cz/	Sally.cz	Erotická seznamka pro všechny, jenž hledají partnera, partnerku nebo pár. 	283715
http://www.xbdsm.sk/	xBDSM	Česko-Slovenská BDSM foto seznamka. Pravidelně nové BDSM, Femdom, Latex, Spanking galerie. 	283715
http://www.honilek.cz/	Honílek	Galerie s obrázky a videoklipy, recenze gay klubů, seznamka, osobní informace. 	283719
http://www.drakes.cz/	Drake`s	Nonstop gay klub v Praze. Majitelem je známý režisér William Higgins. 	283719
http://www.zpovednice.cz/	Zpovědnice	Chceš se vyzpovídat? Nebo udělat dobrý skutek a poradit ostatním s jejich problémy? 	283716
http://www.sexus.cz/?tema=35/	Pindík a Pipinka	Základní informace o masturbaci, co to je a jak na ni. 	283716
http://www.polohy.cz/	Milostné polohy	Polohy při milostném aktu, rady pro muže i ženy jak se stát ideálním partnerem a pár vtípků na cestu. 	283716
http://janicka.bizhat.com/	Nadržená amatérka Janička	Fotky amatérky Janičky, která se ráda ukazuje. 	283720
http://www.nitromsoft.com/	Nitromsoft Entertainment	Freewarová hra s jednoduchou simulací života a holek ke sbalení. 	283724
http://poker.stylove.com/	Poker	Partička proti obnažující se blondýně. 	283724
http://flashfun.doupe.zive.cz/recenze/flashove-hry/eroticke/	FlashFun.cz - Erotické	Erotické hry ke stažení zdarma a online hraní. 	283724
http://l.casta.sweb.cz/	Casta Laetitia	Wallpapery, líčení a informace o modelce. 	283725
http://www.sexypovidky.cz/	Sexpovídky	Vyhledávání, novinky, povídky a poezie. 	283726
http://lipi417.lipin.com.tw/	玩具SM情趣店	情趣用品銷售。含性感內衣、保險套、性愛用具。 	284113
http://www.ginginbooks.com/	晶晶書庫	同志主題書籍、影音商店，同時提供束胸、情趣、飾品等商品。 	284113
http://www.hk7-11.net/	紫荊性商店	銷售各類成人用品，香港區域接受貨到付款，並在大陸廣州設有聯絡処。 	284113
http://sp1.comefreeloaders.com/	小園春夢情色小說	分類目錄成人小說。 	284120
http://www.18ok.com/	美少女寫真日記	成人網站分類目錄及搜索。 	284123
http://www.sosing.com/	搜性成人俱樂部	提供中文成人色情小說以及其他成人資訊。 	284123
http://www.gaultier-x.com/bbs/board1.html	百分百貼圖	成人情色貼圖區, 貼圖前需有賬號。 	284124
http://www.xxxpanda.com/xxx/panda1.html	熊貓貼圖區	成人情色貼圖，含貼圖教學。 	284124
http://www.tt1069.com/	TT1069男男交友網	華人同志貼圖交友論壇。 	284124
http://intim.by/	Інтым - тавары для кахання і сэксу	Усё для кахання: эратычныя вопраткі, змазкі, кайданкі, штучныя чэлесы, похвы 	284163
http://www.china-adult.com/	中国成人	连接网. 	284345
http://www.sex.ch/	Sex.ch	Erotikportal mit reichhaltigen Livecamangeboten, Videos und Clips aus verschiedenen Rubriken sowie Bildergalerien. [kostenpfl. Mitgliederzugang] 	283435
http://www.designphoto-schober.de/	Designphoto-Schober	Portrait-Aufnahmen von privaten Models und Informationen zur digitalen Fotografie. 	283482
http://www.lenkabd.com/	Lenka Bondová	Tématicky laděné povídky, diskuse, fotografie, odkazy, návody i videa. 	283717
http://www.bdsm.cz/	BDSM.CZ	Kalendář, seznamka, pohlednice a sadomasochistické povídky. 	283717
http://www.porno-movies.ch/	Porno Movies	Es werden Sexfilme aus verschiedenen Bereichen der Sexualität zum Download zur Verfügung gestellt. [kostenpfl. Mitgliederzugang]  	283658
http://www.vibrator.info/	Vibrator	Ratgeber und Wissenswertes zu Vibratoren, Dildos und weiteren Artikeln für Sie und Ihn. 	283667
http://www.fetishpoint.at/	Fetish-Point	Online Zeitung rund um Fetisch, Gothic , Tattoo und Piercing mit Forum. 	283702
http://www.amateur-sexfotos.com/	Amateur Sexfotos	Vorgestellt wird eine Vielzahl an erotischen Fotos aus verschiedenen Bereichen der erwachsenen Erotik. Weiterführende Angebote mit Bezahloption. 	283645
http://www.fettfetisch.de/	Fettfetisch	Ein Angebot für Menschen mit einer Vorliebe für dicke Frauen oder dicke Männer und erotisches Füttern und Zunehmen. 	283669
http://www.analsex-weiber.com/	Analsex-Weiber	Im Angebot Fotos von Ärschen,  Videos und ein Lexikon wo es Anregungen, Tipps und Tricks zum Thema Anal-Erotik gibt. 	283658
http://www.saboom.com/	Saboom	Bietet interaktive Filme und Erotik-Games in dem man die Handlungen selber bestimmen kann. [kostenpfl. Mitgliederzugang]  	283658
http://www.lgs6.de/	Leder Gummi Shop (LGS) Gelsenkirchen	Online-Shop und Ladengeschäft. Kleider und Toys. 	283499
http://www.der-dildo.com/	Der-Dildo	Ein Blog mit Informationen rund um die Sexspielzeuge Vibratoren und Dildos. 	283667
http://www.fleshking.com/	Fleshking	Testberichte und Ratgeber zur Fleshlight mit Pflegeanleitung, Anwendungstipps, Modellüberblick und aktuelle News. 	283667
http://www.mss24.de/	Marco Lillich Handel	Versandhandel von Erotikartikeln, Dessous und Hilfsmitteln, wie auch Kondomen. 	283486
http://www.sexstellungen.tv/	Sexstellungen	In verschiedenen erotischen Kategorien können Adult-Webmaster eigene Artikel verfassen und im jeweiligem Text-Content Backlinks zu ihren eigenen Erotik-Angeboten einfügen. Mit Informationen zum Regelwerk. 	283448
http://www.partnerschnaps.com/	Partnerschnaps	Affiliate Partnerprogramm zum Partyschnaps Ficken Likör. Außerdem Informationen zu Provisionen, Kleidung und Merchandise sowie Zubehör. 	283454
http://erotik-sexgeschichten.com/	Erotik-Sexgeschichten	Es werden erotische Geschichten die von Usern verfasst wurden in verschiedenen Kategorien vorgestellt. 	283483
http://www.satyrography.com/	Satyrography	Offizielle Website des Züricher Fotokünstlers mit Vorstellung einiger Bilder. 	283482
http://www.fick-affaire.com/	Fick-Affaire	Es werden kostenlose Sexkontakt-Anzeigen zu zahlreichen Boys und Girls angeboten. Außerdem gibt es Sofortkontakte per Telefon und einen Bilderupload. 	283686
http://rrzk.uni-koeln.de/	Sicherheit	Was man wissen sollte, Schutz-Software sowie Tests von Dialer-Schutzsoftware. 	283445
http://www.campartner.com/	DigiPay AG	Campartner informiert über Produkte im Amateur Community Bereich und bietet FAQs über die Dienstleistungen. 	283454
http://www.csx24.eu/	Internacional IT Adultus Diversion	Telefonsex Partnerprogramm mit Vorstellung der Leistungen, Werbemitteln und eigene 0900 Rufnummern. 	283452
http://www.spankers-delight.de/	Yummie Spiele - Stan Gere	Vorgestellt wird ein Würfelspiel für spanking-begeisterte Menschen mit Gästebuch und Spielberichte. 	283486
http://www.meinseitensprung.com/	Mein Seitensprung	Tipps und Ratschläge rund um die Themen Fremdgehen, Affäre und Seitensprung. 	283667
https://www.eronite.com/	Eronite Media LTD	Bietet Fetischcontent für den Erotikmarkt sowie Clips- und Videos für Auftragsproduktionen.  	283450
http://www.dessous-shopverzeichnis.de/	Dessous-Shopverzeichnis.de	Informationen aus dem Bereich erotischer Dessous und Unterwäsche. Das Angebot beinhaltet aktuelle Trends, ein Lexikon, Pflegetipps, ein Forum und ein Shop Verzeichnis. 	283479
http://nicole.telefonfee.com/	Biographie einer Telefonfee	Erfahrungen nach 20 Jahre mit privatem Telefonsex. Eine Biographie über Telefonerotik privat und kommerziell. 	283666
http://www.adultcontentshop.net/	Domain Group Ltd.	Adult-Content-Shop mit Vorstellung von Bilder-Sets und Videos, welche nach Kategorien sortiert sind. 	283450
http://www.porno-sexgeschichten.com/	Porno-Sexgeschichten	Es werden erotische Geschichten, eigene Erlebnisse und private Wünsche per Kopfkino präsentiert. 	283483
http://www.eufory.de/	Eufory, 24/7 Handels GmbH	Shop mit einem breitem Sortiment an Fetischartikeln. 	283499
http://www.schwarze-rose.cc/	Schwarze Rose	Vorgestellt werden BDSM-Geschichten von zart bis hart, teilweise illustriert. 	283704
http://www.fkkbus.com/	FKKbus	Es werden in einem Bus gedrehte Schweizer Amateur-Pornofilme angeboten. 	283658
http://www.erotik-partnerprogramme.net/	Erotik-Partnerprogramme	Bietet eine umfangreiche Übersicht über diverse Programme mit Kommentaren und Bewertungen. 	283454
http://www.telefonsexficker.pornofritze.com/	Telefonsextopliste	Topliste mit Bannereinträgen zum Thema Telefonsex. 	283477
http://www.youjizz-pornos.net/	Youjizz-Pornos	Erwachsenen Filme in verschiedenen Rubriken unterteilt und mit Suchfunktion. 	283658
http://www.sadomaso.com/	Sadomaso	Verschiedene Themen aus dem SM-Bereich sind bereit ausdiskutiert zu werden. Die Anmeldung ist für jeden über 18 Jahre kostenlos. 	283677
http://www.bdsm-manufaktur.de/	BDSM-Manufaktur	Informiert über BDSM-Seminare, Workshops und Personal Coachings. 	283698
http://runningpussy.com/	Running Pussy	Erotisches News-Portal berichtet über Webcam Girls, Amateure, Erotikstars und Promis auf Abwegen. Das Magazin will heiter aber sachlich über Sex- und Pornographie berichten. 	283435
https://sex-topliste.6-live.com/	Sex-Topliste	Liste mit Einträgen aus den Bereichen Livecams und Pornotuben sowie Telefonsex. 	283477
http://www.femdom-strapon-fisting.com/	Femdom-Strapon-Fisting	Mistress Angelina stellt ihre Filme wie Ficks mit großen Umschnalldildos oder Anal-Fisting vor. 	283659
http://www.sexforum.tv/	Sexforum.tv	Im Forum kann man gratis mit Gleichgesinnten über Sex- und die Liebe diskutieren. 	283480
https://www.big7.com/	Big7	Deutschsprachige erotische Community mit Livecams, Chat, Video- und Fotogalerie-Upload und vielfältigen Kontaktmöglichkeiten. Registrierung erforderlich. [kostenpfl. Mitgliederzugang] 	283640
https://www.camdorado.com/	Camdorado	Erotik-Camportal mit kostenloser Anmeldung. Private Cams von Girls, Boys und Pärchen rund um die Uhr. [kostenpfl. Mitgliederbereich] 	283641
http://www.thing.de/neid/archiv/1/text/teresa.htm	Teresa Orlowski	Interview über das Frau-Sein von Claudia Reinhardt. 	283485
http://fussfetischgeschichten.eu/	Fußfetischgeschichten	Nach Kategorien sortierte kostenlose Sexgischichten mit Schwerpunkt Fußfetisch. 	283483
http://www.sexstellungen.net/	Sexstellungen.net	Erotikportal zum Thema Sexstellungen mit ausführlichen Beschreibungen und Fotos zu den einzelnen Positionen. 	283667
http://g-sexsation.com/	GS成人用品性商店	銷售各類情趣用品，包裝保障私隱，可7-11取貨。 	284113
http://adultloving.hk/	晴趣屋	專售歐美、日韓系列成人用品、安全套、情趣內衣、全港送貨。 	284113
https://www.sexcam6.net/	Sexcam6.net	Deutschsprachiges Livecam-Chat Portal mit kostenloser Mitgliedschaft. Cams können auch mobil via Smartphone oder Tablet genutzt werden. [kostenpfl. Mitgliederzugang] 	283641
http://www.erotickepovidky.cz/	Eroticképovídky.cz	Interaktivní povídky s možností ovlivňování obsahu, novinky a seznamka. 	283726
https://topliste.fotzen-cam.com/	Topliste Fotzen-Cam	Es wird eine Liste zu verschiedenen deutschen- und internationalen Erotikangeboten für Livesex, Videos und Telefonsex vorgestellt. 	283477
https://www.telefonsex-anzeigen.com/	Telefonsex-Anzeigen	Webkatalog- und Verzeichnis für Telefonerotik mit und ohne Webcam nach Kategorien sortiert. 	283475
https://www.px-fighter.com/	PX-Fighter	Webkatalog und Suchmaschine mit ausgesuchten Sexanzeigen zu Telefonsex, Amateurportlaen und Chatcams mit Livesuche, Top100 und Suchtipps. 	283475
https://www.top-telefonsex.xyz/	Top-Telefonsex	Sexanzeigen mit überwiegend Angeboten zu Telefonsex-Portalen. Des Weiteren Portale für Kontakte und Cam-Angebote mit Suchfunktion, Detailsuche und Livesuche. 	283475
https://www.amateursex.biz/	Amateursex.biz	Vorstellung der Girls in ihren Senderprofilen mit Fotos und Vorlieben der Frauen. Anonymer Telefonzugang möglich und VIP-Club. [kostenpfl. Mitgliederzugang] 	283641
https://www.6counter.de/	6counter.de	Kostenloser Statistikcounter für Erotikseiten. Einfache Handhabung. Countergenerator für individuelle Styles. 	283461
https://www.top-xxx.com/	Top-XXX.com	Katalog und Suchmaschine mit ausgesuchten Angeboten zu Livesex, Telefonsex, Dates und Sexkontakte nach Kategorien sortiert. 	283478
https://www.axsmar.eu/	Axmar,  Dr. G. Axel Marenbach	Bietet Edelstahl- und Stahlschmuck, auch abschließbar und Sonderanfertigungen. 	283499
https://www.funi.de/	Fetish Universe, Lea Mokrohs	Der auf Fetischmode, Gothicmode, High Heels, Perücken, Nylons und Catsuits spezialisierte Shop präsentiert seine Angebote. 	283499
http://www.amateurtopliste.com/	Amateurtopliste	News, Interviews von Amateurdarstellern und Reviews von Erotikportalen. 	283435
https://telefonsex.livecam-systeme.com/	Telefonsex	Liste mit überwiegend Einträgen zu Telefonerotik-Angeboten. 	283477
https://verliebt-im-norden.de/	Verliebt im Norden	Online-Plattform für Casual-Dating. Außerdem Informationen zum Thema und kostenlose Registrierung. 	283686
http://www.sex-stories.tv/	Sex-Stories	Es werden verschiedene erotische Geschichten in deutscher Sprache zum lesen, bewerten sowie kommentieren angeboten. 	283483
https://www.dominanz.ch/	Dominanz.ch	Fetish- / SM-Portal für die Schweiz. Neben Bildergalerien und Storys gibt es Informationen zu Events. 	283702
https://sex-topliste.top-xxx.com/	Sex-Topliste	Gelistet werden Sites zu verschiedenen Erotikangeboten wie z.B. Sexcams, Telefonsex und Amateursex. 	283477
http://www.meinfeuchtesgeheimnis.de/	Mein-feuchtes-Geheimnis	Verschiedene Fetisch Themen inkl. Fetisch-Bilder, Videoclips, Meinungen und Diskussionen sowie Umfragen. 	283677
http://www.nahtstrumpf.de/	AG Nahtstrumpf	Information, Fotografien und Forum zum Thema echte Nahtnylons. 	283674
https://younganddifferent.de/	Younganddifferent.de	Der Blog richtet sich an junge Transsexuelle Menschen. Sie zeigt die Wege von mehreren selbst betroffenen und möchte anderen selbst betroffenen oder auch angehörigen eine Hilfestellung beim Finden des persönlichen Weges sein. 	283679
https://livecams.camficker.com/	Livecams-Camficker	Liste mit Einträgen zu verschiedenen Genres im Erotikbereich unter anderem Sexcam und Telefonsex Sites. 	283477
http://www.sechsy-news.com/	Sechsy-News	Link- und Bannerliste zu diversen Erotikangeboten. 	283477
https://www.tc30.de/	TC30 Telefonservice GmbH	Die Firma bietet die Bereitstellung und Betrieb von 0180, 0800 und 0900 Servicerufnummern an und informiert über die Dienstleistungen. 	283452
http://www.slingking.eu/	Slingking, Inh. Nicky Sebestyen	Shop mit einer umfangreichen Auswahl an Ledererotikartikeln, Slingmatten und Liebesschaukeln sowie weiteren Fetischartikeln. 	283499
https://www.steelworxx.de/	Steelworxx, Dietmar Posledni	Herstellung und Verkauf von Keuschheitsgürteln für den Mann sowie Toys aus Edelstahl. Optionenreiche Sonderwünsche sind möglich. 	283499
https://www.fisting-cam.com/	Fisting-Cam	Vorgestellt werden kostenlose Videos zum Thema Fisten in den unterschiedlichsten Formen und weiterführende Links zu Bezahlangeboten. 	283658
https://www.bluvista.tv/	Bluvista. TV, LOMEX Media GmbH	Es werden Videoclips aus verschiedenen Genres vorgestellt, Bildergalerien von Club-Girls und kostenpflichtigen Cams. 	283640
https://www.beate-uhse-movie.com/	Beate Uhse new media B.V.	Es werden interaktive Bilder, Videos, Liveshows und Magazine angeboten. [kostenpfl. Mitgliederbereich] 	283658
https://www.orion.de/	Orion Versand GmbH & Co. KG	Erotik-Versender von Sexartikeln und Dessous. Erotik-Spiele Demos und Kalenderbilder. 	283486
https://www.erosstar.cz/	ErosStar.cz	Prodává erotické pomůcky a prádlo, doplňky a afrodiziaka. 	283710
http://new.eleferno.cz/	Nové Eleferno	Stránky o využití elektřiny, podtlaku a jiných technických prostředků v BDSM praxi. Návody, postupy, reportáže, fotodokumentace, kontakty na osoby, které mají bohaté praktické zkušenosti s tématem jako takovým a dobrou partu zajímavých lidí. 	283717
http://home.tiscali.cz/lukasweb/	Lukas	Osobní stránky s galerií spodního prádla. 	283719
https://flirtkontakt.cz/	FlirtKontatkt.cz	Erotické seznámení pro každého, ověření uživatelé a přehledné vyhledávání. 	283715
http://www.kmu-optimierungsdienst.de/	KMU-Optimierungsdienst	Das Unternehmen bietet u.a. auch für Erotik-Suchmaschinenoptimierung für Kleine- und Mittelständische Unternehmen Informationen und stellt seine Dienstleistungen vor. 	283462
https://www.eronite.com/	Eronite.com	Das Portal berichtet über Interessantes, News und Sternchen der deutschsprachigen Erotikszene. Es gibt Interviews, Sexbeichten, Geschichten, ein Erotiklexikon und Liebeshoroskope. 	283435
http://magazin.amorelie.de/	Amorelie-Magazin	Lifestyle-Magazin zu den Themen Sexualität, Liebe und Beziehungen. Wissensbereiche zu den Themen Dating, BDSM und Orgasmus sowie Hintergrundinformationen mit praktischen Tipps und Anleitungen. 	283435
http://www.vilasexshop.com/	Vilasexshop	Material erótico, latex, condones, regalos y organización de despedidas de soltero/a. Principalmente Europa. 	282883
http://www.sexshopargentino.com.ar/	Sexshop Argentino	Tienda para adultos en Argentina. Afrodisíacos, cremas y lubricantes, desarrolladores, dilatadores, consoladores, vibradores, prótesis de pene y productos importados. 	282883
http://www.haizegoa.com/	Haizegoa	Tienda erótica de venta online. Incluye diccionario de términos sexuales. 	282883
http://guanabana2.tripod.com/	Galaxyweb roms y emuladores	Emuladores de diversas consolas para Windows y ROMs para ellos. 	282886
http://www.canal96.com/	Canal 96	Reportajes, y fotografias de sexo. 	282888
http://www.fotosprivadas.com/	Fotos Privadas	Fotos de sexo caseras enviadas por amateurs exhibicionistas. 	283113
http://www.lacupula.com/	Ediciones La Cúpula	La editorial más potente del cómic independiente en español. Información sobre las colecciones El Víbora, Kiss Comix, ¡Me Parto!, Fuera de Serie, Víbora Comix, Kiss Manga, Brut Comix, Colección X, Gon, galería, autores, juegos. 	283135
http://miarroba.com/foros/ver.php?id=47939	Saint Seiya yaoi	Foro de discusión sobre yaoi de Saint Seiya. Intercambio de fanfics, discusión general sobre la serie, concursos y RPG. 	283138
http://saintseiyayaoi.mforos.com/	Saint Seiya yaoi	Comunidad y foros en línea yaoi de la pareja Hyoga x Ikki. 	283139
http://yaoi_adiccion.tripod.com/	Yaoi Adicción	Fanfics y fanart yaoi de: Rurouni Kenshin, Card Captor Sakura, Slam Dunk, Saint Seiya, Yami no Matsuei, Yu-Gi-Oh!, Final Fantasy VIII, L’arc en Ciel, Marmalade Boy, Harry Pooter, Meitantei Gakuen Q y Gravitation. Incluye además mp3, fondos de escritorio y skins. 	283140
http://manga.online.free.fr/spanish/	Manga Online Free	Descargas en línea de mangas por su contenido: heterosexuales, homosexuales, masturbación y trios. Tienen también versiones animadas. 	283137
http://www.angelfire.com/ult/ludras_temple/index.html	Ludra's Temple	Una dedicación al Yaoi. Presenta fanfics y fondos de escritorio de: Beyblade, King of the Fighters, Kingdom Hearts, Grandia 2, Xmen Evolution, Candidate for Goddess, Orphen y Earthian. 	283137
http://www.imperioanime.com/	ImperioAnime	Información acerca de los diversos tipos de anime que existen y también acerca de la cultura e historia japonesa. Contiene además una sección de hentai. 	283137
http://www.subercaseaux.com/	Subercaseaux - Fotografía de Desnudo Artístico	La fotógrafa María Gracia Subercaseaux nos ofrece su galería de fotos de desnudos en blanco y negro. La artista chilena muestra su talento y la belleza the las formas humanas. 	283142
http://www.historia-del-arte-erotico.com/	Erótica en la Historia	Historia del arte erótico a través de sus manifestaciones plásticas y gráficas en diferentes momentos y culturas. 	283132
http://alicecarroll.blogspot.com/	Relatos Eróticos de Alice Carroll	Relatos sensuales, eróticos, morbosos y con un toque cómico a veces. Aderezado por las fotografías de la escritora ganadora de varios concursos. 	283146
http://www.angelfire.com/art/emilio/	Confidencias Femeninas	Un sitio con relatos sensuales, eróticos. 	283144
http://www.sexoafull.com/	Sexoafull	Buscador de páginas eróticas clasificadas por categorías y servicios de acompañantes. 	283179
http://www.putalocura.com/	Putalocura.com	Portal Web con vídeos, imágenes, foros y bitácoras. 	283180
http://www.ladies.de/	Ladies	Erotik-Online-Zeitung mit erotischen Erlebnisberichten, Forum und Veranstaltungen sowie Anzeigenmarkt. 	283561
https://www.silvia-online.com/	Silvia-Online	Das Angebot bedient Anrufer aus Deutschland, Österreich und der Schweiz über kostenpflichtige Mehrwertnummern. Außerdem kostenpflichtige externe Angebote zu Cam-Portalen. 	283437
https://www.schlampen-telefonsex.de/	Schlampen Telefonsex	Verschieden Angebote, jeweils mit Bild und Text beschrieben. [Deutschland, 0900] 	283437
http://www.alexandra-live.de/	Alexandra live	Alexandra und weitere Frauen stellen sich mit Bildern und kurzem Text vor. [Deutschland, 0900] 	283437
https://www.telefonsexportal.ch/	Telefonsexportal	Schweizer Telefonsexseite mit Livetelefonsex und gesprochenem Material vom Band. [Schweiz, 0906] 	283437
https://www.abc-des-telefonsex.de/	ABC des Telefonsex	Hintergrundinformationen sowie umfassende Linkliste zu Telefonsexnummern verschiedener Nischen. [Deutschland, 0900] 	283437
https://www.telefonsex-magazin.ch/	Telefonsex-Magazin	Hörproben und Bilder runden das Angebot verschiedener Telefonsex-Neigungen ab. [Schweiz,0906][Österreich,0930][Deutschland, Auskunftsnummer] 	283437
http://www.privat-call.de/	Privatcall	Übersicht der direkt erreichbaren Frauen, jeweils mit Bild und Profil.[Schweiz,0906][Österreich,0930][Deutschland, 0900] 	283437
http://www.1a-telefonsex.com/	1a Telefonsex	Umfangreiches Telefonsex Portal mit vielen Angeboten. Telefonsex mit Livecam, Erotik Lexikon und erotische Geschichten. [Deutschland, 0900, Auskunftsnummer] 	283437
https://www.telefonsex-domina.net/	Telefonsex-Domina	Nummern für Fetische, von Domina bis Sklavinnen, beschrieben mit Bild und Sexgeschichten. [Deutschland, 0900][Österreich, 0930] 	283437
https://www.telefonsex-privat.tv/	Telefonsex Privat	Verschiedene Telefonsexdienste aus den Bereichen Girls, Boys, Flirt, Sexkontakte und Fetisch, jeweils mit kurzem Steckbrief und Bildern. [Deutschland, 0900] 	283437
https://www.telefonsex-fun.com/	Telefonsex-Fun	Kurze Vorstellung der Telefon-Girls mit Bildern und Profilen. [Deutschland, 0900] 	283437
https://www.blackbeatclub.com/	Blackbeatclub	Bietet eine Vielzahl von Kategorien an, jeweils mit Beschreibung und Bildern. [Deutschland, 0900] 	283437
https://rubenstelefongirl.com/	Rubenstelefongirl	Erotische Geschichten, Bilder und Telefon-Erotik mit dicken Frauen. [Deutschland, 0900, Auskunftsnummer] [Österreich, 0930] 	283437
http://www.telefonsexgirls.ch/	Telefonsexgirls	Phone-Erotik von zart bis hart mit privaten Schweizer Teens, Hausfrauen  und bizarren Ladies. [Schweiz, 0906] 	283437
https://www.100telefonsexgirls.com/	100-Telefonsex-Girls	Vorgestellt werden Telefon Girls aus Deutschland und Österreich mit Bildern und ihren Vorlieben. [Deutschland, 0900] 	283437
http://www.schwangere-telefonsex.de/	Schwangere-Telefonsex	Kostenpflichtige Bildergalerien von schwangeren Frauen sowie Telefonerotik und SMS-Kontakte. [Deutschland, 0900] 	283437
http://www.telefonsex-erotik.com/	Telefonsex Erotik	Verschiedene Kategorien, jeweils mit Bildern und kurzer Beschreibung. [Deutschland, 0900] 	283437
https://www.telefonsex-girls.net/	Telefonsex-Girls	Übersichtliches Angebot an verschiedenen Themen aus der Telefonerotik, mit Bildern und Beschreibungen. [Deutschland, 0900] 	283437
http://www.dbm-video.de/	DBM Videovertrieb GmbH	Die Firma beliefert ausschließlich den Fachhandel und bietet Sexvideos und DVDs der verschiedensten Genres an. Es wird eine Kundennummer zum Login benötigt. 	283439
https://www.orion-grosshandel.de/	ORION Versand GmbH & Co. KG	Die Firma bietet für Sex- und Erotikshops eine Online-Bestellmöglichkeit für Liebespuppen, Vibratoren, Dessous, Penispumpen und anderen diversen Sexartikeln. Es muss ein Passwort für den geschützten Bereich angefordert werden. 	283439
https://www.st-rubber.de/	Schneider&Tiburtius Rubber Vertriebsgesellschaft mbH	Der Erotikgroßhändler hält ein breitgefächertes Angebot an Sexartikeln, Dessous und Gummiwaren sowie Videos, DVDs und Sexmagazine für den Sex-Fachhandel vorrätig. Zum Kundenbereich muss ein Passwort angefordert werden. 	283439
http://www.fero-moden.de/	Fero-Moden	Die Firma bietet eine breite Palette an erotischer Bekleidung. Kataloge können online bestellt werden. 	283439
https://www.megasol.de/	Megasol Cosmetic GmbH	Übersicht über das Produktsortiment, bestehend aus Wasser- und silikonbasierte Massage- und Gleitgels sowie Resellerangebote. 	283439
http://www.pepperparties.de/	PP Homeparty Deutschland GmbH	Informationen zu Erotik-Homepartys für Beraterinnen und Gastgeberinnen. Schwerpunkte bilden zum einen Spielzeuge für Erwachsene, zum anderen die Gleit- und Massagemittel und Kosmetika sowie Sexualpräparate, Spiele und Scherzartikel. 	283436
http://www.eea.de/	Europäische Erotikadressen	Adressdatenbank für Callboys, Callgirls, Escortservice und Clubs. Zum Teil kostenpflichtig. 	283440
http://www.kaufmich.com/	Kaufmich	Online-Portal für Modelle mit Präsentation von Fotos, Infos und Kontaktmöglichkeit. Auch werden Erfahrungsberichte und ein Bewertungssystem angeboten. 	283440
http://www.hostessenwohnung.de/	Hostessenwohnung	Anzeigemarkt von Wohnungen für Hostessen und Models sowie Stellenanzeigen und -Angebote aus der Erotikbranche. [D-76857 Gossersw.-Stein] 	283442
http://www.foto-modelle.net/	Amateurcasting	Castingportal für Amateurfotomodelle. Mit Bildergalerie und Setcard. [CZ-15000 Prag] 	283442
http://www.agency-vip-escort.de/	Agency-Vip-Escort S.L.	Vermittelt Fotomodelle und Escort-Dienstleistungen in Deutschland und Europa. Präsentiert die Damen und Herren mit Fotos, einen Newsletter und Online-Buchung. [D-65201 Wiesbaden] 	283443
http://www.marbella-escort.com/	Marbella-Escort	Agentur die ihre Models in Deutschland und Europa anbietet. Infos über die Mitarbeiter, Dienstleistungen, Newsletter und Buchung. 	283443
http://www.target-escort.de/	Target Escort	Vermittelt Models weltweit für Reisen und erotische Dienstleistungen. Vorstellung der Damen mit Beschreibung und Fotos. Kontaktmöglichkeit und Newsletter. 	283443
http://www.mc-escort.de/	MC-Escort	Escort Community die Informationen mit Fotos und Kontaktmöglichkeit über Modelle und Agenturen aus Deutschland, Österreich und der Schweiz präsentiert. Es wird auch ein Forum und Erfahrungsberichte angeboten. 	283443
http://www.escortmedia.de/	Escort Media, Silko Vogt	Präsentiert Escorts- und Escortagenturen mit Setcards und Suchfunktion. [D-10625 Berlin] 	283443
https://www.high-class-escortes.eu/	H-C-E Agentur Deutschland	Stellt Damen mit Sedcards und zusätzlichen Bildergalerien vor. Europaweite Buchungen möglich. [D-45899] Gelsenkirchen 	283443
http://www.erotikzimmer.com/	Erotikzimmer-Tischlerei Abler	Der Tischler stellt seine Produkte wie Schlafzimmer mit erotischem Interieur: Liebesschaukeln, Liebesbänke, Kreuze und weiteren Liebes-Accessoires vor. 	283436
http://www.pornodarsteller.com/	Pornodarsteller	Bietet ein Angebot von Firmen, welche Darsteller/innen suchen. Tipps, Infos und Tricks zum Beruf. [Jugendschutz: CheckIn2000] 	283436
https://www.x-sin.de/	X-Sin Ltd.	Infomationen zu Erotik-Homepartys für Beraterinnen und Gastgeber. Schwerpunkte bilden zum einen Spielzeuge für Erwachsene, Dessous und zum anderen die Gleit- und Massagemittel. 	283436
https://www.aktfotostudio-nrw.de/	Aktfotostudio-NRW.de	Das Fotostudio hat sich auf ästhetische Aktfotografie spezialisiert. Es werden Galerien, Informationen zum Shooting, Preise und Angaben zum Fotografen präsentiert. [D-44805 Bochum] 	283436
http://www.webmaster-meeting.com/	Webmaster Meeting	Videos, Bilder und Informationen zum Webmaster Meeting, dem Onliner-Event in Suderbruch bei Hannover mit Online-Ticket Verkauf und News aus der Branche. Außerdem Teilnehmerübersicht und Berichte der vergangenen Veranstaltungen. 	283444
http://www.kondom-versand.de/	Fachversand L. Müller	Auswahl an Kondomen, auch Beutelware für größere Abnehmer. 	283487
http://www.condome.de/	MAPA GmbH	Die Firma bietet ein Angebot ihrer Kondommarken. Sie gibt Infos zu Kondomen, Events und betreibt einen Online-Shop. 	283487
http://www.netcondom.de/	Netcondom. Inh. Daniel Mattheus	Kondomversand von verschiedenen Marken und Herstellern. Mit Beschreibung der Produkteigenschaften sowie FAQ's zu Lieferung und Zahlungsabwicklung. 	283487
http://www.vinico.com/	Vinico e.K.	Anbieter einer sehr breiten Palette nahezu sämtlich verfügbarer Markenkondome. Für unerfahrene Anwender steht ein umfangreicher Kondomberater zur Verfügung. 	283487
http://shop.condomi.com/	Condomi AG	Das Unternehmen stellt sich und das Angebot an Kondomen vor. Außerdem gibt es eine Community, ein Magazin und Newsletter. 	283487
http://www.praeser.ch/	Entry GmbH	Kondome verschiedenster Art können über diesen Schweizer Versender bestellt werden. 	283487
https://www.gayrado.com/	KRAHO GmbH	Bietet ein umfangreiches Erotikangebot für Schwule. Sexartikel, Lektüre, Gay-Filme und ein Gästebuch. 	283490
http://www.toy-versand.de/	Toy-Versand, Inh. Siegfried Haderer	Spielzeuge, Fetisch und selbstproduzierte Leder-, Latex- und Gummiartikel. 	283490
http://www.gaymarkt.at/	Skyline Worldwide UK Ltd	Großer Gay-Shop mit umfangreicher Auswahl an Poppers, Hardcore Videos, Gay DVDs, CD-Roms, Toys, Dildos, Leder und Metall-Tools. 	283490
http://www.erotex.de/	Erotex GmbH	Spezial Wäsche in Lack, Gummi, Leder und Korsetts, Spezial Magazine und Filme. 	283492
https://www.latexkontor.de/	Lost Exit, Inh. Rita Stoltze	Fachhandel für Fetischbekleidung, Uniformen, Dessous und Bettwäsche aus genähtem Latex, auch in Übergrössen sowie Accessoires. 	283492
http://www.funplastic.de/	FunPlastic, Udo M. Arnold	Fetisch-Shop für PVC-Bekleidung. Bietet eine Auswahl an Regenmänteln und Capes, sowie verschiedene Artikel von Keidung aus PVC. 	283492
http://www.crazy-outfits.de/	Crazy-Outfits,  Dirk Scheele	Der Anbieter präsentiert eine umfangreiche Auswahl an Lack-, Leder und Stoffbekleidung sowie Accessoires aus dem Modebereich. Lederkleidung kann auf Wunsch maßgefertigt werden. 	283492
https://www.simon-o.com/	SIMON O. Latex Fashion	Herstellung von Latexbekleidung und Verkauf über einen Onlineshop. Fotogalerie, Newsbereich, Gästebuch, Patyzone und Kontaktmöglichkeit. 	283492
http://www.pvc-unterwaesche-shop.de/	Tidi-Versand, Fa. Hacis	Eine Auswahl an PVC-Unterwäsche, Reizwäsche und Freizeitbekleidung in verschiedenen Modellen und Farben wird vorgestellt. 	283492
http://www.guwi.de/	GUWI, Manuela Scherreiks	Präsentation von Bekleidung aus Latex, Gummi, PVC und Lack aus eigener Herstellung. Erotikartikel und Lederartikel aus eigener Herstellung runden das Angebot ab. 	283492
https://www.adultbabywelt.de/	Tortureangel, Inh. Clark Heinrich	Versandhandel für Fetischmode. Maßgefertigte Kleidchen und Schürzen aus Gummi-, PVC-, Lack- und Leder. Peitschen, Masken und Nurseoutfits. 	283492
http://www.leather-maniacs.de/	DK Handelsagentur, Inh. Daniel Klaus	Angobot für erotische Lederbekleidung und weitere Artikel zum Thema Lederfetisch.  Alle Artikel werden in Kleinserien hegestellt. 	283492
http://www.tendenze.com/	Tendenze, Lothar Schuster	Anfertigungen ausgefallener erotischer Wäsche für den Mann. 	283491
http://www.good-lack.de/	Good Lack, Sylvia Weigelt	Erotikangebot von Stoffdessous, Latexbekleidung und Dancewear. Party und Show-Angebote im Raum Leipzig. 	283491
http://www.teufelchenone.de/	Teufelchenone, Internetvertrieb Gabi Jäger	Im Shop werden erotische Dessous in Lack-, Leder- und Latex für Sie und Ihn präsentiert. Außerdem Sexspielzeug und Funartikel. 	283491
https://www.despre.de/	Desspre, Andreas Flor	Der Shop beinhaltet das Dessous- sowie das Lack- und Leder- Bekleidungsangebot des Orion Erotikversandes. Im kleineren Toy-Bereich wird das Liebesspielzeug von Orion präsentiert. 	283491
http://www.dessousshop.de/	DessousShop, Sineros Versandhandels GmbH & CO KG	Der Anbieter präsentiert ein umfangreiches Dessous- und Toy Sortiment verschiedener nationaler und internationaler Hersteller. 	283491
http://www.getrageneslips.de/	Getragene Slips	Privatverkauf von getragener Wäsche. 	283493
http://www.pantiesparadise.de/	Panties Paradise	Getragenes von Mädchen mit Sonder- und Spezialangeboten aus dem Bereichen Toys und Kosmetik. Mit jeweils kleiner Bildergalerie der Trägerinnen. 	283493
http://www.happyhoeschen.de/	Happy-Höschen	Bietet neben Höschen auch Söckchen, Strumpfhosen, Shirts und Sportbekleidung zur Bestellung per Webformular. Daneben gibt es einige Bildergalerien mit den Wäschestücken und der Trägerin. 	283493
http://www.slip.de/	Slip	Plattform für An- und Verkauf von getragener Wäsche. 	283493
http://www.sugar7.de/	Sugars Cheesecakes	Galerie anspruchsvoller Erotik in künstlerischen Unikaten von Pinup über den Akt zum Fetisch, mit Rahmungsservice. 	283494
http://www.erotischemalerei.com/	ErotischeMalerei, Anke Meier	Zahlreiche Galerien mit sinnlicher Kunst in vielen verschiedenen Techniken werden gezeigt. Gerahmte Kunstdrucke der Bilder sind zu erwerben, Auftragsarbeiten werden angenommen. 	283494
http://www.erotik-und-kunst.eu/	Erotik und Kunst	Erotische Malerei des Erotikmalers J. Morriss. Bietet kunstvolle Erotikportraits als Auftragsmalerei mit Galerie und Bestellung per E-Mail. 	283494
http://www.eroscape.de/	Eroscape-Pheromone, Fa. Vitalogo	Versand von Sexuallockstoffen für Sie und Ihn. 	283495
http://www.pheromone.de/	Pheromone	Online-Shop für Pheromone-Produkte mit vielen Informationen zum Thema. 	283495
http://www.pheromone.ch/	Pheromone.ch	Liebeslockstoffe in grosser Auswahl als Parfüm, Deo, Duschgel, Bodylotion sowie Informationen und Bestellmöglichkeit. 	283495
http://www.poppers-shop.com/	Poppers-Shop	Verkauf von Alkyl Nitriten. Mit Forum und Paketverfolgung. 	283496
https://www.erotikland.de/	Erotikland, Guido Geihsen	Erotik-Discount mit einem überwiegendem Angebot an Liebespuppen, Vaginas, Dildos und Vibratoren, Pharmaka und ein Sortiment an Dessous. 	283496
http://www.lohmaier.de/	Erotikversand Lohmaier	Vertreibt schwerpunktmäßig Anzeigen-Hefte sowie einige Liebespuppen, Kondome und Bondage-Artikel. 	283496
http://www.emanuelle.org/	Calli-Grafik Limited	Präsentiert das Orion-Toy-Sortiment und eine große Auswahl an Dessous und sexy Leder-Outfits sowie auch das Sortiment des polnischen Herstellers Ledapol. 	283496
http://www.nobra.de/shop/	Nobra's Silicone Dreams	Es werden künstlerisch handgefertigte Vibratoren und Dildos aus eigener Werkstatt sowie ein elektronisches Steuergerät für die Vibratoren angeboten. 	283496
https://www.omochadreams.com/	Omocha Dreams GmbH	Der Anbieter vertreibt einen Spezialvibrator zur Erlangung multipler Orgasmen. Wirkungsweise und Handhabung werden anschaulich dargestellt. 	283496
http://www.sybianverleih.de/	Sybian	Der Sybian ist ein Aufsitz-Spezialvibrator, der durch seine Technik rotiert, pulsiert, vibriert und stößt. Durch Buchungsformular kann er gemietet oder käuflich erworben werden. 	283496
http://www.ultitoy.de/	Sybian-Verleih	Verleihfirma für den Vaginalvibrator Sybian, einem Aufsitzvibrator mit unterschiedlichen Aufsätzen. 	283496
http://www.orix.de/	Orix GmbH	Neben einer großen Auswahl an Dessous von Sharon Sloane und Joyce Jones findet man bei den Lovetoys unter anderem Glas-Dildos und Fetisch-Bedarf. 	283496
http://www.lederwerkstatt.eu/	A+S Lederwerkstatt	Das Angebot reicht von Ledertoys aus eigener Herstellung, über hochwertige Penispumpen, Dildos und Plugs bis hin zu Elektrosexartikeln. 	283496
http://www.x-glass.com/	X-Glass	Schweizer Anbieter mit großer Auswahl an Glas-Dildos und Plugs. Handgearbeitete und mundgeblasene Stücke mit Bildern, Artikelbeschreibung und Preisangaben. Link für Wiederverkäufer. 	283496
https://dildoking.de/	Dildoking.de, Clickpool GmbH	Die Angebotsvielfalt liegt bei Dildos, Masturbatoren, Gels und Hygieneartikel. Weiteres Sexzubehör und Fashion. Shop- und Versandinformationen. 	283496
http://yiffytoys.de/	YiffyToys	Einige SM-Artikel, Kondome, Gleitgels und Mousepads sowie Tassen mit erotischen Tiermotiven. 	283496
http://www.power-of-love.de/	Power-of-Love	Vertrieb von patentierten Cockringe als sexuelle Hilfsmittel. Informationen über sexuelle Funktionsstörungen. 	283496
http://www.tidi-versand.de/	Tidi-Versand	Bietet eine Auswahl an PVC-Wäsche, Vibratoren, Dildos, Glasdildos, Bodycare und Toys von verschiedenen Herstellern. Informationen zu Maßanfertigungen und Versand. 	283496
http://www.erotik-toys.de/	Erotik-Toys, Spall Versand	Verkauf von Dessous, Fesselspiele, Sexspielzeuge,Vibratoren, Liebespuppen, Fetishartikel. Bücher und DVDs. 	283496
http://www.gummipuppen.de/	MW-Versand	Sexshop mit Schwerpunkt Gummipuppen und lebensechte Liebespuppen. Es stehen auch verschiedene Diskussionsforen zur Verfügung. 	283496
http://www.my-lovetoy.com/	My-Lovetoy, Andreas Reich	Preisvergleich und Erfahrungsberichte zu Erotikartikeln mit Suchfiltern und direktem Link zum Anbieterprodukt. Kostenloser Zugang für Verbraucher mit Gewinnspiele und Erfahrungsberichten zum lesen und verfassen sowie einem Blog-Verzeichnis. 	283496
http://www.geisha24.de/	Geisha24, Computer-Profis LTD	Der Anbieter präsentiert seine Produktpalette an Sextoys wie Dildos und Vibratoren sowie Dessous aus dem Orion-Sortiment. 	283496
http://www.sexclusivitaeten.de/	Sexclusivitäten	Laura Méritt hat in Berlin einen Salon und Versand für  tantrisch-erotische Artikel und stellt diese vor. 	283496
http://www.liebespuppen.de/	Lohmaier Versand	Präsentation einer reichhaltigen Auswahl an Liebespuppen und Lustmuschis. 	283496
https://www.gay-toy.com/	Gay-Toy, Skyline Handels GmbH	Sextoys und weitere Erotik-Produkte wie Anal-Sprays oder Gleitgel sowie DVDs und Hilfsmittel. 	283490
http://www.marg.at/	Marg.at, Margarete Grabner	Der österreichische Erotikshop für Frauen bietet neben einer Auswahl von diversen Sextoys auch Information über deren Gebrauch. Außerdem Informationen über Homepartys. 	283496
http://www.onlinesexladen.de/	Video und Versandhandel, Inh. Volker Muth	Stellt Produkte wie Lack, Leder, Latex und Gummi-Dessous vor. Außerdem Erotikspielzeug und Drogerieartikel. 	283496
http://www.ars-vivendi.de/	ARS Vivendi AG	Der Shop präsentiert seine Auswahl an Outfit wie High-Heels, Fetisch-Kleidung und SM-Garderobe sowie eine Video-Rubrik mit Nischenprodukten und eine größerere Übersicht an Erotik-Spielzeuegen. 	283496
http://www.venus-versand.de/	Venus-Versand e.K.	Der Anbieter stellt ein reichhaltiges Programm an Erotikspielzeug übersichtlich in seinem Shop vor. 	283496
http://www.gay-galaxy.com/	Gay-Galaxy	Nach Kategorien sortierter sehr umfangreicher Gay-DVD-Shop in englischer und deutscher Sprache. Es werden nahezu alle namhaften Label und Produktionen angeboten. Desweiteren erhält man eine Auswahl der Porno-Star-Dildos. 	283498
http://www.asiacollection.net/	Asiacollection	Bietet schwerpunktmäßig Filme mit asiatischen und farbigen Sexdarstellern an, teilweise auch im Homo-Bereich. 	283497
http://www.cyber-pirates.org/	Cyber-Pirates	Spezialanbieter für FSK-18 und indizierte Uncut-Versionen bekannter Grusel- und Actionfilme. Des weiteren findet man diverse Hardcore-DVDs aller großen Label. 	283497
http://www.videoworld-wien.at/	VideoWorld Wien	Neben einer nach Genres sortierten umfangreichen Auswahl an Videos und DVDs bietet der Online-Shop einige Toys unter anderem aus den Bereichen Puppen, Muschis und Gleitmitteln an. 	283497
http://www.kontex-ww.de/	Kontex Women-Wrestling	Der Videoversender hat sich auf Motive aus der Wrestling- und Frauenringen-Scene spezialisiert. Angeboten werden Ringkämpfe von Frauen in sexy Outfit, leichter Bekleidung oder nackt, teilweise im Schlamm oder eingeölt. 	283497
http://www.lovebird.at/	Lovebird	Hardcore DVD-Versand nach Deutschland, Österreich und International. Vorstellung der Filme und Hersteller. Im weiterem Sortiment befinden sich Sextoys. 	283497
http://www.sexvideoall.com/	Sexvideoall	Es wird ein umfassendes Angebot an Pornofilmen für Endkunden und Großhändler zur Verfügung gestellt. 	283497
http://www.medienversand.at/	Medienversand	Der Versandhandel aus Österreich bietet eine große Auswahl an Horrorfilmen und Sex-DVDs. 	283497
http://www.porno-dvd-kaufen.com/	Porno-DVD-kaufen	Überwiegend werden DVDs verschiedener Hersteller und Lables zum Versand vorgestellt. Im weiterem Angebot befinden sich einige Sextoys. 	283497
http://www.eroticstore.at/	EroticStore, Ing. Peter Forstner	Der Anbieter aus Österreich präsentiert ein großes Sortiment an Erotikvideos und DVDs sowie eine  Auswahl an Erotik-Spielzeug. 	283497
http://www.orgazmik.com/	Orgazmik Media	Umfangreiches Angebot an Porno-DVDs und Videos on Demand. Außerdem redaktionelle Informationen und Bilder. 	283497
http://www.maxtainment.com/	Maxtainment, Markus Frühwirt	Umfangreiches Angebot an Porno-DVDs und auch Sex-Spielzeug. Außerdem werden zahlreiche Screenshots und Trailer vorgestellt. [Österreichischer Anbieter] 	283497
http://www.mega-extrem.com/	Mega Extrem, Copyright Company	Umfangreicher Shop mit Videos und DVDs sowie Streaming und Downloads mit Vorstellung der Produktpalette. Außerdem Gratis-Clips, Forum und Weblog. 	283497
http://www.kaufeuroporn.com/	Kaufeuroporn	Nach Kategorien sortiertes Angebot, welches überwiegend aus Extrem-DVDs besteht. 	283497
http://www.fun4two.nl/	Fun4Two, Moordrecht	Swingerclub beschreibt die Räumlichkeiten mit Fotos und bietet eine Kontaktmöglichkeit. 	283503
http://www.meesteres-gerda.com/	Herrin Gerda	Domina in den östlichen Niederlanden stellt sich mit Infos über sich, die gebotenen Möglichkeiten und das Studio vor. Auch werden Fotoalben, ein Gästebuch und eine Kontaktmöglichkeit angeboten. 	283503
http://www.ewa-tantra.ch/	Ewa-Tantra	Atelier für sinnlich-erotische Massagen in Zürich und in Bern mit Hintergrundwissen zu Tantra, Angaben zum Ambiente und zu den Masseurinnen. 	283507
http://www.salon.ch/	Salon	Branchenverzeichnis Schweizer Sexsalons. 	283508
http://www.sexy-land.ch/	Sexy Land	Listet und linkt Webangebote für Salons, Sexbilder, Swingerpartys, Escortservices, Kontaktanzeigen, Fetisch und Online Shops. 	283508
http://www.xdate.ch/	XDate	Inserate, auch mit Bild- oder Videoansichten, für erotische Dienstleistungen ansehen und aufgeben. 	283508
http://www.lustmap.ch/	Lustmap	Rotlicht Verzeichnis mit Sex Clubs, Nightclubs, Kontaktbars, Girls, Begleitagenturen, Callboys und Transsexuellen aus der ganzen Schweiz. 	283508
http://www.sexnews.ch/	Sexnews	Kostenlose Inserate für das Rotlichgewerbe und private Kontaktanzeigen. Mit News und Artikeln zu diversen Clubs. 	283508
http://www.nutte.ch/	Nutte	Schweizer Plattform für Erotik, Salons und Studios, Sauna und Swinger Clubs bis zum Sexkino. Für Inserenten besteht die Möglichkeit kostenlos zu inserieren. 	283508
http://www.studio-kim.ch/	Studio Kim Sanders	Vorstellung des Studios, der Damen und Sklavinnen. Member-Section mit ausführlicher Bildergalerie. [CH-4053 Basel] 	283510
http://www.oh-lala.ch/	Studio Oh La La, Affoltern am Albis	Vorstellung der Einrichtung, der Girls und des Anfahrtsweges. 	283512
http://www.wilma.ch/	Wilma MaRia, Bern	Bietet ganzen Sortiment von BDSM. Bilder über die Räumlichkeiten. 	283512
http://www.li-theodora.com/	Li Theodora	Der Zirkel von extravaganten Liebhaberinnen bizarrer Erotik stellt sich vor und zeigt Bilder und Videos, welche zum Download angeboten werden, sowie Kontakt-Informationen zur Terminvereinbarung. 	283512
http://www.domina-kyria.ch/	Domina Kyrias Domizil	Vorstellung der Domina Kyria mit Hintergrundgedanken und Bildergalerie. Bietet Workshops an. 	283514
http://gewerbecenter-boombastic.ch/	Studio Boombastic	Infos über die Mädchen, Zimmer und Anfahrtsweg. 	283515
http://www.freubad.ch/	Freubad, Recherswil	Der Sauna und Erotik-Club bietet Entspannung und erotische Abenteuer. Veranstaltungshinweise, Preise, Angebote und Bilder der Einrichtungen und der Girls. 	283517
https://club-baccara.beepworld.de/	Baccara	Paarclub im Kanton Bern präsentiert sich mit Infos über sich, Öffnungszeiten und gibt Tips zum Thema Swingen. Auch werden Bilder der Räumlichkeiten, ein Newsletter, Gästebuch, Forum und eine Kontaktmöglichkeit angeboten. 	283519
http://www.flip-sauna.ch/	Flip Sauna Club	Bietet eine Fototour, die Räumlichkeiten und Ausstattung veranschaulicht. Mit Öffnungszeiten, Preisen und Programmhinweisen sowie ein bebilderter Rückblick auf frühere Party's. 	283519
http://www.caesar-sauna.ch/	Cäsars Sauna-Club, Dübendorf	Bietet täglich gemischte Sauna in erotischer Atmosphäre. Angaben zum Betreiberehepaar, Gedanken zum Swingen allgemein, Preise und Öffnungszeiten sowie viele Fotos der Bäder, Saunen und Partyräume. 	283519
http://www.zeus.ch/	Zeus World	Beschreibt die gebotenen Swingerfreuden und Events, die zuweilen unter Anwesenheit bekannter Pornostars stattfinden. Clubinformationen mit Votingfunktionen. 	283519
http://www.erotikinserate.ch/	Erotikinserate	Verzeichnis mit Sexkontakte und Sexanzeigen aus der Schweiz. 	283520
http://www.sexlink.ch/	SexLink	Portal mit Links zu Erotikstudios, Escortagenturen, Swingerclubs in der gesamten Schweiz. 	283520
http://www.cinesex.ch/	Cinesex.ch	Das Wochenprogramm der Schweizer Sexkinos mit Trailern, Filmberichten und -vorstellungen, News und Infos zu den Erotikstars. 	283520
http://www.arte42.ch/	Arte42, Dübendorf ZH	Örtlichkeiten, Programm und viele Bilder der Mädchen. 	283521
https://gewerbecenter-carol-jones.ch/	Carol Jones	Service, Anfahrt, Lage und viele Bilder der Girls. 	283521
http://www.gigolos.ch/	Gigolos	Schweizer Agentur mit Herren, die für Begleitungen aller Art zur Verfügung stehen. Ausführliche Suchmöglichkeiten mit Kontaktmöglichkeit und Darstellung der Mitarbeiter mit Fotos und Beschreibungen. 	283522
http://www.sinnerose.ch/	SinnEroSe.ch	Sinnlich-erotische und sexuelle Dienstleistungen der fabs, Fachstelle Behinderung und Sexualität in Basel mit Vorstellung der Dienstleistungen, Bildern und Beschreibung der Anbieterinnen und Anbieter. 	283522
http://www.escort-royal-zuerich.com/	Eurocontacts GmbH	Vorstellung der Agentur und der Ladies in Wort und Bild. Hinweise zu Honoraren und Jobs. [CH-8048 Zürich] 	283522
http://www.callboy-nick.ch/	Callboy Nick	Der Callboy aus Basel für Frauen und Paare, der in der gesamten Schweiz tätig ist, stellt sich mit Informationen über sich, seinen Service, einer Photogalerie und den Preisen seiner Dienstleistungen vor. 	283523
http://www.kontaktbazar.at/	Kontaktbazar	Listet vorrangig Hostessen in Österreich. 	283527
http://www.lady-katarina.at/	Lady Katarina	Die junge Wiener Domina macht mit ihren Neigungen und Spezialitäten bekannt und bietet und beschreibt Services für Studiobesuche, Haus und Hotel und Fetisch Escort. 	283528
http://www.contessa.at/	Contessa	Vorstellung der Lady und Beschreibungen zu den Möglichkeiten, welche auch Services für Behinderte und Rollstuhlfahrer umfassen. 	283528
http://www.erotik-messe.at/	Erotik Messe	Informiert über die Messetermine, präsentiert Fotos und bietet eine Kontaktmöglichkeit. 	283529
http://www.sex-forum-wien.at/	Sex Forum Wien	Ein Forum rund um Sex in Wien mit Themen zu Bordellen, Peepshows, Adressen, Terminen. Auch können Mitglieder Kontaktanzeigen aufgeben und es werden gratis Bilder angeboten. 	283531
http://www.prostitution.at/	Prostitution	Kostenloses Anzeigenportal für Prostituierte und Bordelle in Österreich. Mit Bildern und Kontaktmöglichkeit. 	283531
http://www.frivoli.at/	Lifestyleclub Frivoli	Gewährt einen Blick in das Innere der Räumlichkeiten und macht mit neuesten Partyterminen und mit den Gepflogenheiten des Hauses bekannt. Mit Frivoli-e-Cards und erotischen Online-Spielen. 	283532
http://www.swingerclub-oasis.at/	Oasis in Kufstein	Der Tiroler Club präsentiert seine Räumlichkeiten und die Veranstaltungspalette, nennt Preise, Regeln und Möglichkeiten. Registrierte Clubbesucher können sich online in einer Community austauschen. 	283532
http://www.swingersauna.at/	Swingersauna	Vorstellung der Einrichtung von Herbert und Maria Munderfing mit aktuellen Angeboten und News sowie einer Preistabelle. Mit Wissenswertem und Regeln für Swinger und Saunagänger. 	283532
http://www.laufhaus-rachel.at/	Laufhaus Rachel	Das Bordell stellt sich mit seinen Girls und Räumlichkeiten vor. Hinweise zu Anfahrt und Jobs. [A-1230 Wien] 	283533
http://www.austriaescort.at/	Austriaescort	Vorstellung einiger Damen für Haus- und Hotelbesuche mit Bildern und Setcard. Informationen zu Strip-Shows. 	283534
http://www.viennaescort.at/	Vienna Escort	Die Agentur beschreibt die Services und nennt Buchungspreise. Mit einer Bildvorstellung der Damen. 	283534
http://www.6teufelchen.at/	6-Teufelchen	Escortservice für Wien zeigt Bilder der buchbaren Damen mit Angaben zu den Leistungen und zu den Preisen. Mit kleiner Bildergalerie aus der Wiener Erotikmesse 2004. 	283534
http://www.divas.at/	Divas of Vienna	Österreicher weltweit operierender Service. Vorstellung der Damen und Angaben zu den Preisen. 	283534
http://www.liebeselfen.com/	Liebeselfen	Escort aus Wien und Umgebung mit Übersicht zu den Damen und Preisen. 	283534
http://www.escort-bluemoon.at/	Escort-Bluemoon	Erotische Begleitung und Hostessen Begleitservice mit einer Übersicht zu den Ladies, Preisen und Jobs. [A-1104 Wien] 	283534
http://www.manstrip.at/	Antonio Manstrip	Der von Wien aus operierende Stripper macht mit seinen verschiedenen Shows bekannt, nennt Preise, Bilder und Referenzen. 	283537
http://www.strippers.at/	Strippers	Stripperin aus Wien stellt ihren Service für Polterabende, Geburtstage und Partys vor. 	283537
https://www.galeriedesade.com/	Galeriedesade	Dominante Ladies stellen sich mit Bildergalerien und Infos vor. 	283538
https://www.rotlichtkartei.com/	Rotlichtkartei	Lokalitäten sowie Dienstleister aus dem Rotlichtgewerbe können kostenlose Inserate schalten. [kostenpfl. Premiummitgliedschaft] 	283538
http://www.nuttenkontakte.net/	Nutten-Kontakte	Kostenlose Inserate für Private und gewerbliche Kontaktanzeigen für Deutschland, Österreich und die Schweiz. 	283538
http://www.touchclub.de/	Touch SM-Club	Ausführliche Darstellung des Hauses auf dem Hamburger Kiez mit Partyterminen, Öffnungszeiten, Angaben zum Team und einem bebilderten Einblick in die Clubräume. 	283542
http://www.kow2.de/	Kow 2	Vorstellung des Treffpunktes für frivoles Ausgehen für Paare und Einzelpersonen,  die das "Sehen" und "Gesehen werden"  anregend, erregend und prickelnd finden. 	283543
http://www.relax-nightclub.com/	Relax Nightclub, St. Georg	Knappe Vorstellung mit Adressangaben und Besuchszeiten. 	283543
http://www.psp-club.de/	PSP Swingerclub Altona	Neben Informationen zum Club und zum Veranstaltungsprogramm ist eine Kontaktbörse zu finden. 	283544
http://www.modell-hamburg.com/	Adela	Adela stellt sich in verschiedenen Verkleidungen für Rollenspiele und ähnliches sowie auch in Dessous vor.  	283548
http://www.escort-desire.de/	Escort-Desire	Begleitservice mit detaillierten Informationen zu den Damen mit Fotos, Service, Preisen und Kontaktmöglichkeit. 	283546
http://www.bellevue-escort.de/	Bellevue-Escort	Fotos und Beschreibungen der zum Teil weltweit agierenden Damen mit Erläuterungen zu den Angeboten, Möglichkeiten und Preisen. 	283546
http://www.nova-escort.de/	Nova Services GmbH	Begleitservice für Deutschland und Europa mit Damen aus verschiedenen Städten präsentiert sich mit Fotos, Infos und Kontaktmöglichkeit. 	283546
http://www.actrice-escort.de/	Actrice-Escort	Escortagentur aus Hamburg für Damen und Herren in ganz Deutschland. Vorstellung der Dienstleistungen. 	283546
http://www.charismaescort.de/	Charismaescort	Agentur aus Hamburg mit einem überregionalem Angebot an Damen und Herren. Infos, Fotos zu den Damen & Herren, Preisliste. 	283546
http://www.dollhouse.de/	Dollhouse Hamburg	Der Internetauftritt eines Striplokals nach amerikanischer Machart. Familientauglicher Ringelpiez ohne anfassen.  Die Website informiert über verschiedene Angebote des Clubs, wie beispielsweise Junggesellenabschiede oder eine Ladys Night, in der nur Damen zugelassen sind und Männer die Hosen runterlassen. 	283540
http://www.modelle-hamburg.de/	Modelle-Hamburg	Ein Hurenkatalog mit hamburger Huren. Umfangreich, aber nicht allumfassend. Mit Gästebuch und kostenlosem Chat. 	283540
http://www.hansesex.com/	Hansesex.com	Ein Hurenkatalog für Hamburg, Bremen und Lübeck. Es werden Sexclubs und einzelne Huren mit Fotos und Telefonnummer gelistet. Alle Inserate sind geprüft und aktuell. 	283540
http://sexycelina21.beepworld.de/index.htm	Celina	Celina stellt sich und ihren Service vor. Es gibt ein Fotoalbum, Gästebuch und Kontaktmöglichkeiten. 	283548
http://www.donna-de-sade.de/	Donna de Sade	Die Herrin stellt sich und ihren Sklaven vor und listet das Repertoire der Möglichkeiten um Sex, Fetisch und erotischer Unterhaltung. 	283550
http://www.mistress-a.de/	Mistress- A, Hannover	Die Domina stellt sich vor und macht Angaben zu einem Testbericht in PDF-Format, Statement und Bildern sowie Kontaktinfos. [D-30161 Hannover] 	283550
http://www.drehscheibe-hannover.de/	Drehscheibe Hannover	Die erotischen Tanzdarbietungen mit ständig neuen Tänzerinnen und das Showprogramm wird präsentiert. 	283551
http://www.reitwall-sex.de/	Reitwall-Sex	Laufhaus in Hannover, Reitwallstrasse. Ambiente, Liebesdamen und Transsexuelle für Kuschelsex, Badespass, Haus-und Hotelbesuche sowie Escortservice werden vorgestellt. 	283553
http://www.yes-sir-hannover.de/	Yes Sir, Hannover	Bilder und Beschreibungen zu den Räumlichkeiten, den Mädchen und den Möglichkeiten zur Entspannung. 	283553
http://www.yoni-versum.de/	Yoni	Details über ein Modell aus Osnabrück mit Fotos, Beschreibung und Tantra-Infos. 	283555
http://www.erotikkontakte.com/braunschweig/braunschweig.htm	Jeannette und Freundin	Braunschweiger Modell erwartet ihre Gäste in ihrer Wohnung. Fotos und Beschreibung mit Kontaktauskünften. 	283555
http://www.ladyliza.de/	Lady Liza	Reife Dominanz in Bremen. Bilder, Geschichten und Kontaktangaben. 	283557
http://www.bremersex.de/	Bremer Sex	Erotikguide mit Verzeichnis für Callgirls, Clubs und Sexshops in der Hansestadt. 	283556
http://www.beverly-nightclub.de/	Beverly-Nightclub	Nachtbar mit Infos zu Shows, Tabledance, Striptease, Unterhaltungsdamen und Escort-Service. Bilder von der Bar und  Events sowie Lagebeschreibung und Öffnungszeiten. 	283556
http://www.schloss-milkersdorf.de/	Swingerclub Milkersdorf	Schloss Milkersdorf präsentiert sich als ein Ort des Vergnügens in historischer Umgebung. Mit einem umfangreichen Fotoalbum und einen Eventkalender. 	283560
http://www.6relax.de/	Sex Relax	Adressen und Kurzvorstellungen von Clubs, Escorts, Callgirls, Bars und Studios aus den Ländern Hessen, Rheinland-Pfalz und Nordrhein-Westfalen. 	283561
http://www.hurenmagazin.com/	Hurenmagazin	Datenbank mit Einträgen von  Callgirls und Dominas. Suche nach PLZ und Vorlieben sowie einem Forum mit Berichten. [Nur für registrierte Mitglieder] 	283561
http://www.diskret.de/	Diskret	Bietet Informationen über Hostessen, Bordelle, SM-Studios und Escort sowie Swinger-Clubs in NRW. 	283561
http://rotlichthessen.de/	Rotlicht-Hessen	Erotische Bilder von Damen die Ihre Liebesdienste anbieten. 	283561
http://www.intimesrevier.com/	Intimes-Revier	Man findet Kontaktanzeigen von Modellen, Clubs- und Bars sowie Partytreffs und Transsexuellen. 	283561
http://www.studio-palais.de/	Studio Palais	Lady Alexa Montez präsentiert Räumlichkeiten und Möglichkeiten ihres bizarren Service und macht mit den Herrinnen des Hauses bekannt. 	283563
https://www.comtesse-larissa.com/	Comtesse Larissa	Kurze Vorstellung der Herrin mit Kontaktinformationen und Bildergalerie. 	283563
http://www.bizarradies.com/	Lady Zara's Bizarrparadies, München	Bilder, Beschreibungen und Kurzclips des Ambientes der individuell gestalteten Räumlichkeiten, der Dominas, der Sklavinnen und der Möglichkeiten für den fetischbegeisterten Gast. 	283563
http://www.comtessa-loredana.de/	Comtessa Loredana, München	Sehr ausführliche Beschreibungen der Möglichkeiten und des Studios mit Bildern und Erlebnisberichten diverser devoter Kunden. 	283563
http://www.princess-fatale.com/	Princess-Fatale	Die kleine, sadistische Teen-Hexe verspricht in Wort und Bild jedem,der es verdient ins Unglück zu stürzen. 	283563
http://www.bizarr-studio.eu/	Bizarr-Studio	Kurze Informationen mit Bildern über die Vermietung eines SM-Studios in München, welches privat oder gewerblich genutzt werden kann. 	283563
http://www.ladydoc-satanica.com/	Lady-Satanica	Die Domina stellt ihre Vorlieben wie Klinikerotik, Erniedrigung und Demütigung vor, präsentiert Bilder von sich und ihrem Atelier und gibt Auskunft zur Anfahrt. [D-86707 Westendorf] 	283563
http://www.goldengirls-tabledance.de/	Golden Girls	Der Tabledance Club in Augsburg veröffentlicht die Möglichkeiten zum Besuch und zur Reservierung für private Feiern. Mit Angabe der Öffnungszeiten und Bildern des Girls des Monats. 	283564
http://www.club-rendezvous.de/	Club Rendezvous	Neben allgemeinen Informationen, Regeln und Beschreibungen berichtet die Einrichtung aus Bad Abbach über Events wie Swingerhochzeiten oder erotische Kanufahrten und präsentiert die vom Betreiber verfassten Bücher mit erotischen Swingergeschichten. 	283565
http://www.villa-fantasy.de/	Villa Fantasy, Rosenheim	Vorstellung von Haus und Betreiber, Öffnungszeiten, Preise sowie einige Bilder vom Club und dessen Spiel- und Partybereiche. 	283565
http://www.cats-swingerclub.de/	Cats, München	Swingerclub stellt sich mit einem Rundgang , Fotos, Infos über die Preise und Clubregeln vor. Auch werden Termine für Veranstaltungen und eine Kontaktmöglichkeit angeboten. 	283565
http://www.burg-ibiza.de/	Burg Ibiza Pärchen & Single Club	Swingerclub mit Outdoorbereich präsentiert seine Events und das Ambiente. Ausführungen zu Zeiten und Preise sowie zu Swinger-Regeln. [D-82256 Fürstenfeldbruck] 	283565
http://www.villa-roma.de/	Villa Roma, München	Exclusiver Erotik-Club mit Sauna, Bar und Whirl-Pool präsentiert sich mit Fotos, Kurzbeschreibung und Kontaktadresse. 	283566
http://www.adrianas-paradise.de/	Adrianas Paradise, Nürnberg	Die teilweise wechselnden Damen und der Service werden kurz vorgestellt. 	283566
http://www.michaela-freundinnen.de/	Michaela und Freundinnen	Damen aus Häusern in Nürnberg, Erlangen und Regensburg werden vorgestellt. Mit aktuellen Angeboten und Hinweisen auf neue Damen oder neu hinzugefügte Bilder. 	283566
https://www.fkk-colosseum.com/	Colosseum	Augsburger FKK Sauna Club. Gezeigt werden Bilder und Filme der Models und ein virtuendller Rundgang. 	283566
http://www.eden-escort.de/	Eden-Escort	Vermittelt Damen aus Deutschland. Es werden Bilder, das Honorar, einen Newsletter und ein Buchungsformular angeboten. [D-81543 München] 	283567
http://www.elite-escorts.de/	Elite Escorts	Münchener Begleitservice für den deutschsprachigen Raum. Angaben und Bilder der Damen sind regional geordnet abrufbar. [D-81241 München] 	283567
https://www.meinebegleitung.com/	Meine-Begleitung	Begleitservice vermittelt Damen und Herren für geschäftliche und private Anlässe. Übersicht zu Preisen, Buchungsformular und Bildergalerie. [D-81827 München] 	283567
http://stella69.bplaced.net/	Stella69	Die Escort-Lady stellt sich mit ein paar Bildern vor. Kontaktaufnahme über Online-Formular und SMS. 	283567
https://www.bodenseestrasse271.de/	Luderbox	Erotikführer für Bayern zu Models, Clubs und erotischen Massagen. 	283562
http://www.rotelaterne.de/	Rote-Laterne	Es werden Hostessen, Swingerclubs und Bordelle in der Region vorgestellt. 	283562
http://www.happy-moments.net/	Happy-Moments, Weber & Dersch GbR	Das Erotikfachgeschäft stellt sein Online-Sortiment vor und gibt Hinweise zu Öffnungszeiten und den dort erhältlichen Artikeln. [D-82205 Gilching] 	283562
http://www.residenz-hekate.de/	Residenz Hekate, Karlsruhe	S/M Studio mit ägyptischem Flair präsentiert sich mit Fotos und Infos über die Räumlichkeiten, Serviceleistungen und Mitarbeiter. Auch werden Veranstaltungen, Jobangebote und eine Kontaktmöglichkeit angeboten. 	283573
http://www.ladyleona.de/	Lady Leona	Domina mit Studio bietet Bildergalerien, Geschichten und ein Forum an. 	283573
http://www.pain-factory.de/	Pain Factory	Kurzexposè des Karlsruher Domina-Studios. 	283573
http://www.arachne.de/	SM-Studio Arachne	Die Stuttgarter Adresse für dominante und devote Herren stellt Räumlichkeiten, Angebote und die Herrinnen und Sklavinnen des Hauses vor. 	283573
http://www.studio-centric.de/	Studio Centric	Kurzpräsentation des Stuttgarter SM-Hauses mit Bildern der Dominas und der Sklavinnen. 	283573
http://www.black-roses.org/	Black-Roses	Varah Bizarr-Lady und Softsklavin für erotische Rollenspiele und Switcherin mit Vorstellung ihrer Dienstleistungen. [D-70184 Stuttgart] 	283573
http://www.fkk-stuttgart.de/	FKK Stuttgart	Die in der Marienstraße gelegene Einrichtung präsentiert Räumlichkeiten und Wellness-Ausstattung, macht Angaben zu den Möglichkeiten für erotische Entspannung und zeigt einige der Damen des Hauses. 	283574
http://www.lahuitre.de/	La Huitre	Die 15 km nordwestlich von Stuttgart gelegene Einrichtung für vergnügungssuchende Paare informiert über Programm, Öffnungszeiten und Sonderveranstaltungen. Mit einem Grundriss des Hauses, welcher zugleich als Navigation zur Bildvorstellung der Räume verwendet wird. 	283575
http://www.swingerclub-auhof.de/	Swingerclub Auhof	Gedanken zum Thema Swingen, Hausregeln, Veranstaltungsprogramm und einige Bilder von Räumen und Einrichtung des Clubs. 	283575
http://www.swingerclub-sunmoon.de/	Sun Moon, Sachsenheim	Das Haus für die junge und junggebliebene Generation stellt die Möglichkeiten für Vergnügungen vor, nennt Regeln, Preise und Partyprogramm und zeigt im Rahmen eines kleinen Clubrundgangs einige Bilder. 	283575
http://www.asia-pforzheim.de/	Asia Haus, Pforzheim	Einige Bilder der asiatischen Liebesdamen, Ansichten der Zimmer sowie Kontaktangaben und Anfahrtsbeschreibung. 	283576
http://www.bordell-karlsruhe.de/	Eros-Center, Karlsruhe	Bordell stellt sich mit Infos und Fotos der Zimmer und Damen vor. Auch wird eine Kontaktmöglichkeit angeboten. 	283576
http://www.fa-schiller.de/	Firma Schiller, Stuttgart	Haus mit gepflegten Ambiente präsentiert sich mit Infos über den Club, einer Fotogalerie der Modelle, Aktuelles und Kontaktmöglichkeit mit Straßenplan. 	283576
http://www.asia6villa.de/	Asia-6-Villa	Die Villa in Baden-Baden mit fernöstlicher Vielfalt präsentiert das Ambiente und listet die aktuellen Girls mit ausführlichen Leistungen. 	283576
http://www.escort-cpc.de/	Escort-CPC	Escortservice vermittelt Damen aus dem Rhein/Neckar-Raum. Infos über die Damen mit Fotos und Kontaktmöglickeit. [D-67158 Ellerstadt] 	283577
http://www.zenit-escort.com/	Zenit-Escort	Vorstellung von Damen, Herren, Paare und Appartement sowie Online-Bewerbungsformular. [D-72666 Neckartailfingen] 	283577
http://www.agentur-diana.de/	Agentur-Diana	Es wird über den Escort- und Begleitservice in Stuttgart informiert und die Damen werden mit Setcards vorgestellt. Übersicht zu Konditionen, Appartements und Anfahrt. [D-70567 Stuttgart] 	283577
http://www.hydron.de/	Andreas Escort	Begleitagentur mit Fotos von den Damen und Informationen zu den Preise und Services. [D-69168 Wiesloch] 	283577
http://www.lamour-escort.de/	Lamour-Marketing, Inh. B. Bakgün	Begleitservice mit Vorstellung der Damen und Herren. Außerdem Informationen zu VIP-Reisen und Buchungsformular. [D-76137 Karlsruhe] 	283577
http://www.bw7.com/	BW7-Forum	Adressen und Berichte über Clubs und Etablissements aus dem Großbereich Freiburg, Stuttgart und Karlsruhe mit einem Forum zum Austausch von Erfahrungen und erotischen Erlebnisberichten. 	283572
http://www.burnout-leder.de/	Burnout-Leder, Inh. Klaus Skupin	Maßanfertigungen von Lederbekleidungen und Accessoires im Bereich Freizeit und Fetisch. Hinweise zu den Öffnungszeiten. [D-70372 Stuttgart] 	283572
http://www.saras-dreams.de/	Saras Dreams, Stuttgart	Bilder von den Damen mit Profil und Kontaktinfos. Hinweise zum Service der Damen und Infos zwecks Terminabsprache. 	283578
http://www.dominazone.de/	Dominazone	Ein Bizarr- und Studioführer mit Einträgen von Dominas, Sklavinnen, Studios sowie Kontakt- und Anzeigenteil. 	283579
http://www.domina-sadomaso.de/	Dominas-Sadomaso	Listen der einschlägigen Dominas und Bizarrladies in Deutschland. Nach Städten geordnet. 	283579
http://www.dominacall24.de/	Dominacall24	Überregionales Domina- und BDSM-Portal mit Übersicht zu Dominas, Studios, Sklavinnen und Kontaktanzeigen sowie Erotikchat. 	283579
http://www.tom-stahl.com/	Tom-Stahl	Deutschsprachiges Verzeichnis mit mehr als 100 Einträgen professioneller Dominas und Studios. 	283579
http://www.strip-hamburg.de/	Stripper Wolfgang	Der Hamburger Stripper Wolfgang im Internet. Mit vielen Fotos diverser Outfits und einer umfangreichen Liste an Referenzen. 	283580
http://www.gogomarcus.com/	GoGo Marcus	Vorstellung des Tänzers nebst Informationen über kommende Auftritte. Mit Kontaktmöglichkeit. 	283580
https://liebesengel-dildoparty.de/	Vertriebsagentur Liebesengel	Es werden Dienstleistungen im Bereich von heimischen Partys angeboten und Produkte aus den Bereichen Wellness, Erotiktoys sowie erotischer Körperpflege und Dessous vorgestellt. 	283580
https://www.dominusstudio.de/	Dominus-Studio	Studio Marquis, männliche Domina, BDSM Mentor und Beratung für Paare und Fem-Sub. [D-563283 Nörtershausen] 	283582
https://www.finca-erotica.com/	Sauna World GmbH	Es werden die Girls, Events, der Club und die Aussenanlage präsentiert. [D-56269 Dierdorf] 	283583
http://www.club-bigbamboo.de/	Big Bamboo Club	Der Treff für tolerante Körperkultur in Koblenz-Stolzenfels erläutert Angebote, Programm, Partytermine und seine Hausregeln. 	283584
http://www.laurasgirls.com/	Lauras Girls	Das Etablissement stellt seine Mädchen mit den jeweils akzeptierten Spielarten und mit einigen Bildern vor. [D-67346 Speyer] 	283585
http://www.domina-maren.de/	Domina Marèn	Mit einigen Studiofotos und einer Auflistung der bevorzugten Erziehungsmethoden. 	283588
https://www.studioblackmagic.com/	Black Magic	Das Frankfurter Haus für den devoten und für den dominanten Herrn stellt seine Dominas und die Haussklavin vor, nennt einige Grundregeln und Beispiele der angebotenen Leistungen. 	283588
https://www.domina-silvia.com/	Domina Silvia	Selbstvorstellung mit Nennung und Beschreibung der Leistungen für den devoten Herren. 	283588
https://www.mistress-solitaire.de/	Mistress Solitaire	Grafisch aufwendig aufbereitete und bebilderte Präsentation der Domina, ihres Studios und der Veranstaltungstermine. [Flash empfohlen] 	283588
http://www.studio-yvette.de/	Studio Yvette, Schwalbach	Bildergalerie der Domina mit Nennung der Leistungen für devote Herren. 	283588
http://www.the-palace.de/	The Palace FKK-Club, Frankfurt	Der Grundriss der Räumlichkeiten und das Ambiente werden vorgestellt, daneben gibt es Informationen zu Parties und den Möglichkeiten erotischer Entspannung im Hause. 	283589
http://www.bahama-club.de/	FKK-Club Bahama, Maintal-Dörnigheim	Beschreibt das frivole Leben bei Sauna, Solarium und erotischen Massagen, sowie die Buchungsbedingungen für Haus und Hotel. 	283589
http://www.club-oase.de/	Oase, Rödermark	Freizeit Erotik Club für Paare informiert mit einer 360° Fototour, beschreibt die Philosophie, Tips, Preisliste, Routenplaner und Gästebuch.[Benötigt Flash] 	283590
http://www.fkk-oase.de/	FKK-Oase bei Frankfurt und Aachen	Der Club präsentiert sich mit einer Bildergalerie und stellt Fotos zu Tabledance und zum Ambiente zur Verfügung. Außerdem gibt er Auskunft zu den Preisen und bietet ein Gästebuch.[Benötigt Flash] 	283590
http://www.club-fantasy.de/	Club Fantasy	Die Frankfurter Einrichtung für Singels und Paare macht mit den Regeln und den Preisen des Hauses bekannt und skizziert reich bebildert das Ambiente und die Räumlichkeiten. 	283590
http://www.swingerclub-number-one.de/	Swingerclub Number One	Neben Terminen, Hausregeln und Fotos aus den Clubräumlichkeiten präsentiert das Rüsselsheimer Haus auch ein kleines Glossar zum Thema Gang-Bang. 	283590
http://www.lecoq.de/	Le Coq, Alsbach-Hähnlein	Swingerclub für Paare und Singles präsentiert sich mit Infos über uns, Rund ums Haus mit Fotos, Öffnungszeiten und Preise. Auch werden eine Kontaktmöglichkeit mit Anfahrtskizze und ein Gästebuch angeboten. 	283590
http://www.danni-escort.com/	Danni-Escort	Modell in Frankfurt/M. bietet ihre Begleitung an. Infos mit Fotos über sie, ihre Serviceleistungen und Honorar mit Kontaktmöglichkeit. 	283592
http://www.diva-escort.de/	Diva	Begleitservice aus dem Rhein/Main Gebiet präsentiert sich mit Galerie und Infos über die Damen, das Honorar und Kontaktmöglichkeit. [D-60487 Frankfurt/M.] 	283592
http://gayescortmarkus.com/	Gay-Escort-Markus	Callboy für Gays in Frankfurt und Giessen. 	283592
https://plescort.de/	Plescort	Begleitagentur mit Präsentation der Damen, Übersicht zu den Honoraren und Online-Buchung. 	283592
http://www.escort-rubensfee.de/	Rubensfee Melissa	Informationen über die Lady mit Fotos, Serviceleistungen und Honorar sowie Kontaktmöglichkeit. [Frankfurt/M.] 	283592
http://glamouresse.com/	Wefra UG	Begleitagentur für Fetischliebhaber stellt seine Damen und Honorare vor. [D-60311 Frankfurt] 	283592
http://www.videoworld-web.de/	Videoworld	Videothek aus Darmstadt stellt sich mit Informationen und Fotos des Geschäfts vor und listet Beispielvideos verschiedener Sparten. 	283587
http://www.t-aktvoll.de/	t-AKTvoll Aktfotografie	Der Akt-Fotograf gewährt einen Einblick in sein Portfolio und seine Vita. Interessierte können sich für ein Shooting bewerben. 	283587
http://www.intimes-hessen.de/	Intimes Hessen	Verzeichnis mit einigen Modellen, Clubs und Begleitagenturen. 	283587
http://www.latex-fashion.de/	Latex-Fashion Onlineshop, Ulrich Martin	Angeboten wird Latexbekleidung in Maßanfertigung oder von der Stange. Bildergalerien von Modenschauen und Infos zum Ladenlokal. [D-65396 Walluf] 	283587
http://www.syonera.de/	Syonera von Styx	Berichte und Informationen über das Atelier Exposure. Mit Vorstellung der Herrinnen und Sklavinnen in Wort und Bild, sowie mit Sklaven-Chat und Forum. 	283595
http://www.die-landsauna.de/	Die Landsauna, Reichenbach	Reich bebilderte Beschreibung der Clubräumlichkeiten und der Ausstattung, ein Gutschein für Erstbesucher zum Ausdrucken und ein Forum für Besucher und Interessierte. 	283596
http://www.swingerclub-saphir.de/	Swinger- und Pärchenclub Saphir, Schkeuditz	Veröffentlichung aktueller Partytermine, kalendarische Listung bereits absolvierter Events, Fotos, Regeln und Empfehlungen zu Übernachtungsmöglichkeiten in der Nähe. 	283596
http://www.swinger-ollywood.de/	Swingerclub Ollywood, Radebeul	Das Partyprogramm, die Regeln des Hauses und die Räumlichkeiten werden vorgestellt, daneben werden Unterkünfte für den Swingerurlaub offeriert. 	283596
http://www.moments-of-life.de/	Moments-of-Life	Begleitung für verschiedene Anlässe wie Hausbesuche und Hotelbesuche. Vorstellung der Damen und Honorare. [D-04129 Leipzig] 	283597
http://www.relaxing-pur.de/	Relaxing-Pur	Escort-Agentur aus Leipzig stellt die Damen vor, bietet Honorarinformation und Infos zum Buchungssystem. [D-04155 Leipzig] 	283597
http://www.jocelyn-escort.com/	Jocelyn-Escort	Die Studentin aus Leipzig stellt sich mit einigen Bildern und Setcard vor und bietet Infos über Honorar und ein Kontakt-Formular. 	283597
http://www.denise-dreamstrip.de/	Denise	Das reifere Rubensmodel aus Sachsen offeriert Shootings, Auftritte für Striptease, erotische Begleitung und Bikertreffen, zeigt Bildbeispiele und bietet in einem kleinen Shop Getragenes und Fanartikel. 	283597
http://www.dance-rob.de.tl/	Dance-Rob	Das Angebot reicht von Animation auf kleinen Veranstaltungen bis zu Showauftritte in Diskotheken sowie Erotikshows auf Privatveranstaltungen. Bildergalerien und Kontakt-Formular. 	283594
http://www.sex-leipzig.de/	Sex-Leipzig	Mehrere Damen aus werden mit Text und Bild vorgestellt, mit Kontaktangaben und Forum. 	283598
http://www.club-swing.de/	Club Swing	Gewährt einen Einblick in die Clubräume, macht mit dem Programm bekannt und nennt die Preise. Mit einem kleinen Kontaktmarkt für Singles und Paare. 	283600
http://www.villa-inkognito.de/	Villa Inkognito	Der Geraer Club gibt Informationen zum Ablauf und zu den Terminen von Veranstaltungen, informiert über deren Preise und beschreibt die Ausstattung des Hauses. Mit Kontaktbörse und SMS-Info-Service. 	283600
http://www.europaswinger.de/	FF6 Gera	Der großflächige Club macht mit Terminen und Besonderheiten bekannt, bietet ein Forum, Neuigkeiten, Termine und ein Deutschland-weites Swingerclub-Verzeichnis. 	283600
http://www.erotikum.de/	Erotikum	Verzeichnis mit Callgirls, Swingerclubs, Nachtclubs, Kontaktanzeigen und Bordellen. 	283599
http://www.sc-venus.de/	SC Venus, Roßla	Vorstellung von Preisen, Terminen, News und Bilderrundgang durch den Club. Beschreibungen zur Anfahrt und Swingerurlaub. [D-06536 Roßla] 	283602
https://www.seitensprung.net/	Seitensprung.Net	Seitensprung Agentur für erotische Kontakte informiert über die Dienstleitungen, Angebote wie Lovebox, Loveletters, Lovetrip und Specials mit Anmeldeformular. 	283603
http://www.find2gether.de/	Find2gether	Seitensprung- und Partnervermittlung online für Deutschland, Österreich, Schweiz und Lichtenstein mit 55.000 Mitgliedern. Infos über die Vorteile, Preise, Hilfe/Faq und Kontaktmöglichkeit. 	283603
http://www.meet2cheat.de/	Meet2Cheat	Agentur vermittelt Seitensprünge. Informiert über sich, Anleitung, die Tarife und bietet ein Anmeldeformular. 	283603
https://www.firstaffair.com/	First Affair	Bietet den Kontakt zu Frauen, Männern und Paaren, mit gleichen Interessen und Vorstellungen für ein erotisches Abenteuer. Vorstellung des Services und Anmeldemöglichkeit. 	283603
http://www.seitensprung.de/	Seitensprung.de	Portal für die Suche nach einem Partner für Erotikabenteuer mit verschiedenen Optionen der Schaltung eigener Kontaktanzeigen. 	283603
http://www.lovepoint.de/	Lovepoint	Kontakt und Seitensprungvermittlung. Infos über die Agentur, Referenzen, Preise, Soziales und Kontaktformular. Auch wird ein Newsletter angeboten. 	283603
http://www.freiclub.de/	Freiclub	Interessengemeinschaft für den Austausch von tabulosen Top-Adressen mit vielen Einträgen von Modellen und Hobbyhuren. 	283604
http://www.jungsforum.net/	Jungsforum	Community für Pädophilie präsentiert sich mit einem Forum, Chat und Infos über diese Neigungen. 	283604
http://www.strichweb.com/	Strich-Web	Umfangreiche Community über den Strassenstrich in Europa. 	283604
http://www.roemerforum.com/	Römerforum	Deutschlandweites Forum, in dem FKK-Clubs, Haus- und Hotelbesuche besprochen und Kritiken verfasst werden. 	283604
http://www.club-hotel-luebeck.de/	Club Hotel, Lübeck	Präsentiert sich mit Club, Bar, Zimmer, Serviceleistungen, Programm, Anfahrts-Plan und Kontaktmöglichkeit. 	283605
http://www.swingerclub-verzeichnis.de/	Swingerclub Verzeichnis	Detailliertes Verzeichnis über Swinger-Clubs mit User-Kommentaren und Bewertungen. 	283606
http://www.dreamescorts.de/	Dreamescorts	Links zu deutschlandweiten Escort-Agenturen. 	283607
https://bordellfuehrer.com/	Bordellführer	Datenbank mit Huren, Bordellen und gewerblichen Sexkontakten sowie Inseraten mit Fotos, Adresse und Telefonnummer. Für Clubmitglieder [kostenpfl.] alle Anzeigen und eine 24h Livekamera inklusive. 	283607
http://www.mollige-girls.de/	Mollige Girls	Das deutschlanweite Portal bietet kostenlose Sexanzeigen mit Bildern und Kontaktinformationen zu molligen Damen. Newsletter und Infos über Top-Anzeigen. 	283607
http://www.erosa.de/	Erosa	Erotik-Portal unter anderem mit redaktionell geprüften Links zu Sexshops, Events, Mode und Urlaub. 	283607
http://www.nachtladies.de/	Nachtladies	Kostenlose erotische Kontaktanzeigen und Inserate für Kontaktsuchende. Übersicht zu Clubs, Escorts, Swinger und Hostessen. 	283607
http://www.huren-inserate.com/	Huren-Inserate	Kostenloser Huren Anzeigemarkt sortiert nach Bundesländern sowie Österreich, Schweiz und Benelux-Staaten. 	283607
http://www.rotlicht-meile.com/	Rotlicht Meile	Datenbank mit Einträgen von gewerblichen Sexkontakten, Bordellen sowie Huren und Begleitagenturen. Nach Postleitzahlen gegliedert. 	283607
https://nettebegleitung.de/	Nette Begleitung	Online-Plattform auf der Privatpersonen Begleit- bzw. Escortservice anbieten oder suchen können. 	283607
http://www.institut-malbert.de/	Sonja Malbert, Essen	Dominastudio stellt sich mit Infos über die Damen, Räumlichkeiten und Beschreibung der Serviceleistungen vor. Auch Fotos und eine Kontaktmöglichkeit werden angeboten. 	283609
http://www.malbert.de/	Exclusiv Institut Sonja Malbert, Essen	Das Fachinstitut für extravagante Neigungen zeigt Sessionbilder und stellt das Team vor. 	283609
http://www.house-of-bizarre-dreams.de/	House of bizarre Dreams, Düsseldorf	Das Benrather Bizarr Studio stellt Haus, Team und Spezialitäten vor. 	283609
http://www.das-atelier.de/	Das Atelier, Köln	Madame Cornelitas und ihr bizarres Team stellen sich vor. 	283609
http://www.madame-p.de/	Madame P	Teil humorige, teils Comic-hafte Illustration der Möglichkeiten des Kölner Domina-Studios. 	283609
http://www.madamekyra.de/	Madame Kyra	Dominante Dame erzieht präsentiert ihre Serviceleistungen, Fotos und eine Kontaktmöglichkeit. [Benötigt Flash] 	283609
http://www.alcatrazbonn.de/	AlcatraZ, Bonn	BDSM Szene-Club mit Auskünften zu Partys, Ambiente und Bildern  von veranstalteten Events. 	283609
http://www.mistress-ursula.de/	Mistress Ursula	Team- und Studio-Vorstellung mit einem Vorgeschmack auf die möglichen Leistungen für devote Herren im Raum Köln-Frechen. 	283609
http://alter-bizarrer-bahnhof.de/	Alter Bizarrer Bahnhof, Duisburg	Fantasien und Einblicke in die Räume sowie Informationen zu Öffnungszeiten und Anfahrt. 	283609
http://www.sm-langzeiterziehungen.com/	SM-Langzeiterziehung, Sprockhövel	Einige Dominas präsentieren sich mit Bildern und das Ambiente wird vorgestellt. 	283609
http://www.cassandra-casal.de/	Cassandra Casal	Die Vorlieben der Herrin für Latex-, Leder-, Korsetts-, Nylons-, High-Heels und klassischen Kleidung sowie dem japanischen Bondage werden vorgestellt. Bildergalerien, News und Kontaktinformationen. [D-45239 Essen] 	283609
http://www.studio-noir.de/	Studio-Noir	Die SM-Ladies Michelle und Nicole stellen sich mit Bildern vor und berichten über ihre Behandlungen. [D-Düsseldorf] 	283609
http://www.gay4play.de/	Eros-Boutique, Essen-Rüttenseid	Gayshop mit Vorstellung des Sortiments und Hinweisen zu Öffnungszeiten und Anfahrt. 	283610
http://www.sex-versand.com/	Sex-Versand R&W Versand GbR	Sexshop für Lack-, Latex- und Leder-Dessous sowie  Toys, Korsetts, SM und Klinikerotik. Öffnungszeiten werden vorgestellt und es ist eine Online-Bestellung verfügbar. [D-45529 Hattingen] 	283610
http://fetish-highlights-duesseldorf.com/	Highlights GmbH	Fachgeschäft für Menschen mit einem Faible für Fetischartikel. Übersicht zum Sortiment, Anfahrt und Öffnungszeiten. [D-40233 Düsseldorf] 	283610
http://www.blueheaven-gelsenkirchen.de/	Blue Haven	Veröffentlichung des Partyprogramms des Gelsenkirchener Hauses. Mit Erläuterungen, Reglementierungen und Preise der Veranstaltungen. 	283611
http://www.barlamour.de/	Bar Lamour, Heinsberg-Oberbruch	Kurzvorstellung der Bar mit Bildern zu den Räumen und Infos für Jobsuchende. 	283611
http://www.party-pikant.de/	Party-Pikant	Erotische Party in Köln. Der Einlass wird nur Personen in erotischem Outfit gewährt. 50-50 Anteil Ladys und Gents. [D-50672 Köln] 	283611
http://www.paradise-achern.de/	Paradise, Achern	Swingerclub informiert über sich, die Regeln, beschreibt Allgemeines und bietet eine Wegbeschreibung. Auch werden Infos über das Programm, die Preise, Öffnungszeiten und ein Fotorundgang präsentiert. 	283612
http://www.treffpunktessen.de/	Treffpunkt, Essen	Gezeigt werden ein Grundriss und Fotos der einzelnen Räume, sowie die Preisliste. 	283612
http://www.treff-83.de/	Treff 83, Witten	Neben Fotos der Räumlichkeiten findet man eine Preisliste sowie Tipps für neue Gäste. 	283612
http://www.swingerclub-whynot.de/	Why not, Bielefeld	Kurzvorstellung mit Bildern der Räumlichkeiten und einem Terminplan für Mottoparties. 	283612
http://www.caesarspalace.de/	Cäsars Palace, Sprockhövel	Die Philosophie des Clubs wird dargestellt, daneben Umschreibungen zu Regelwerk und Partyinhalten und einige Bilder zur Illustration des Ambientes. 	283612
http://www.erotikkontakte.com/dortmund/homepage.htm	Suzy und ihre Freundinnen, Dortmund	Sex-Club mit Fotogalerie der Mädchen und Beschreibung. Adresse und Wegbeschreibung. 	283613
https://tropicana-bar.6profis.de/	Tropicana-Bar, Kreuztal	Informationen zu den Sex-Angeboten und Bildergalerie. 	283613
http://www.samya.de/	Samya, Köln	Überblick zu den Räumlichkeiten und Bilder von internationalen Girls. Öffnungszeiten, Routenplaner und News. 	283613
http://www.eros-center-bruehl.de/	Eros-Center, Gisbert Bollig	Selbstdarstellung des Puffs mit Adresse und Zimmerfotos. Außerdem Bilder von den Girls. [D-50321 Brühl] 	283613
http://www.dom-to-rent.de/	Dom to rent	Beschreibungen von Services für die devote Dame mit Richtlinien und Bildern. [D-45661 Recklinghausen] 	283614
http://www.tia-escort.de/	TIA-Escort	Die Serviceagentur stellt ihre Models mit Setcards, Beschreibungen und Preisen vor. Buchungen sind Online oder per Telefon möglich. [D-41564 Kaarst] 	283614
http://www.escort-service-nrw.com/	Escort- Service-NRW	Die Damen und Herren werden mit Bildern und Beschreibungen vorgestellt. Es wird Auskunft zu Honoraren und Leistungen gegeben und es gibt ein Buchungsformular. 	283614
http://www.owl-intim.de/	OWL-Intim	Erotik-Guide für Ostwestfalen mit Adressen und Fotos von Dominas, Hostessen und Studios. 	283561
http://www.nrwerotik.com/	NRW Erotik	Verzeichnis mit kostenlosen Anzeigen zu Clubs, Escort-Agenturen, Callgirls und Gayerotik sowie Kontakte zu Paaren und Transvestiten nach Städten sortiert. 	283607
https://frechundboese.beepworld.de/	Jandra	Privatmodel bietet zwischen Bielefeld und Hannover ihre erotischen Dienstleistungen an und präsentiert sich mit Fotos, Infos über sich und ihren Service mit Kontaktmöglichkeit. 	283617
http://www.escort-koeln.net/	Jil, Köln	Bietet Haus- & Hotelbesuche. Informiert über Preise und Vorlieben und präsentiert einige Bilder von sich. 	283617
http://www.strapsmaus-owl.de/	Strapsmaus-OWL	Das Girl stellt sich vor und gibt Informationen über Termine, Preise und Anfahrt sowie eine Bildergalerie. [D-32257 Bünde] 	283617
http://www.der-stripper.de/	Stripper Eddy	Der Partystripper präsentiert sein Repertoire, mögliche Outfits und Shows und einige Bilder. Mit Preisangaben und Hinweisen zur Buchung. 	283619
http://www.strip-events.com/	Strip-Events, Krefeld	Information zum Ablauf einer Stripshow. Bilder von Boys und Girls sowie Angabe von Preisen. Event-Bildergalerie und Bewerbungsformular. 	283619
https://stripperin-stripper.de/	007-Events, Willich	Ausführliche Informationen der Agentur zu den Strippern- und Stripperinnen sowie Leistungsbeschreibungen. Hinweise zu diversen Mottoshows und Referenzen. Buchungs,- Kontakt- und Bewerbungsformular. 	283619
http://www.kim-showservice.de/	Kim-Showservice, Essen	Die Agentur bietet professionelle Stripshows in NRW. Vorstellung der einzelnen Programme mit Referenzen und Preisen sowie Castingformular. 	283619
http://www.derpartystripper.de/	Der-Partystripper, Krefeld	Show-Fotos von Events, Bilder vom Stripper und Infos zu Mottoshows sowie vom Ablauf der Shows. 	283619
http://www.citievents.de/	Citievents, Krefeld	Veranstaltungsagentur mit reichhaltigen Informationen über das Showangebot. Vorgestellt werden einige Show-Elemente und Profile der Stripper- und Stripperinnen. Kontaktformular und Infos zu den Preisen. 	283619
http://www.opsymax.de/	Opsymax e.V, Schwerin	Vorstellung des Clubs mit bebildertem Rundgang durch die Räumlichkeiten. Hinweise zu Preisen, Spielregeln und Presse. Weitere Angebote zu Swingerurlaub, Chat und Forum. 	283620
http://www.longma-thaimassage.de/	Longma Thaimassage	Darstellung der Massagearten und Vorstellung des aus asiatischen Mädchen bestehenden Teams. 	283622
http://www.ekstase-massage.de/	Ekstase Massage	Ekstase-Massage in Friedrichshain zeigt auf der Webseite das ganze Angebot und präsentiert auch die Zimmer und Masseusinnen. Weiterhin wird über die Preise und den Service informiert. 	283622
http://www.paris-no5.de/	Paris No.5	Der kleine Massagesallon in der City West bietet einen Einblick in den Laden und stellt die Damen vor. 	283622
http://www.studiotartarus.net/	Studio Tartarus	Vorstellung der Dominas des Hauses mit Bildern und Videoclips. Mit Serviceinformationen für BDSM-Interessierte. 	283623
http://www.hartoderherzlich.com/	Hart oder herzlich	Dominastudio stellt sich mit seinen Damen vor. Außerdem Informationen über Preise, Ambiente und Equipment. 	283623
http://www.xxl-berlin.de/	XXL-Berlin	Der Homo-Shop stellt sich mit seinen Angeboten, Kino und Öffnungszeiten vor. 	283624
http://www.mchurt.eu/	Berliner Unfrei GmbH	Präsentiert werden SM-Produkte aus eigener Herstellung, unter anderem Halsbänder und Fesseln. Kontaktinformationen und Öffnungszeiten. 	283624
http://www.rush-hour-berlin.de/	Rush Hour Berlin	Der Striptease-Club bietet eine Übersicht über den Service, die Ausstattung und Räumlichkeiten und präsentiert einige Damen. Ein Video zeigt eine Show. 	283625
http://www.avarus-berlin.de/	Avarus-Berlin	Der Swingerclub informiert über Philosophie, Outfit und Konditionen. 	283626
http://www.swingeroase-zwiespalt.de/	Swingeroase Zwiespalt	Swingernclub stellt sich vor und bietet Club- und Event-Bilder sowie Preisgestaltung. 	283626
http://www.club-culture-houze.de/	Club-Culture-Houze	Vorstellung des Clubs und Veranstaltungstermine. 	283626
https://www.libertyberlin.com/	Agentur Liberty	Exclusive Adresse in Berlin. Auf der Seite präsentieren sich die Damen mit Fotos, Beschreibung und den Anwesenheitszeiten. 	283627
http://www.ginas-tango-rosa.de/	Ginas Tango Rosa Berlin	Die Modelle präsentieren sich und Ihre Dienstleitungen sowie die Räumlichkeiten, den Lageplan und die Öffnungszeiten des Bordells in Steglitz. 	283627
http://www.freudenhaus-hase.de/	Freudenhaus Hase	Berliner Laufhaus auf 3 Etagen. Neu sind Emfangszimmer auf der rechten Seite. Die Modelle werden mit Fotos vorgestellt, es gibt Infos über die Angebote und ein Gästebuch. 	283627
http://www.eventescort.de/	Club-59	Der Club in Ost-Berlin stellt sich und seine Girls vor. Arbeits- und Öffnungszeiten sowie ein kleiner Einblick ins Etablissement wird in der Website geboten. 	283627
http://www.pinup-modelle.de/	La Dolce Vita	Informiert über Öffnungszeiten, Girls und Ausstattung der Pension in Berlin Neukölln. 	283627
http://www.royalgirl.de/	Royal-Bordell	Die Seite informiert über Girls, die man in der exclusiven Adresse in Berlin treffen kann. Gewinnspiele und News werden auch angeboten. Es wird auch ein Escortservice angeboten. 	283627
http://www.fkk-artemis.de/	Artemis - FKK Saunaclub Berlin	Die Website informiert über Berlins ersten Saunaclub. Zeigt Bilder von den Räumen, informiert über Preise, Zeiten und Events. Webseite in mehreren Sprachen verfügbar. 	283627
http://www.sexy-candyshop.de/	Sexy Candyshop	Das Bordell im Berliner Süden stellt die Damen und die Räumlichkeiten vor. 	283627
http://www.caligula-berlin.de/	Bordell Caligula Berlin	Das Bordell in Berlin präsentiert seine Räume und die Damen mit Videos und ausführlicher Beschreibung. 	283627
http://www.danziger-61.de/	Maison d' envie	Webseite des Berliner Bordells in Prenzlauer Berg. Die Modelle werden vorgestellt, die Zimmer gezeigt. 	283627
https://king-george-club.de/	King-George Bordell	Das Flatrate-Bordell präsentiert die anwesenden Damen mit Fots und Video, beschreibt die Anfahrtmöglichkeiten und die Öffnungszeiten. 	283627
http://www.greta-brentano.de/	Greta-Brentano	Escort-Service in Berlin mit Vorstellung der Damen, Service und Honorar sowie Online-Formular. Die Damen sind weltweit buchbar. 	283628
http://www.caprice-escort.de/	Caprice-Escort	Die Begleitagentur bietet ihre Dienstleistungen in allen deutschen Metropolen an. Vorstellung der Damen mit Bildern und Profilen. 	283628
http://www.select-escort.de/	Agency Marketing und Consulting GbR GF F. Brandt	Escortdamen werden mit Fotos und weiteren Details vorgestellt. 	283628
http://www.goldmember-escorts.de/	Goldmember Models UG	Die Firma ist eine Begleitagentur, die freiberuflich arbeitende Damen und Herren für Begleitungen zu öffentlichen und privaten Anlässen in Berlin und München vermittelt. Die Models werden mit Bild und Beschreibung präsentiert und es wird über das Honorar berichtet. 	283628
http://www.ebonypearls.de/	Ebony-Pearls	Vermittelt farbige Escortgirls in Berlin. Die Website präsentiert die Modelle und informiert über die Konditionen. 	283628
http://www.berlinintim.de/	BERLINintim	Bordellführer mit Adressen von Clubs und Bordellen, Sexkontakten sowie Reportagen und kostenloses Videos von Girls und den Clubs. Kalender mit Gangbangterminen und Sexpartys. 	283621
http://www.rotlichtmodelle.de/	Rotlichtmodelle	Erotikportal mit Adressen von Etablissements, Massagesalons und Escortagenturen, sowie Setcards von Privatmodellen. Aktuelle Nachrichten erweitern das Angebot. 	283621
http://www.rotlichtadresse.de/	Rotlichtadresse	Nach Rubriken geordneter Rotlichtführer mit Verlinkungen zu Bordellen, Models, Clubs und Massagen. 	283621
http://www.strip66.de/	Showdienstleister, Stripagentur	Stripagentur mit vielfältigen Orientierungen über das Showangebot. Angeboten werden Showelemente und Profile der Stripper- und Stripperinnen. Künstler können sich kostenlos ins Verzeichnis eintragen. 	283621
http://www.preussensex.de/	Preussensex	Berliner Bordellportal mit strukturierter Übersicht nach Kategorien unterteilt. Bietet kostenlose Informationen über Berliner Erotikadressen. 	283621
http://www.baroness-escort.de/	Blue Jay Advertising Ltd.	Die Agentur vermittelt überwiegend Damen aus Deutschland und bietet Infos über Konditionen, Casting und Setcards. [D-10243 Berlin] 	283630
http://www.erotikfuehrer-mallorca.de/	Erotikführer Mallorca	Übersicht über Nachtclubs, Bars und Table-Dance in Mallorcas Nachtleben. Die Bordelle werden einzeln vorgestellt. 	283632
https://www.telefonsexkontakte.org/	Telefonsex Kontakte	Vorgestellt werden einige nach Themen bezogene Telefonkontakt-Nummern auch nach PLZ-Gebieten sortiert. [Deutschland, 0900] 	283437
https://www.telefonsex1.com/	Telefonsex-1	Vorgestellt werden Telefon Hotlines zu Männern, Frauen, Lesben sowie Fetisch Angeboten in Wort und Bild. [Deutschland, 0900] 	283437
http://www.transsex-charlott.de/	Transsex-Charlott	Informationen über eine transsexuelle Prostituierte mit Bildergalerie und Empfangszeiten. 	283618
http://www.club-atemlos.de/	Club Atemlos	Der private Verein für tolerante Singles und Paare präsentiert in einer Fototour die Räumlichkeiten, stellt sich kurz vor, gibt Tipps und Regeln und informiert über Programm und Preise. 	283575
https://www.magic-motion.de/	HS Systeme	Der Anbieter der Magic-Motion Fickmaschine stellt sein Sortiment vor und bietet Informationen über das Funktionsprinzip. 	283496
http://www.lovershop.ch/	A2Z Online-Marketing GmbH	Schweizer Shop bietet europaweit ein großes Sortimente an Sexspielzeug und Fashion aus vielen Bereichen der Erotik. 	283496
http://www.domina-frankfurt.net/	Domina-Frankfurt	Lady Sara stellt ihr persönliches BDSM-Verständnis, ihr Dienstleistungskonzept und die Möglichkeiten ihres Studios vor. 	283588
https://escort-high-class.de/	Amour Escort	Bietet einen weltweiten Begleitservice an. Ein Date-Kalkulator und eine Entfernungssuche ergänzen die Modelgalerie. 	283443
https://www.mollige-girls.com/	Mollige Girls	Es werden Telefonnummern von molligen Frauen angeboten. [Deutschland, 09005] 	283437
https://www.telefon-domina.org/	Telefon Domina	Verschiedene Rufnummern aus dem Fetisch-Bereich, von Domina bis hin zu Sadomaso. Beschrieben mit ausführlicher Beschreibung und Bild. [Deutschland, 0900] 	283437
http://www.target-escort.ch/	Target Escort	Die Agentur bietet ihre Dienstleistungen in verschiedenen Schweizer Städten und Europa an.  Fotos und Beschreibung der einzelnen Models mit Preisen. 	283522
http://chizmiz.net/	ChizMiz	Beiträge rund um das Nightlife auf den Philippinen, Reiseberichte, Informationen und Forum stehen zur Verfügung. 	283502
http://www.sexy-berlinmodelle.de/	Erotikportal Berlin	Berliner Modelle werden hier mit einem Foto und Beschreibung vorgestellt. 	283561
http://www.ng-escort.de/	NG-Escort	Bietet eine Auswahl an Begleitdamen in Düsseldorf und Umgebung. Informationen zu Preisen und den Damen mit Fotos. [D-40221 Düsseldorf] 	283614
http://www.ladylotus.com/	Lady-Lotus	Domina aus München stellt sich vor und gibt Informationen zum Service Unterwerfung und BDSM sowie Uniform-Fetisch. 	283563
http://www.openerotik.com/	S.A.G. Technology GmbH	Der Shop bietet ein umfassendes Spektrum aller international bekannten Hardcore-Label von Andrew Blake über Magma bis zu Videorama. Die Filme können nach Hersteller oder Genre sortiert ausgewählt werden. 	283497
http://www2.club-belami.de/v02/?mid=1	Bel Ami, München	Beschreibungen und Bilder der Nachtbar mit Andeutungen zu den Möglichkeiten für Vergnügungssuchende. 	283564
http://www.kitkatclub.org/	KitKat Club	Erotischer Disko-Club informiert über seine Veranstaltungen,Termine und hat einen Newsbereich. Auch wird ein Gästebuch angeboten. 	283625
http://www.therubberwhores.com/	Gummi-Nonne Natalia	Die Gummifetischistin beschreibt ihre Angebote für Escort in Fetisch, Domination für Gummisklaven und für Parties. Mit Bildergalerien und Eventhinweisen. 	283542
http://www.lgs6.de/	LGS-Gelsenkirchen	Einige Bilder der Räumlichkeiten des Sexshops mit Öffnungszeiten, Anfahrtsbeschreibung und Online-Shop. 	283610
http://www.bordellcommunity.com/	Bordellcommunity	Treffpunkt für Bordellgänger mit Erfahrungsberichten aus Bordellen, Swingerclubs und FKK-Clubs sowie vom Strassenstrich. 	283604
http://www.leswing.net/	Le Swing	Vorstellung der beiden Wiener Häuser mit Terminen, Bildern und einem Blind-Date-Board sowie weiteren Kontaktmöglichkeiten. 	283532
http://www.club-planb.ch/	Sauna Club Bijou	Gewährt Einblicke in die Räumlichkeiten des Hauses und macht mit den Möglichkeiten zur Entspannung bekannt. 	283517
https://www.kasteelwaterloo.nl/	Kasteel Waterloo	Schlosshotel bietet Räumlichkeiten für Swinger und erotische Partys. Infos über die Zimmer, den Service und Kontaktmöglichkeit. [NL-6040 AJ Roermond] 	283503
http://www.erospark.de/	Erospark	Beschreibung der Bordelle in Böblingen, Reutlingen und Sindelfingen mit Öffnungszeiten, Zimmerbelegung, Telefonnummern und Nationalitäten der Damen. Mit einer kleinen Knigge für Bordell-Gäste. 	283576
https://www.telefonsex.de/	Telefonsex.de	Vielfältige Anzeigen in verschiedenen Rubriken. [Deutschland, 0900] 	283437
http://www.butterfly-escort.at/	Butterfly Escort	Agentur mit verschiedenen Damen, die in Wien, Niederösterreich und dem Burgenland tätig sind. Preise und Leistungen sind aufgeführt. 	283534
http://www.queenofescort.com/	Escort of Vienna Company Ltd.	Begleitservice für Erwachsene in und um Wien. Im speziellem wird ein Tantra-Service angeboten. 	283534
http://www.swingertreff-why-not.de/	Why not	Der Swingerclub "Why not" in Bramfeld stellt anhand von Fotos seine Clubräume vor. Es gibt eine Übersicht über ein regelmäßiges Programm und Sonderevents. Außerdem ein kleiner Text über das Swingen an sich. 	283544
http://www.beneligni.com/	BeneLigni, Heinz Haese	Das Studio produziert Holzdildos auf natürlicher Basis und stellt diese online vor. 	283496
http://www.edel-dildos.com/	Edel-Dildos, Jörg Schindewolf	Der Anbieter stellt handwerklich hergestellte Dildos, Anal-Plugs und Penis-Plugs aus Edelstahl vor. 	283496
https://www.natursekt-telefonsex.org/	Natursekt-Telefonsex	Es werden Telefonnummern von Frauen die auf Pinkelspiele stehen vorgestellt. [Deutschland, 09005] 	283437
https://www.premium-fetisch-telefonsex.de/	Premium-Fetisch-Telefonsex	Telefonerotik mit Service-Rufnummern für Fetischisten sowie Dominas welche direkt erreichbar sind. Außerdem Ausführliche Blogs- und Webupdates. [Deutschland, 09005] 	283437
https://www.telefonsexdomina.ch/	Telefonsexdomina	Es werden Service-Rufnummern zu Dominas, Sklaven und Sklavinnen angeboten. [Schweiz, 0906] 	283437
http://www.owlerotik.de/	OWL-Erotik	Erotik-Portal für die Region Ostwestfalen-Lippe mit Adressen und Bildern aus dem Rotlicht-Gewerbe. 	283561
https://www.telefonsex-sklavin.net/	Telefonsex Sklavin	Präsentiert werden Servicenummer aus dem SM-Bereich und Telefonerotik über Telefonerziehung. [Deutschland, 09005] 	283437
http://www.dvderotik.com/	DVD-Erotik	Es wird ein Angebot an Filmen und Magazinen aus dem Erotik-Bereich nach verschiedenen Videolables vorgestellt. 	283497
http://www.kondomotheke.de/	Adloran Web Solutions Ltd.	Es wird ein breites Sortiment an Kondomen angeboten und weitere Informationen über Nutzung und Materialkunde. 	283487
https://www.blacksquirrel.shop/	Klauser Online-Versand	Der Schweizer Shop bietet ein umfassendes Sortiment an Sextoys und Unterwäsche für Schwule. 	283490
https://www.erotikline.org/	Erotikline	Es werden verschiedene Erotik-Telefonnummern Angebote aus verschiedenen Bereichen inklusive ausführlicher Beschreibungen mit Bildern vorgestellt. [Deutschland, 09005] 	283437
http://www.happyescorts.com/de/	PSP Global Ltd.	Das Escort-Verzeichnis stellt europaweit Agenturen und Begleiter in 40 Sprachen vor und bietet umfangreiche Suchfunktionen. 	283443
http://www.dessous2you.com/	Dessous2you, Jens Weisleder	Übersichtlich präsentiert werden Accessoires, Corsagen und Korsetts sowie Fashion und  Kostüme. 	283491
http://www.target-escort.at/	Siemaet S.L	Target Escort Agentur bietet  Dienstleistungen in verschiedenen Städten in Österreich und Europa an und informiert über über Ladys und Honorar. 	283534
http://www.vitamin6.de/	Manuel und Nikolas Klöffel GbR	Es wird Erotikspielzeug von verschiedenen Herstellern angeboten, unter anderem Fun-Factory. 	283496
http://www.content.de/	Content	Neben herkömmlichen Texten bietet die Firma auch erotischen Textcontent an. Informationen zu den Serviceleistungen. 	1012935
http://www.halle-sex-erotik.de/	Halle-Sex-Erotik	Vorstellung von einigen Frauen und des Ambientes sowie Übersicht zu Preisen und Anfahrt. [D-06110 Halle] 	283598
http://www.strip-hamburg.de/	Stripper-Hamburg	Bei dieser in Hamburg ansässigen Agentur kann man sich männliche und weibliche Stripper bestellen. Neben dem Raum Hamburg werden auch noch einige andere Bundesländer bedient. 	283540
http://www.edelholzvibrator.de/	Edelholzvibrator, Christian Resch	Der Anbieter von Holzvibratoren, Dildos und Holzplugs stellt seine Artikel in Wort und Bild vor. 	283496
https://telefonsex.live/	Telefonsex.Live	Telefonsex mit privaten Amateuren. Kategorisierte Rufnummern werden geprüft und dann erst eingestellt. [Deutschland, 0900] 	283437
http://www.erosveneziani-shop.de/	Sineros Versandhandels GmbH & Co KG	Eros Veneziani-Underwear stellt seine Dessous für Sie und Ihn übersichtlich gestaltet vor. 	283491
http://www.salonpankow.de/	Salonpankow	Zimmer Vermietung mit Vorstellung des Ambientes und der Huren. 	283627
https://mysexydate24.com/	MySexyDate24	Verzeichnis mit Anzeigen aus Deutschland von Frauen, Männern, Transsexuellen und Bordellen. Außerdem Forum und Wiki über verschiedene Themen. 	283538
http://www.telefonsex20.net/	Telefonsex20	Vorgestellt werden deutsche- und österreichische Nummern für Telefonerotik aus verschiedenen Sparten. [Deutschland, 0900] [Österreich, 0930]  	283437
http://www.telefonsex-world.de/	Telefonsex-World	Telefonnummern zu vielfältigen Themen wie Natursekt, Teens und Kaviar. [Deutschland, 09005] 	283437
http://www.telefonsex-vision.com/	Telefonsex-Vision	In Kategorien untergliederte Telefonnummern-Angebote mit Beschreibungen der Girls. [Deutschland, 09005] 	283437
http://www.sineros.de/	SinEros Versandhandels GmbH & Co.KG	Shop mit überwiegendem Angebot an Dessous, Sextoys und Drogerieartikeln sowie Büchern.  	283496
http://www.escort77.berlin/	Escort77	Service welcher Bilder und ausführliche Beschreibungen der Callgirls sowie Preise präsentiert. 	283628
http://www.totalclub-osnabrueck.com/	Totalclub-Osnabrück	Swingerclub mit Informationen zu den Angeboten und Veranstaltungen sowie ein Überblick zum Ambiente und Preise. 	283552
http://www.we-love-toys.de/	WLT Online Services UG	Übersichtliches Artikelangebot an Lovetoys, Gleitmitteln und Fetischartikeln sowie Wellness- und Sparpakete. 	283496
https://www.fkk24.de/	FKK24.de	Bietet einen Überblick über Wellnessoasen und Saunaclubs in Deutschland, Österreich und der Schweiz. 	283538
http://www.strapseria.de/	Engel&Kuehl GbR	Die Firma Strapseria stellt eine Artikelsortiment an Dessous, Lingerie oder Accessoires vor. 	283491
https://www.atelier-mystique.at/	Atelier-Mystique	Die Location in Wien für Fetisch, Fotos und BDSM stellt die Räumlichkeiten für Veranstungen und Vermietung vor. Außerdem werden Gäste und Betreiber-Dominas vorgestellt. [A-1120 Wien] 	283528
https://www.telefonsex-anzeigen.net/	Telefonsex Anzeigen	Es werden Erotik-Telefonnummern in verschiedenen Kategorien inklusive ausführlicher Beschreibungen mit Bildern vorgestellt. 	283437
http://lady-tanja-hamburg.de/	Lady Tanja	Tanja stellt ihre Dienste und ihr Atelier vor. Sie ist in verschiedenen Kostümierungen zu sehen. Außerdem gibt es für jeden Service eine ausführlichere Beschreibung und einen schon seit 2009 gepflegten Blog über ihre Erfahrungen als Domina. 	283542
http://geiz-club.com/	Geiz-Club	Die Räume werden anhand von Fotos vorgestellt, die Damen sind zusätzlich zu den Fotos auch auf Videos zu sehen. Es gib einen niedrigen Pauschalpreis ähnlich wie in anderen Läden nach dem Geiz-Konzept. 	283545
http://www.angel-elite-escort.de/	Angel Elite	Verzeichnis für Escortservice, Begleitservice und Hostessen sowie Callgirls. 	283443
https://www.telefonsex.ch/	Telefonsex.ch	Großes Telefonsex Portal mit diversen Anzeigen. [Schweiz,0906] [Deutschland, 0900] [Österreich, 0930] 	283437
http://www.bdsm-domizil.de/	EUFORY	Ein BDSM-Apartment auf 70qm in Hamburg mit großem Wohn- und Spielbereich. Auf dieser Webseite kann man ein Apartment speziell für BDSM mieten. Typisches Zubehör ist vorhanden, Partner/in muss selbst organisiert werden. 	283540
http://www.lila-lust.com/	Lila Lust	Listet Anzeigen von Berliner Modellen auf. 	283561
http://www.ladydolora.com/	Lady-Dolora	Präsentiert das Studio in Ludwigshafen nebst Vorstellung der Herrinnen und Sklavinnen und einer Auflistung der Möglichkeiten für praktizierende SM-Freunde. 	283582
https://traumboys.eu/	Traumboys	Das Gay-Callboy Escort Team Traumboys bietet In-House wie Out-Calls an sowie Reisebegleitungen. Die aktuelle Auswahl der Jungs wird vorgestellt und ein Livechat für Anfragen steht zur Verfügung. [D-50827 Köln] 	283614
https://www.camworld.tv/	Camword.tv	Portal mit kostenpflichtigen Telefonerotik-Angeboten und externen Livecams sowie Telefonnummern zu verschiedenen Damen ohne Cam. [Deutschland, 0900][Österreich, 0930] 	283437
https://www.dirty-telefonsex.com/	Dirty-Telefonsex	Neben deutschsprachigen Telefonnummern werden auch erotische Geschichten, Videoclips und Erklärungen sowie lustiges und kurioses zum Angebot vorgestellt. [Deutschland, 0900] 	283437
http://www.omello.de/	Omello	Es präsentieren sich großteils reifere und  vollbusige Privatmodels mit Bildern und Beschreibung.  	283629
http://www.citysex.de/	Citysex	Ein Anzeigenportal, auf dem Sexarbeiterinnen ihre Dienstleistungen anbieten können. Mit Suchmaschine und Sortiermöglichkeit nach bspw. Aktualität: Neuzugänge und "Letzte Chance". 	283540
http://www.fkk-hh.de/	FKK Romeo	In diesem Etablissement in Hamburg-Bergedorf finden sogenannte FKK-Parties statt. 	283545
http://www.sensual-massage-berlin.de/	Sensual Massagen Berlin	Website des Berliner Massagesalons informiert über Masseurinnen, Leistungen, Öffnungszeiten und Ambiente.  	283622
http://www.anni-porsche.de/	Anni Porsche	Informiert auf ihrer Seite über die aktuellen Termine, News und Hintergründe. 	1024272
https://www.telefonsex-ab18.com/	Telefonsex-ab-18	In vielen Kategorien gegliedertes Angebot an Telefonerotik für Deutschland, Österreich und Schweiz. [Deutschland, 0900] [Österreich, 0930] [Schweiz, 0906] 	283437
https://www.guenstiger-telefonsex.net/	Günstiger-Telefonsex	Angeboten werden verschiedene kategorisierte Erotik-Telefonnummern aus Deutschland, Österreich und der Schweiz. [Abo-Angebot] 	283437
http://www.sexy-elfen.de/	Escort  Sexy Elfen	Die Seite der Escortagentur präsentiert zahlreiche Callgirls mit Bildern und Beschreibungen.  	283628
https://www.sexy-telefonsex.net/	Sexy-Telefonsex	Deutsche und Österreichische kostenpflichtige Telefonanzeigen mit Bildern und kurzer Beschreibung. [Deutschland, 0900][Österreich, 0930] 	283437
https://www.latexcrazy.com/	LTX Produktions- und Handelsgesellschaft	Vorgestellt wird Latexmode wie Latexcatsuits, Latexkleider und Latex-Leggings. Die Firma bietet Maßanfertigung aus chloriertem Latex vom bizarren Gasmaskenanzug bis zum modischen Latex-Catsuit und stellt Informationen zur Verfügung. 	283492
http://fetisch-hof.de/	FETISCH HOF BERLIN	Website des Fetischhofes. Partylocation, Mietstudio und SM-Shop in Berlin Neuköln.  	283623
http://www.escortservice-berlin.de/	Escortservice Berlin	Die Seite zeigt  erotische und nonerotische Kleinanzeigen von Escort-Agenturen, High Class Callgirls und Escorts.  	283628
http://www.myescortberlin.com/	MyEscortBerlin	Umfassendes Angebot an jungen Frauen aus Osteuropa. Dargestellt mit Bildern, Beschreibung und Vorlieben.  	283628
http://www.opentoys.com/	S.A.G. Technology GmbH	Shopangebot für Dildos, Vibratoren und Sextoys verschiedener Art, aber auch Kondome, Gleitmittel und Fetisch-Zubehör. 	283496
https://www.telesusi.com/	Telesusi	Vorstellung mehrerer Mehrwertnummern aus verschiedenen Bereichen sowie kostenpflichtige Webcams. [Deutschland, 0900] 	283437
https://www.sextelefon-24.com/	Sextelefon-24	Telefonsex ohne 0900 Nummern mit privaten Frauen aus Deutschland, Österreich und der Schweiz. Im weiteren Angebot wird eine Flirtline mit Callback-Service vorgestellt. 	283437
http://www.ladyfever.de/	Ladyfever	Redaktionell gepflegtes angebot zum Thema Escorts-Agenturen sowie Callgirls und Clubs. 	283630
http://www.tentadis.com/	Tentadis.com	Sexshop online con miles de productos eróticos. Envíos discretos en 24 horas, a toda España. 	282883
https://www.funfactory.com/	FunFactory GmbH	Produkte aus eigener Herstellung, vorwiegend Produkte aus Silikon, sind nach Händlerregistrierung online anzeigbar und bestellbar. 	283439
http://www.mallorca-escort.de/	Mallorca Escort Service	Kleines Angebot an Escort Ladies für Geschäftsleute und Alleinreisende. 	283632
http://kryptonescort.de/	Krypton Escort	Die Agentur vermittelt deutschlandweit Studentinnen. Auf der Webseite werden Profile und Buchungsinformationen präsentiert. 	283628
http://salon-prestige-berlin.de/	Salon Prestige	Die Adresse empfiehlt sich mit Bildern und beschreibt die Damen und das Ambiente. Informationen zur Anfahrt und Öffnungszeiten. 	283627
http://insomnia-berlin.de/	Insomnia Erotic Nightclub	Der Pärchenclub wird präsentiert. 	283626
https://www.telefon-sex.net/	Telefon-Sex.net	Interviews mit Telefonerotik Girls, kostenlose Geschichten und diverse Telefonsex Angebote nach Kategorien sortiert. [Deutschland, 0900, Auskunftsnummer] [Österreich, 0930] 	283437
https://www.telefonsex.net/	Telefonsex.net	Übersichtlich gestaltete Telefonerotik-Angebote in diversen Kategorien. [Deutschland, 0900, Auskunftsnummer] [Österreich, 0930] 	283437
https://www.beh-ev.de/	Bundesverband Erotik Handel BEH e.V.	Der Verband stellt sich, seine Mitglieder und den Vorstand sowie seine Satzung vor. Er bietet Informationen zum Jugendschutz, E-Commerce und Versandhandel. 	283436
https://www.livetelefonsex.com/	Livetelefonsex	Telefonsex zu 12 verschiedenen, erotischen Themen und kostenlose Bildergalerien, sowie Links zu anderen kostenpflichtigen Angeboten.[Deutschland, 0900] 	283437
https://www.telefonsex-luder.net/	Telefonsex-Luder	Portal für Telefonsex mit verschiedenen Kategorien und Angeboten für Deutschland. 	283437
https://www.telefonsexanzeigen.net/	Telefonsexanzeigen.net	0900 Telefonsex-Angebote aus den Kategorien Girls, Gays und Fetisch. 	283437
https://www.beianrufsex.xyz/	Beianrufsex	Telefonerotik-Portal mit Vorstellung der Telefongirls, Fotos der Girls und Profile. Livecam kann kostenlos zugeschaltet werden. [Deutschland, 0900] 	283437
https://www.erotik-telefon.net/	Erotik Telefon	Übersichtlich gestaltetes Erotiktelefon Angebot mit verschiedenen Kategorien sowie Angeboten wie Livecams, Geschichten und SMS-Chats. 	283437
https://www.telefonsex-hotline.net/	Telefonsex-Hotline	Es werden verschiedene Kategorien aus dem Telefonbereich mit ausfürhlicher Beschreibung und Bild vorgestellt. 	283437
https://www.telefonsex.wiki/	Telefonsex.wiki	Erläuterungen und Informationen zum Umgang mit Telefonerotik. Anleitung für Prepaid-Zahlung und Hinweise für den Webcamgebrauch. 	283437
https://www.kondomz.de/	Condozone	Angebot und Verkauf von Kondomen für Männer und Frauen sowie Gleitgels. 	283487
https://www.fleshlight.eu/	Fleshlight International S.L.	Informationen über Fleshlight ein Sexspielzeug für Männer. Es werden biegsame Masturbationseinsätze bestehend aus einem patentierten, hochwertigen Material Real Feel Super Skin vorgestellt die das Gefühl einer Penetration wiedergeben. 	283496
https://www.erotikexpress.com/	Erotikexpress	DVD- und Videovertrieb aller international verfügbarer Label. Die Filme werden mit Detailinformationen wie Laufzeit und Darstellern präsentiert. Desweiteren wird eine Übersicht der Akteure mit Lebenslauf geboten. [British Virgin Islands] 	283497
http://www.purzel-video.com/	Purzel-Video GmbH	Die Firma produziert und vertreibt Erotikvideos in deutscher Sprache. Titel der Serien sind kategorisiert einzusehen. 	283497
https://www.madame-sanders.at/	Madame Sanders	Domina aus Wien präsentiert sich mit einem Potrait über sich, ihre Zofe und das Studio. Auch wird eine Fotogalerie, Preisliste und Kontaktmöglichkeit angeboten. 	283528
https://www.casabianca.at/	Casa Bianca Innsbruck	Das Nachtlokal zeigt einen Überblick über die Dienstleistungen und informiert über die Öffnungszeiten. 	283530
https://escortservice-international.com/	ESI Consulting LTD	Escort-Service International mit Vorstellung der Models in Wort und Bild sowie Hinweise zu Rollenspiele am Telefon. 	283630
http://www.sadomaso-kontakte.com/	SM-Termine	Veranstaltungstermine zu SM, Fetisch und BDSM in Deutschland mit Suchmaschine und Infos zu Partys, Stammtische und Workshops. 	283437
https://www.kay-escorts.com/	Kay-Escorts	Escortservice Agentur mit Sitz in Frankfurt stellt sich vor und bietet ein Online-Formular zur Buchung und Informationen über die Begleiterinnen. 	283630
http://www.bahiahot69.com.ar/	Bahiahot69 Sexshop online	Nos dedicamos a la venta online de juguetes eróticos, feromonas, disfraces, lubricantes, artículos de sado y todo lo que necesites para innovar y experimentar nuevas sensaciones. 	282883
http://lamaletajuguetona.com/	La Maleta Juguetona	Juguetes para disfrutar a solas o en pareja,nos dedicamos a la venta de productos eroticos y lenceria,hacemos reuniones de tuppersex. 	282883
http://www.japijane.cl/	Japi Jane	 	282883
http://www.sexycalia.com/	Sexycalia	Sexshop en Madrid.Venta de juguetes, lencería y cosmética para adultos. Venta online y reuniones tuppersex. 	282883
http://www.diepenispumpe.de/	Die Penispumpe	Es finden sich Informationen zum Thema Penispumpe, wie diese funktionieren und Beiträge auf was man achten sollte. 	283496
http://www.realdoll24.de/	Realdoll24, itrado GmbH	Der Anbieter ist spezialisiert auf Mastubatoren und Liebespuppen für Männer und bietet darüber vielfältige Informationen. 	283496
https://telefonsexkontakt.com/	Telefonsexkontakt.com	Private Kontakte zu Frauen über Festnetz- und Handy-Hotlines. Mehrwertnummern für Deutschland, Österreich und der Schweiz. 	283437
https://www.telefon-sex.tel/	Telefon-Sex.tel	Es wird eine Übersicht zu verschiedenen Angeboten der Telefonerotik zur Verfügung gestellt. [Deutschland, 0900] 	283437
http://www.rubias19.com/	Rubias 19 años	Fotos de chicas amateurs, más concretamente de chicas rubias. 	282908
http://www.anarkasis.com/inspirame/betty/	Betty Page	Quien es Betty Page? 	283002
http://www.destruccion-anal.com/	Destrucción Anal	Fotos de jovencitas penetradas analmente.[dialer,membresía] 	283035
http://www.destruccionanal.com/	Destruccion Anal	Fotos de sexo anal fuerte. 	283036
http://www.porno.es/	Porno gratis en español	Fotos no profesionales de sexo en español actualizadas a diario. 	283117
http://www.fotosprivadas.com/	Fotos privadas	Fotografías de chicas, chicos y parejas no profesionales. 	283117
http://www.canal18.com/	Canal18	Web erótica con sexshop.[dialer,membresía] 	283118
http://www.sexole.com/	Sexole	Fotos, chats, revistas y videos eróticos.[dialer,membresía] 	283118
http://www.parisvoyeur.com/	París Voyeur	Sitio francés en español con galerías especializadas. [dialer,membresía] 	283017
http://www.petardas.com/	Petardas.com	Fotos y videos porno nuevos cada día en diferentes categorías distintas: folladas, mamadas, jovencitas y tríos. 	283126
http://www.morbototal.com/	Morbo Total	Galerías de fotos variadas, videos, contactos y secciones de compras. 	283126
http://www.orgasmatrix.com/	Orgasmatrix	Fotos y videos porno. Dispone de noticias sobre el mundo del sexo. 	283126
http://www.solosexogratis.com/	Solo sexo gratis	Fotos xxx y videos porno. 	283126
http://www.pornoterapia.com/	Pornoterapia	Variadas galerías de fotos y videos porno. 	283126
http://www.anarkasis.com/inspirame	Inspirame	Erotismo variado desde un punto de vista diferente. 	283126
http://www.bagdad.com/	Bagdad	Sexo en vivo con chicas y parejas desde Barcelona y vídeos pornográficos de su famoso pornoshow.[Membresía] 	283127
http://www.desnudaonline.com/	Desnuda On Line	Mujeres bellas, un contenido variado.[membresía] 	283127
http://www.chistescalientes.com/	ChistesCalientes.com	Chistes clasificados por categorías sólo para adultos. 	283131
http://www.yonkis.com/	Yonkis.com	Dispone de contenido humorístico sexual, videos, webcams y enlaces. 	283131
http://www.pajarracos.es/	Pajarracos.es	Web de humor: noticias curiosas, chistes e imagines graciosas. 	283131
http://www.taniaprometeo.com/	Tania Prometeo	Travestís en Bilbao. Catálogo con fotos y número de teléfono del personal, instalaciones, novedades y contacto. 	1013258
http://www.girlsbcn.net/	Girls BCN	Escorts independientes. Presentación, book de las chicas y tarifas. 	1013258
https://www.photoescorts.com/	PhotoEscorts	Catálogo de escorts clasificado por regiones de la península.  Fotos, tarifas, contacto y buscador de chicas. 	1013258
http://www.erosguia.com/	Erosguia	Información de escorts en español. Más de 250 escorts en una guía con todos sus datos para poder contactarlas. 	1013258
http://www.despedidasolterogranada.com/	Despedidas de Soltero Granada	Organizacion integral de despedidas de soltero y de soltera en Granada. Restaurantes, animación, desplazamientos y alojamiento. 	283151
http://www.factormujer.com/	Factormujer	Sexshop orientado al público femenino. Catálogo productos, promociones y localización. 	283151
http://www.salatrivial.com/	Sala Trivial - Ambiente Liberal	Ambiente liberal para parejas en Madrid. Disponemos de sauna, jacuzzi, privados, zona oscura, zona naturista. 	1013531
http://www.lasincreibles.com/	Las Increibles	Acompañantes y escorts en bogota. Damas de compañía, masajistas, modelos prepago. Fotos y tarifas de las chicas. 	283156
http://www.prepagosbogota.com/	Prepagosbogota	Agencia de acompañantes que propone servicio de escorts de alto nivel. Catalogo y tarifas. 	283156
http://www.fierywoman.com/	Fierywoman.com	Propone escorts y acompañantes vip, discretas, complacientes, ardientes, chicas, damas de compañía. 	283156
http://www.sexshop.com.mx/	Sex Shop México	Tienda en línea con videos, accesorios, lencería, revistas, películas y CDs. Secciones de enlaces, descargas y galerías de fotos. 	283160
http://sexoensanluispotosi.blogspot.com/	Sexo en San Luis Potosí	Blog con recomendaciones y comentarios sobre el sexo en la capital del estado. Incluye evaluaciones de sexoservidoras, masajistas y sus servicios, así como noticias, teléfonos de contacto y fotografías. 	283161
http://www.pasionliberal.com/	Swingers Mexico	Portal de anuncios swinger para disfrutar de sus fantasías al máximo. 	283162
http://www.americasexshop.com.ar/	America Sex shop	Sex shop online, entregas a todo el pais, atencion las 24 hs. 	283166
http://www.extasy.com.ar/	Extasy Collection	Sex Shop on line. Variedad de productos, juguetes para adultos y lencería erótica. 	283166
http://www.tacosaltos.com/	TacosAltos	Propone escorts y acompañantes, travestís y maduras. 	283169
http://www.soytuyo.com/	Soy tuyo	Guía de escorts masculinos. Fotografías y contacto. 	283169
http://www.todomasajes.com.ar/	todomasajes	Listado con fotos de masajistas y escorts. 	283169
http://www.laescala.com/	La  Escala	Lencería, vibradores, prótesis y otros productos de sex-shop en Mar del Plata. 	283167
http://www.masajes.com.ar/	Masajes	Masajistas en Buenos Aires. 	283167
http://www.todomasaje.com.ar/	Todomasaje.com.ar	Guía de masajistas de Bs. As. Terapéuticos, Sensuales y Spa 	283167
http://www.contactossex.com/	Contactos Sex	Sitio de contactos con perfiles y mensajero. [Requiere registrarse] 	283164
http://www.g4me.com.ar/	G4me	Sitio gay de contactos personales. 	283164
http://www.gayperu.com/	Gay Perú	Portal de gays, lesbianas y bisexuales del país. 	283171
http://www.angelfire.com/ok/ChileEnPelota/	Chile en Pelota	Hecha por santiaguinos dirigida a la difusión, dateo e intercambio de topless, cabarets y night shows de la ciudad de Santiago. 	283173
http://www.joc.cl/	Joc	Pintura digital, desnudos, fotografía, diseño web, Flash y arte digital chileno. 	283173
http://www.carlaantonelli.com/	Carla Antonelli	Portal sobre la transexualidad. Fotografías, operaciones de cambio de sexo, biografía, noticias trans, enlaces y famosas. 	283183
http://foro.cochinillas.com/	Foro de Cochinillas.com	Con tópicos de relatos de sexo, chistes y contactos. 	283185
http://www.forosx.com/	Foros X	Intercambio de comentarios sobre agencias y servisios de acompañantes en España. 	283185
http://www.doctoramor.com/foro/showthread.php?t=25286	Foro de fantasías	Discusión y aportaciones de experiencias personales por los usuarios. 	283189
https://www.sexoafectivo.com/	Sexoafectivo.com	Portal de educación afectivo sexual: posturas, masturbación, disfunciones, salud, juegos y problemas. 	283184
http://www.chez.com/uthopie/esp/laciudad.htm	La ciudad cuyo príncipe es un adolescente	Homosexualidad en la adolescencia. Artículos, galerías fotográficas, textos divulgativos, club de contactos. 	283194
http://www.bogotagay.com/	Bogotá Gay	Portal con información, noticias, clasificados, chat y una sección sobre cultura y arte. 	283194
http://depravario.blogspot.com/	Depravario	Historias, opiniones y fantasías de un hombre gay. 	283194
http://www.gayvalencia.org/	Gay Valencia	Chat, guía y agenda cultural y de ocio para la comunidad. Acceso directo al canal, normas, foro y contactos. 	283194
http://www.entrenos.com.ar/	Entrenos Swinger	Filosofia y cultura swinger, chat y notas sobre este estilo de vida. Requiere registrarse. 	283196
http://www.parejas.net/	Parejas	Guía para los que deseen iniciarse. Contactos, fotografías, relatos, consejos, chat y webcam. 	283196
http://www.parejasliberales.com/	Parejas Liberales	Dedicado al tema, fotos de amateurs, relatos y centros de reunión. 	283196
http://www.swingerslatino.com/	Swingers Latino	Comunidad liberal en América Latina que contiene mensajería, chat, grupos y foros. 	283196
http://www.angelfire.com/al2/solucionsex/	Soluciones Sexuales	Asesoría gratuita via e-mail para problemas sexuales. 	283197
http://www.seduccion-rapida.com/	Seducción Rápida	Consejos para conquistar a las mujeres, arte y mitos erróneos. 	283197
http://www.parejas.com/	Parejas	Contactos para parejas. Tablón de anuncios para intercambios. 	283199
http://www.angelfire.com/biz6/dexterv/home.html	La Web de DeXter	La Web de DeXter, Página Personal BDSM de DeXter Voll Damm. 	283202
http://www.angelfire.com/realm/cadenasyrosas/	Cadenas y Rosas	Página educativa con información sobre relaciones D/s y BDSM en general. 	283205
http://www.wwsado.com/	WwSado	Fotos, chats, así como zona de contactos, ofrecen autenticos shows de sado en vivo. 	283201
http://partouze.netpass.tv/	Partouze	Vidéos de partouzes, gang bang et baise à trois. [Netpass] 	284173
http://missfellation.netpass.tv/	Miss fellation	Plusieurs photos de modèles pratiquant la fellation, accès à un système de vote pour chacune d'entre elles. 	284178
http://webcamx.free.fr/	Sex positions	Quelques couples visitant les pièces d'une maison. 	284182
http://sexe-en-couple.netpass.tv/	Sexe en couple	Plusieurs galeries photos de différents couples. [Netpass] 	284183
http://sodomie.netpass.tv/	Sodomie	Photos et vidéos de sodomie bien profonde. 	284187
http://www.vosfemmes.com/	Vos femmes	Annonces et pages personnelles de femmes et couples (accès soumis à conditions). 	284194
http://www.tous-a-poil.com/	Tous à poil	Communauté d’amateurs qui s’exhibent en photo. 	284194
http://www.la-plus-grosse.com/	La plus grosse	Exhibitions exclusivement masculine et amateur sous forme d’un concours de photos de pénis. 	284194
http://www.minouxxx.com/	Minouxxx	Photos de femmes qui exhibent leur sexe. 	284194
http://www.smartpleasure.canalblog.com/	Smart Pleasure	Espace dédié à la contributions photos et vidéos d'amatrices et amateurs. 	284194
http://exhib-toi.forumperso.com/	Exhibe toi	Forum consacré à l'exhibition, où les membres affichent leurs photos, leurs demandes et fantasmes. 	284194
http://www.jeune-etudiante-nue.com/	Jeune étudiante nue	Plusieurs galeries de photos d'une jeune femme Sophie. 	284196
http://miss.salopes.free.fr/	Miss Salopes	Plusieurs jeunes femmes se dévoilent à travers différentes galeries de photos. 	284196
http://www.jeunes-femmes-russes.com/	Jeunes femmes russes	Six galeries des jeunes femmes russes. 	284196
http://www.jolie-fille.com/	Jolie Fille	Photos gratuites de filles de l'Est en passant par le sang chaud de celles d'Afrique du Nord et de l'Orient. 	284196
http://jeunes-cochonnes.netpass.tv/	Jeunes cochonnes	Plusieurs jeunes modèles se dévoilent à travers différentes galeries de photos, dans différentes positions.[Netpass] 	284197
http://www.belle-sabrina.com/	Belle Sabrina	Une jeune femme de 19 ans se dévoile à travers plusieurs galeries de photos. 	284198
http://www.free-x-movies.com/	Free x movies	Accès à plusieurs petites et moyennes vidéos, ainsi que des vidéos payantes. 	284200
http://blogdecul.org/	Un Blog de cul	Des vidéos X entrecoupées d'histoires érotiques. 	284200
http://www.strip-webcam.com/	Strip webcam	Des centaines de vidéos de striptease amateur par webcam. 	284200
http://merimin.free.fr/	Mérimin	Des mini vidéos glanées sur le Net à télécharger. Une liste de tags permet de faire des recherches précises. 	284200
http://www.mesvip.com/	Mes Vip	Extraits vidéos gratuits en steaming, classés par catégorie. 	284200
http://www.mustvideos.com/	Must videos	Publie quotidiennement de vidéos réalisées par des amateurs du monde entier. 	284200
http://fr.yuvutu.com/	yuvutu	Vidéos amateur gratuites à voir en streaming. 	284200
http://www.webcam-amateur-sexy.com/	Webcam Amateur Sexy	Sélection de vidéos de webcam amateur avec des mises à jour régulières. 	284200
http://www.vporno.tv/	VPorno.tv	Propose une sélection de vidéos gratuites mis à jour quotidiennement avec de nombreuses vidéos françaises et amateurs. 	284200
http://leslesbiennes.netpass.tv/	Les lesbiennes	Accès à différentes vidéos de lesbiennes, avec ou sans gode. [Netpass] 	284201
http://www.video-scene.netpass.tv/	Vidéo scène	Une archive de vidéos hardcore disponible. [Netpass] 	284201
http://jemegode.netpass.tv/	Je me gode	Archives vidéos de filles qui se masturbent et se godent. [Netpass] 	284201
http://sexefutur.netpass.tv/	Sexe Futur	Une archive orientée jeunes femmes seules ou scènes hardcores. [Netpass] 	284201
http://gorovideos.netpass.tv/	Goro	Une très grosse archive couvrant une dizaine de catégories variées. Mise à jour régulière. [Netpass] 	284201
http://salopes.netpass.tv/	Les petites salopes	De jeunes et belles canadiennes parlant français mises en scène. [Netpass] 	284201
http://www.videos-hardcore.netpass.tv/	Vidéos Hardcore	Des séquences de vidéos de jeunes femmes hardcores. Des thématiques originales comme rasage et godage. [Netpass] 	284201
http://madamemature.netpass.tv/	Madame mature	Vidéos hardcore de femmes mûres. [Netpass] 	284201
http://bombes-orientales.netpass.tv/	Bombes-orientales	Site destiné aux amoureux des filles typées asiatique, beurette et indienne. [Netpass] 	284201
http://positions.netpass.tv/	Positions	Clips vidéo montrant différentes techniques et positions sexuelles. [Netpass] 	284201
http://fmov.netpass.tv/	Fmov	Service de telechargement de film x sur internet avec classement thématique. [Netpass] 	284201
http://amateurs.netpass.tv/	Amateurs	12 videos réelles d'amateur à télécharger. [Netpass] 	284201
http://baisemoi.netpass.tv/	Baise Moi	Archive de plus d'une vingtaine de videos de pipes, baises et éjaculations à télécharger [Netpass] 	284201
http://supersalopes-bitches.netpass.tv/	Supersalopes	Photos et scènes vidéos hardcore à télécharger en accès payant [Netpass] 	284201
http://www.cinemasexe.com/	Cinema Sexe	Vidéos au format Divx et films complets sans censure, disponibles dans plusieurs catégories. 	284202
http://www.sexedenfer.com/	Sexe d'enfer	Archive de vidéos francophones à télécharger, en streaming ou par Iphone. [Appel surtaxé ou CB] 	284202
http://www.wsexe.com/	Wsexe	Plusieurs galeries de vidéos ainsi que des ressources payantes. 	284202
http://www.fuckforforest.com/	Fuck for Forest	Organisation à but non lucratif proposant diverses vidéos pornographiques, souvent filmées en pleine nature. Les revenus sont consacrés à des projets écologiques. [Carte bancaire] 	284202
http://www.roccosiffredi.fr/	Rocco Siffredi	Site officiel, comprend la biographie et l'actualité de l'acteur. La section membres propose des DVD à télécharger ou à regarder en streaming. [Carte bancaire] 	284202
http://www.porntour.fr/	Porn Tour	Propose mensuellement des scènes tournées avec des débutantes françaises et des professionnels. [CB] 	284202
http://www.porn.fr/	Porn	Galeries de vidéos en streaming ou téléchargement triées par thématiques. [Appel surtaxé ou CB] 	284202
http://www.myxpass.com/	Myxpass	Galeries de vidéos exclusives, en français et en haute définition. [CB] 	284202
http://www.francolive.com/	Francolive	Animatrices et hôtesses amateur qui s'exhibent en webcam, payant à la minute. 	284207
http://www.xcams.fr/	Xcams	Plateforme de spectacles érotiques en webcam, communication par chat écrit. 	284207
http://photo.online.free.fr/	Photo Online	Photos amateurs, célébrités, lingeries et autres. 	284209
http://chattes-poilues.netpass.tv/	Chattes poilues	Plus de 20 femmes à chattes poilues à découvrir. [Netpass] 	284210
http://amatricesgrosseins.netpass.tv/	Gros seins	Séries de photos de femmes aux gros seins naturels.[Netpass] 	284210
http://corsegay.free.fr/	Corse gay	Galeries photos variées et informations locales. 	284214
http://sneakersox.free.fr/	SneakerSox	Galeries pour les fans de latex, lycra et baskets. 	284214
http://www.ma-queue.com/	Ma Queue	Sur le principe du "hot or not" les visiteurs sont invités à donner leur avis sur la beauté des sexes des inscrits. Classement et profils. 	284214
http://www.pornotycoon.com/	Pornotycoon	Galeries photos et vidéos mises à jour quotidiennement, suivi des acteurs et studios du moment. 	284214
http://appart-jeremy.netpass.tv/	Jeremy	Galeries photos et vidéos d'un jeune homme et de ses amis. [Netpass] 	284215
http://xavid.free.fr/	ZeXavSite	Galeries gratuites consacrées aux pratiques exhibitionnistes de Xavier. 	284216
http://www.brazil-gay.com/	Brazil Gay	Photos et vidéos de jeunes modèles brésiliens [Kit de connexion, CB, Appels surtaxés]. 	284217
http://www.videosxgays.com/	Videos X Gays	Videos gays à télécharger [Appel surtaxé]. 	284217
http://www.menoboy.com/	Menoboy	Galeries photos et vidéos personelles d'un jeune amateur exhibitioniste [CB, Appels surtaxés]. 	284217
http://www.dvdxgay.com/	Dvdxgay	Vidéos au format RealVideo [Appel surtaxé, CB]. 	284217
http://lesbina.free.fr/	Lesbina	Photographies de jeunes femmes entres elles classés par thèmes. 	284218
http://belles.lesbiennes.free.fr/	Belles Lesbiennes	Photos de belles lesbiennes ayant un rapport sexuel. 	284218
http://www.exoteens.com/	Exo Teens	Photos et vidéos de jeunes filles exotiques. [Kit de connexion] 	284222
http://www.blackluxure.com/	Black luxure	Photos et vidéos de relations sexuelles entre blacks. [kit de connexion] 	284223
http://photos.sexe.black.free.fr/	Photos sexe black	Galeries de photos d'un belle jeune femme noire. 	284223
http://reinesnoires.free.fr/	Les reines noires	Des photos softcore de célébrités noires. 	284223
http://www.afro-dites.com/	Afro-dites	Sélection photos de filles des îles de la caraïbe. 	284223
http://www.asiatrique.com/	Asiatrique	Galeries de photos et vidéos, filles en live. [kit de connexion ou abonnement] 	284224
http://sexe.asiatique.free.fr/	Sexe asiatique	Galeries de photos X d'une jeune asiatique. 	284224
http://asiatix.netpass.tv/	Asiatix	Plusieurs photos et vidéos de jeunes asiatiques. [Netpass] 	284224
http://jeunes-asiatiques.netpass.tv/	Jeunes asiatiques	Différentes galeries photos et vidéos hardcore de jeunes asiatiques. [NetPass] 	284224
http://www.karima.com/	Karima	Galeries de photos et de vidéos de femmes d'origine maghrébine. [kit de connexion ou abonnement] 	284220
http://www.lacitedesbeurettes.com/	La cité des beurettes	Accès à 720 photos de plusieurs modèles beurettes. [Appel surtaxé] 	284220
http://yoanns.free.fr/	Laëtitia Casta et ses copines	Photographies et fonds d'écran d'actrices et modèles dont Vanessa Démoui, Gilian Anderson et Ophelie Winter. 	284226
http://www.les-stars-nues.biz/	Les stars nues	Des galeries de photos de plusieurs stars célèbres. 	284226
http://jameson.free.fr/	Jenna Jameson	Photographies et vidéos de cette actrice. 	284226
http://sabrinaricci.over-blog.net/	Sabrina Ricci Fan Blog	Fan de Sabrina Ricci, actrice et réalisatrice x française avec photos actualité et interview. 	284226
http://www.femmes-sexy-celebres.com/	Femmes sexy et célèbres	Sportives, actrices, mannequins ou chanteuses, toutes ces jolies femmes en photos. 	284226
http://celebritiespack.free.fr/	Celebrities pack	Plusieurs packs de 50 à 100 photos de stars. 	284228
http://ilovesex.free.fr/	I love sex	Galeries de photos classées par catégories. 	284230
http://www.filh.org/	FiLH	L'univers onirique et le travail de FiLH, photographe des corps. 	284230
http://framboisesexy.over-blog.com/	Framboise Sexy	Actualité du monde du X en photos et vidéos. 	284230
http://chezlinda.free.fr/	Chez Linda	Portail comprenant des galeries de photos, des vidéos [Payant], un tchat et une boutique. 	284229
http://insolite.netpass.tv/	Sexe Insolite	Photos et vidéos de sexe insolite [Netpass] 	284231
http://photosx.netpass.tv/	Photos X	Différentes galeries de photos toutes catégories. [NetPass] 	284231
http://www.dorcel.com/	Video Marc Dorcel	Présente les productions vidéos Marc Dorcel par abonnement. 	284232
http://www.pornattitude.com/	Pornattitude	Galeries de vidéos payantes via appel téléphonique ou CB. [CarpeDiem Access] 	284232
http://www.escualita.com/	Escualita	Tout sur les soirées transexuelles et transgenres. 	284233
http://www.transexuel-video.com/	Transexuel Video	La communauté transexuelle présente des photos, vidéos et histoires érotiques. De plus, un guide gratuit relatant les bons endroits pour échanger. 	284233
http://www.transexuel-photo.com/	Transexuel Photo	Galeries photos de transexuelles avec des mises à jour hebdomadaires. 	284233
http://perso.etula.com/elodie/	Elodie	56 photos softcore d'une jeune femme rousse de l'Est de la France. 	284236
http://ines23.free.fr/	Inès 23	Une femme anonyme se montre en poses soft et en couple. 	284236
http://www.missnue.com/	Miss internet seins nus	Concours miss internet seins nus. Plusieurs catégories. 	284236
http://sexyyy.free.fr/	Sexyyy	Une trentaine de photos de différentes femmes et couples. 	284236
http://www.lesgrosnichons.com/	Les gros nichons	Concours avec vote, photos et vidéos [Payant] de poitrines. 	284236
http://www.femmes-matures-sexe.net/	Femmes matures sexe	Photos de femmes matures âgées de 30 ans, 40 ans et plus. Fantasmes et sexualité  au travers de photos coquines. 	284239
http://www.charme-mature.com/	Charme Mature	Charme Mature propose des galeries photos de femmes d'experience et liens thématiques. 	284239
http://www.overboobs.com/	Overboobs spécialiste des gros seins	Plus de mille photos spécialisées dans les gros seins en consultation libre, plus trois listes de liens gratuits (tgp) aussi spécialisés dans les gros seins. 	284241
http://www.mes-seins.com/	Mes Seins	Contributions amateur de femmes qui exhibent leurs seins en photos. 	284241
http://www.jemontremesseins.com/	Je montre mes seins	Dédié aux femmes et aux poitrines et propose photos personnelles, forums de discussion et articles sur l'univers des seins. 	284241
http://laiteuses.netpass.tv/	Laiteuses	Plusieurs galeries photos d'ex-femmes enceintes aux seins laiteux. [NetPass] 	284237
http://femmeenceinte.netpass.tv/	Femmes enceintes	Plusieurs galeries photos de différentes jeunes femmes enceintes. [NetPass] 	284237
http://planeteqlot.canalblog.com/	Planète Qlot	Le blog d'un homme mûr, qui a toujours aimé passionnément les petites culottes qu'elles soient portées, exhibées, en photos. 	284237
http://www.string-arena.com/	String Arena	Contribution d’amatrices qui posent pour des photos en string. 	284237
http://www.secondskin.fr/	Second Skin	Espace communautaire destiné aux fétichistes de la seconde peau (lycra, spandex, latex, vinyle...) et qui s'articule autour d'un forum, d'une collection de galeries perso, et d'un chat. 	284237
http://red.buttock.free.fr/	Red Buttock	Histoires et illustrations du dressage d'une "ponygirl" par son maître et mari ; ressources et conseils sur les pratiques du dressage.  [AVS AdultCheck] 	284242
http://1parjour.free.fr/	Sexymarrant	Recueil de photos cocasses et sexy. 	284244
http://raideaventure.free.fr/	Moulbit	Description et vente du matériel et de la technique pour faire un moule du pénis. 	284244
http://www.universdugratuit.com/	Univers du Gratuit	Collection de vidéos humoristiques et JackAss, d'images drôles et incroyables, de blagues, de diaporamas (PPS) et de jeux en ligne. 	284244
http://www.rigolus.com/	Rigolus.com	Humour francophone, farces, vidéos, images et téléchargements. 	284244
http://whumour.free.fr/ZoneRose.php	Web humour	Blagues classées par thèmes ainsi que des vidéo et photos. 	284244
http://www.mibteam.net/	Men In Bite	Ou comment faire les fous avec en rejoignant la communauté de bite à lunettes. 	284244
http://www.confession-intime.com/	Confession intime	Différentes confessions intimes d'hommes et femmes partagées par des visiteurs. 	284246
http://revebebe.free.fr/	Revebebe	Sélection d'histoires notées par les visiteurs et classées par thèmes où auteurs. 	284246
http://www.histoires-intimes.com/	Histoires Intimes	Récits érotiques classés par catégories. 	284246
http://plaisir.over-blog.com/	Plaisir et jouissance	Weblog libre d'une libertine. Revue de presse, essais érotiques, films, surf et musique, albums photos. 	284246
http://www.annuaire-histoire-erotique.com/	Annuaire histoire érotique	Annuaire des histoires érotiques classées par genre. 	284246
http://misspelisse.canalblog.com/	Miss Pélisse	Textes et fragments érotiques : contes, fantasmes, pensées intimes, poèmes, miettes et réflexions, souvenirs et tranches de vie. 	284246
http://extravagances.blogspirit.com/	Extravagances	Roman feuilleton, nouvelles et récits à foison sur ses péchés capiteux, ou la face cachée de sa double vie. 	284246
http://www.romance-x.com/	Romance X	Histoires et romance érotique classées par genre. 	284246
http://www.qonfession.com/	Qonfession	Partager ses confessions intimes est possible désormais. 	284246
http://www.xstory-fr.com/	X Story	Espace de lecture et de partage d'histoires érotique. 	284246
http://www.histoire-sexe.net/	Histoire Sexe	Liste d'histoires classées par catégories et par le nombre de lecteurs. 	284246
http://www.journal-intime-x.com/	Journal Intime x	Textes et récits pornographiques originaux et exclusifs. 	284247
http://eroticpassion.free.fr/	Erotic passion	Récits érotiques. Possibilité de commenter et de publier. 	284245
http://arterotic63.free.fr/	Art érotic	Vision très personnelle et commentée de l'érotisme en ambiances variées (site en Flash). 	284245
http://agnes26.free.fr/	Agnès website	Histoires érotiques illustrées en images de synthèse en 3D. 	284245
http://www.systaime.com/	Systaime	Systaime : activiste web et vidéo, réalisation de vidéos et médias trash francophones. 	284245
http://www.sexmuseumamsterdam.nl/	Sexmuseum	Présentation du musée du sexe, visite virtuelle, informations pratiques. Amsterdam, Pays-Bas. 	284245
http://le-cryptographe.chez-alice.fr/	Les éditions du Cryptographe	Site d'auteurs de poésie française caustique contemporaine pour public averti. 	284245
http://cammm00.free.fr/blog/	Blog érotiques de Camille	Propose des dessins suggestifs classés par thèmes ou chronologiques. 	284245
http://annaroistxt.blogspot.com/	Ann Aroïs	La chair contre les mots, décrit avec les mots l'imaage érotique. 	284245
http://www.comxtrip.com/	Com X trip	Présentation des œuvres originales signées disponibles à l'achat, ainsi qu'un recueil de rencontres avec des femmes se découvrant au-delà de l'anonymat. 	284245
http://www.kama3d.org/	Le Kamasutra en 3D	Une trentaine de sculptures inspirées des positions du Kamasutra par Paul Servolex. 	284245
http://clodlemaire.over-blog.com/	Clodlemaire	Les dessins, les poésies et les textes érotiques de Claude Lemaire. 	284245
http://www.boilet.net/	Boilet, Frédéric	Biographie, informations sur ses projets les plus récents en France et au Japon. Couverture, esquisses de mangas. En français, japonais et anglais. 	284249
http://manga.online.free.fr/	Manga Online	Des galeries de photos, des gifs animés et quatre vidéos. 	284249
http://www.hentai-suki.com/	Moeoh	Images & parodies mangas de célèbres séries animées. 	284249
http://www.hentaiworld.fr/	Hentaï world	Plus de 350 mangas hentaï à lire gratuitement ainsi que des bd érotiques et de très nombreuses images. 	284249
http://www.hentaipowa.com/	Hentai powa	A découvrir des hentaï, des mangas, des doujinshis, galeries d'images, vidéos et jeux en ligne. 	284249
http://www.hentaibleach.fr/	Hentai Bleach	Entièrement consacré à Bleach version porno ce site propose d'autres hentaï et un espace membres payant pour télécharger des films animés. 	284249
http://www.doujin-francais.fr/	Doujin Francais	Propose des dizaines de doujins traduits en français, des galeries, des parodies et des vidéos payantes. 	284249
http://didier.bonnel.free.fr/	Bonnel, Didier	Galeries présentées par un photographe amateur basé à Lille (France). Portraits, nus et charme, tranches de temps. 	284251
http://www.art-corporel.net/	Joel, Pierre	Les travaux de l'auteur. 	284251
http://jprey.photo.free.fr/	Rey, Jean Pierre	Photos noir et blanc argentique. Exploite la chair, son sujet exclusif de recherche, de perdition, d'émerveillement. Bordeaux, Gironde (33), France. 	284251
http://www.rauzier.com/	Rauzier, Jean	Portraits de mode, charme et nus. Calendrier, modèles invités et événements. 	284251
http://www.sandrine-sauveur.com/	Sauveur, Sandrine	Les galeries de Sandrine Sauveur, photographe de Saint-Malo. 	284251
http://maverick68.bookfoto.com/	Book de Maverick68	Présentation d'un photographe amateur en Île-de-France. Portraits, lingerie, bustes, nus, en couleur et en noir et blanc. 	284251
http://www.pix-elles.fr/	Pix-elles	Gianni, photographe amateur et passionné d'images présente ses recherches photographiques et graphiques, orientées vers la photographie intimiste : attitudes et regard complice du modèle. Nice (06), France. 	284251
http://ambiance.bookfoto.com/	Ambiance	Ce travail photographique n'est pas basé sur le témoignage de la réalité, il est envisagé à l'identique de la peinture comme une composition. 	284251
http://www.visiondecharme.com/	Vision de charme	Portraits et nus en noir et blanc. 	284250
http://www.janusphoto.com/	Janus photo	Nu, portrait, et "visions étranges" : séries basées sur les thèmes du gothique, du tatouage et des arts tribaux. 	284250
http://galexia.free.fr/	Galexia	Charme,glamour,nu,érotisme. Le site impudique d'un amateur de belles photos 	284250
http://www.art-photo-salmon.com/	Art photo Salmon	Images d'Elle, nus et portraits,beauté et sensualité 	284250
http://www.pastelfoto.com/	Pastel Foto Studio	Photographies "intimistes" en noir et blanc, par Pascal M. 	284250
http://mariepaulemodele.free.fr/	Marie Paule modèle	Présente son travail de freelance. 	284250
http://declic78.free.fr/	Declic78, la Passion de la Photographie	Galerie photos de charme. 	284250
http://cyril.2306.free.fr/	Dans l'atelier...	Photographie et érotisme, réflexions masculines. 	284250
http://artpornx.free.fr/	Artporn	Phil et Marie présente leur approche photographique de ce sujet et proposent des conseils techniques. 	284250
http://contrejours.free.fr/	Contrejours	Clichés en noir et blanc de la compagne de l'auteur. 	284250
http://gabinaf.free.fr/	Gabina	Modèle et photographe tchèque. Classement par thèmes. Nombreux liens. 	284250
http://www.jpfgallery.com/	Jpf gallery	Galerie d'exposition de photographies en noir et blanc de nus féminins. 	284250
http://mannixxx.free.fr/	Fetish Pix by Mannixxx	Diego Franco de Medinaceli présente son travail de photographie fetish et de corsetier. 	284250
http://foterotik.fr/	Foterotik	Les travaux de Patrick George, domination et soumission consentie. 	284250
http://www.pbase.com/dimasebaur	Didier Guilley	Il présente son travail qui va du portrait au nu passant par les grands espaces. 	284250
http://www.tendrebulle.fr/	Tendre Bulle	Résolument artistique, ce blog présente de nombreux auteurs liés au charme, à l'esthétisme et à la beauté sous toutes ses formes. 	284250
http://tavantzis.bookfoto.com/	Portraits Nus	Un site consacré à la photographie mais aussi à l'infographie, autour de l'image de la femme, représentée nue, sans artifices. Une large place consacrée à des artistes invités. 	284250
http://www.amour-au-telephone.org/	Amour au téléphone	Service proposant dialogue érotique, des rencontes en France, Suisse et Belgique. 	284264
http://www.coquines-au-telephone.com/	Coquines au téléphone	Liste de numéros de téléphone (surtaxés) pour des dialogues érotiques. 	284264
http://www.telephone-rose-sandra.com/	Téléphone rose Sandra	Conversations érotiques par la 3g avec une hôtesse. 	284264
http://www.telephonerose.hu/	Téléphone Rose	Service de dialogue en direct via un appel surtaxé pour la France. 	284264
http://www.abime.com/eroticgame/	Le jeu de l'oie sexy	Jeu java en ligne pour deux à quatre joueurs. Règles et liste des gaes et matériel nécessaire. 	284317
http://www.joueronline.net/	JouerOnline.net	Jeux d'arcade à jouer en ligne sur les thèmes du sport, de la reflexion, du classique, du cochon et du fun. 	284317
http://www.lizaproduction.com/	Foreplay	Déroulement de ce jeu de société érotique et vente en ligne. 	284317
http://jeucalin.free.fr/	Jeu Calin	Se joue en couple, tout comme le jeu des petits chevaux.Dans tous les cas, vous devriez en sortir tous les deux vainqueurs. [Accès par audiotel] 	284317
http://www.creatiel.info/sensual-poker/	Sensual Poker	Voici un jeu de poker basé sur les règles du poker français. Il est livré avec les règles de jeux. 	284317
http://www.jeuxdesex.fr/	Jeux de sex	Jeux classés par catégories jeux hentaï, strip, arcade sexy, action sexy, sexy en 3D. 	284317
http://www.lebisou.com/	Le bisou	Jeu coquin entre amis et couples désirant découvrir les nouvelles tendances sexe du moment autour d'un jeu. 	284317
http://www.voissa.com/	Voissa	Liste de liens et ressources variées : forum, vidéos en téléchargement payant, galeries d'images, téléchargements et boutique. 	284320
http://sexy.yakoila.com/	Sexy Yakoila	Portail répertoriant des listes thématiques de liens gratuits et payants tels que des galeries d'images et des sites de vidéos. 	284320
http://www.eros-carte.com/	Eros carte	Service d'envoi de cartes postales virtuelles sexy. 	284322
http://www.top-cul.com/	Top Cul	Annuaire de sites classés par catégorie et au clic. 	284326
http://www.plaisirdesyeux.com/	Plaisir des yeux	Classement des sites x gratuit 	284326
http://www.topcharme.com/	Topcharme	Classement de sites par nombre de vote 	284326
http://www.amateurs-coquins.com/	Amateurs coquins	Liste de liens essentiellement amateurs classés au clic entrant, et liens vers diverses ressources adultes dont certaines payantes. 	284326
http://tgp.sexyrepert.com/	Sexyrepert	Liste de galeries d'images classées par catégorie ou date. 	284327
http://www.teenoo.com/	Teenoo	Liste de galeries d'images de jeunes femmes. 	284327
http://www.photos2cul.com/	Photos 2 cul	Liste de galeries photos classées par genre. 	284327
http://www.2xx.fr/	2xx	Liste de liens classés par catégories et thématiques. 	284327
http://www.meilleurdux.com/	Meilleurdux	Annuaire de liens, chat, forum et un club de rencontre. 	284329
http://www.on-veut-du-cul.com/	On-veut-du-cul	Sélection de sites adultes, 14 catégories principales proposées et regroupant du sexe généraliste ainsi que des spécialités. 	284329
http://www.roadsexe.com/	Road Sexe	Annuaire francophone de sites érotiques et pornographiques, 30 catégories, nouveaux sites et Top 10 des meilleurs sites. 	284329
http://www.yatrou.com/	Yatrou	Sites payants et gratuits classés par catégories et sélection du webmaster sous forme de captures d'écran. 	284329
http://www.sexy-nice.com/	Sexy Nice	Sexy nice propose des sites par thème, classement des  meilleurs sites, un blog intime et services associés pour adultes. 	284329
http://www.kouax.com/	Kouax	répertoire de liens et services classés et présentés par thématique. 	284329
http://www.artemixxx.com/	Artemixxx	Liens pornos classés par catégorie et proposant tous les jours une vidéo à télécharger. 	284329
http://www.luxurix.com/	Luxurix	Annuaire de sites classés par catégories. 	284329
http://www.meilleurdusexe.com/	Meilleur du Sexe	Classement annuel des meilleurs sites, classés par rubriques ainsi qu'un forum. 	284329
http://annuaire.sexetonic.com/	Annuaire Sexetonic	Annuaire de sites multicatégories. 	284329
http://www.sexe-extreme-sexe.com/	Sexe extrême	Sélection de sites BDSM, fétichistes, hétéro et homosexuels. 	284332
http://www.pornomotor.com/	Pornomotor	Moteur de recherche appuyé sur une base de données constituée par soumission. 	284333
http://www.annuairesexe.fr/	Annuairesexe	Moteur de recherche sur les sites X francophones. 	284333
http://www.wiksee.com/	Wiksee	Moteur de recherche coquin et sites de charme. 	284333
http://www.sexe-rss.com/	Sexe Rss	Moteur de recherche de flux rss adultes. 	284333
http://www.carpediem.fr/	Carpediem	Sponsor proposant un partenariat trés complet avec promotion de live-shows francophones, sites de niche, sex-shop. 	284336
http://www.xponsor.com/	Xponsor	Programme de partenariat pour la promotion des ses sites par carte bancaire et kit de connexion. Plus d'une dizaine de sites à promouvoir. Hébergement gratuit à disposition des partenaires. 	284336
http://www.gaycash.com/	Gaycash	Promotion de sites gay avec de nombreuses niches. 	284336
http://www.grizzli-edition.com/	Grizzli Edition	Plusieurs sites à promouvoir en kit, ADSL et carte bancaire. 	284336
http://www.oxone.fr/	Oxone Technologies	Solutions de micro-paiement plurimédia et kiosques. 	284336
http://www.netpass.tv/	Netpass	Système de partenariat et de vérification d'age à l'aide d'un péage par carte bancaire. 	284336
http://www.dreamstore.ch/	Dreamstore	Propose aux webmasters de mettre en place une boutique de lingerie sous forme d'affiliations. 	284336
http://stats.x-traceur.com/	X-Traceur	Statistiques gratuites. 	284338
http://webemotion.free.fr/sexypub/	SexyPub	Promotion de vos sites adulte personnels par notre système d'échange de bannières par niveaux en inscription gratuite. 	284339
http://www.kamasutra-wallpaper.com/	Fonds d'écran érotiques	Collection de fonds d'écran érotiques à télécharger au format 800 * 600 ou 1024 * 768. [Appel surtaxé] 	284340
http://www.saxodvd.com/	Saxo dvd	Ce logiciel permet le téléchargement de vidéos [Payantes] en toute sécurité avec un cryptage et un dossier caché ainsi qu'un contrôle parental intégré. 	284340
http://www.voilesdenuit.com/	Voiles de Nuit	Catalogue de lingerie classé par catégories, surtout pour elle, aussi pour lui. Paiement sécurisé. 	284342
http://www.abylis.fr/	Abylis	Vente directe de cette marque de tenues sexy. 	284342
http://www.concorde.fr/	Concorde, le supermarché du sexe	Catalogue d'articles en tous genres avec photographie, tarifs et descriptifs. Petites annonces, forum et dossier sexologique. 	284341
http://www.rimba.ch/	Rimba	Catalogue avec lingerie Rimba et articles divers. Rayon de gadgets électriques. 	284341
http://www.lamusardine.com/	Musardine (La)	Catalogue de vente avec couvertures et résumé des livres et bandes déssinées. Informations sur les points de ventes à Lyon et Paris. 	284341
http://www.zaza.fr/	Zaza	Catalogue d'articles fétischistes et BDSM dont des corsets, des livres et vidéos. Actualités et informations sur le magazine Dresseuse. 	284341
http://www.sexyavenue.com/	Sexyavenue	Conseils sexologiques, cartes postales sexys, sondages, concours photographique et vente en ligne de produits. 	284341
http://www.charmebooks.com/	Charmebooks	Librairie en ligne de livres numériques érotiques à télécharger, pour les ordinateurs ou les PDA. 	284341
http://www.iem.fr/	IEM	Catalogue de vente en ligne spécialisé gay. Sex-shop, vidéos, revues en paiement sécurisé. 	284341
http://www.sexy-boutique.com/	Secrets d'Aphrodite (Les)	Catalogue de vente en ligne, nombreux bijoux intimes pour hommes et femmes. 	284341
http://www.agayn.com/	Agayn	Sexshop gay, à noter un rayon import de DVD et K7. 	284341
http://sexxxplus.com/	Sexxx Plus	Boutique en ligne offrant DVD, jouets érotiques et lingerie.  Paiements sécurisés et discrétion dans les envois. 	284341
http://www.love-to-love.com/	Love to Love	Catalogue en ligne d'articles érotiques pour couples ou femmes célibataires. Propose des jouets intimes, des produits pour le corps, des accessoires, des jeux ainsi qu'une collection de luxe. 	284341
http://www.emotion-paris.com/	Emotion Paris	Boutique offrant une ligne d'objets sexuels luxueux et raffinés, façonnés en matières nobles, voués à l'intimité et au plaisir de la femme et de son complice. 	284341
http://www.pimentrose.biz/	Piment Rose	Vente d'objets coquins pour femmes et couples.  Section forum de discussion et blog. 	284341
http://www.chambre69.com/	Chambre 69	Boutique en ligne de jouets intimes et de lingerie sexy.  Conseils prodigués sous forme de guide. Paiement sécurisé. 	284341
http://www.senkys.com/	Senkys	Vente en ligne d'articles de sexshop, comprenant des produits sex-toys, lingerie sexy, DVD, bien-être, ainsi qu'un espace gay. 	284341
http://www.erosetcompagnie.com/	Éros et Compagnie	Boutique virtuelle qui offre des produits érotiques pour elle, pour lui et pour le couple. 	284341
http://www.leelove.ca/	Lee Love	Boutique érotique offrant en ligne sa gamme de produits pour adultes.  Propose également des démonstrations d'accessoires érotiques à domicile. 	284341
http://www.sensationsplus.com/	Sensations Plus	Boutique érotique offrant en ligne des jouets intimes pour femmes, hommes et couples.  Offre également de la lingerie et des DVD. 	284341
http://www.desiretpassion.com/	Désir et Passion	Boutique pour adultes offrant une gamme complète de produits intimes dont des accessoires, des lotions et des jeux. 	284341
http://www.seduction.ca/	Seduction	Boutique pour adultes offrant jouets érotiques, DVD, lotions et lubrifiants. Magasins situé à Toronto ainsi qu'à Montréal. 	284341
http://www.coquin-malin.com/	Coquin-malin	Coquin-Malin propose toutes sortes de vibromasseurs et accessoires, lingerie, dvd, huiles de massage et bien-être. 	284341
http://www.comptoir-sexy.com/	Comptoir sexy	Catalogue de vente en ligne de gadgets, bijoux intimes et lingerie. 	284341
http://www.bodyhouse.fr/	Sex Shop Bodyhouse	Offre une vaste sélection de jouets pour adultes, de DVD, de lingerie pour elle et lui, et d'accessoires SM. 	284341
http://www.softparis.com/	Soft Paris	Sex shop proposant divers produits érotiques pour la femme et l'homme, dont des vibromasseurs, godemichés, et autres jouets sexuels. 	284341
http://www.magic-eden.com/	Magic Eden	Sex shop proposant en ligne et à son magasin d'Annecy, une sélection d'articles sexy pour adultes. 	284341
http://www.passagedudesir.fr/	Passage du Désir	Sex toys, cadeaux coquins et sex toys romantiques sont les aricles à découvrir parmi une nuée d'autres. 	284341
http://www.dorcelshop.com/	Dorcelshop, l'univers de Marc Dorcel	Catalogue de vente des vidéos de ce producteur. Classement par acteurs et galeries de photographies extraites de certaines des oeuvres. 	284343
http://www.e-llico.com/	E-llico	Magazine gay et lesbien français en ligne à contenu informatif et culturel. 	284344
http://www.xxltv.fr/	XXL	Programmes et promotions de la chaîne TV XXL. 	284344
http://softparis.typepad.com/	AnneLolotte et ses sextoys	Webblog d'actualité des sextoys animé par la fondatrice de Soft Paris. 	284344
http://www.doctissimo.fr/html/sexualite/sextoys/sex-toys-objet-sexuel.htm	Guide des sex toys	Guide pratique des sex toys et des objets sexuels. 	284344
http://www.koi-de-neuf.fr/	Koi de neuf	Weblog proposant des vidéos sexys, chocs ou insolites sur Internet. 	284344
http://www.x-women.fr/	X  Women	A découvrir l'actualité des star du porno mais aussi leur biographie, les galeries de photos et une notation de ces actrices. 	284344
http://www.sexomatique.com/	Sexomatique	Les potins et frasques sexuelles des célébrités mais aussi recrutement d'animatrices de liveshow. 	284344
http://www.fellationmature.com/	Fellation mature	Photos de fellation pratiquées par des femmes matures, liens, exhibitions sexuelles et couples matures. 	284239
http://www.femmes-matures.com/	Femmes matures	Galeries photos de femmes matures qui s'exhibent, jeune et femmes mûres qui réalisent leurs fantasmes. 	284239
http://www.piedsfeminins.com/	Pieds féminins	Porpose des photos amateur d'exhibition de pieds sexy de femmes, masturbation avec les pieds et amatrices fétichistes. 	284237
http://www.pornogratuitvideoporno.com/	Vidéo porno gratuites	Top et sélection perso de sites vidéos et streaming, multi thématique, mise à jour quotidiennement. 	284326
http://www.bcoquine.com/	Bonne coquine	Bcoquine propose des sites amateurs de coquines exhib et galeries de photos d'amatrices, liens videos et extraits. 	284326
http://www.sexyquality.com/	Sexy quality	Liste de liens quotidiens proposant du sexe amateur, des clips porno, sites amateurs et galeries de photos sexe ou sexy. 	284326
http://www.amateurdesalope.com/	Amateur de salope	Sélection de liens et sites amateurs sexy ou porno mis à jour en temps réel. 	284326
http://www.pornogayhd.com/	Porno gay hd	Classement de sites amateurs, annuaires ou liens et sélection gay nichée. 	284326
http://www.videossexehd.com/	Vidéos sexe hd	Propose des vidéos par thématiques en haute définition. 	284326
http://www.mrsexe.com/	Mrsexe	Portail et nouveautés du x pour les passionnés avec des vidéos, des photos et un forum actif. 	284320
http://www.bizpowa.com/	Bizpowa	Forum de discussions entre webmasters de sites pour adultes, actualités et articles, marketing, référencement et liste de sponsors. 	284334
http://www.rabbitfinder.com/	Rabbitfinder	Présente depuis 1999 des sites amateurs et des galeries photos d'exhibitions. 	284320
https://www.eulaliaroig.com/	Eulalia Roig	Escorts. damas, señoritas y universitarias en Madrid y Barcelona. 	1013164
http://www.jemontremalingerie.com/	Je montre ma lingerie	Contributions de photos de lingerie avec des nouveautés tous les jours. 	284194
http://www.jemontremespieds.com/	Je montre mes pieds	Exhibitions fétichistes de pieds de femmes et contributions amateurs tournées autour du fétichisme du pied. 	284237
http://www.jemontremafellation.com/	Je montre ma fellation	Contributions photos et vidéos de couples qui s'exhibent pendant une fellation. 	284194
http://www.jemontremesseins.com/	Je montre mes seins	Amatrices avec petits ou gros seins qui s'exhibent en photos et vidéos. 	284194
http://lacleduplaisir.com/shop/fr/	La clé du plaisir	Vente de produits érotiques pour adultes. Possède également un réseau de magasin au Québec. 	284341
http://www.envie2porno.com/	Envie2porno.com	Annuaire de sites porno regroupés par catégorie et classés par popularité. 	284329
http://www.seduction.net/defaulti.htm	Rivista della seduzione	Carlo della Torre illustra le tecniche e la filosofia del perfetto seduttore con una guida online. Articoli, reportage, rubriche, ed una newsletter in abbonamento. 	283209
http://www.69pass.it/	69 Pass	Catalogo per siti erotici, contiene anche numerosi canali tematici su contraccezione, ginecologia, andrologia, organizzazioni e gruppi, e un forum. 	283212
http://www.divascam.com/	Divascam.com	Presentazione della videochat a pagamento e modalità di partecipazione. 	283211
http://www.lincassa.com/	Lincassa	Offre contenuti per adulti divisi in categorie accessibili via dialer, da promozionare su siti web. Mette a disposizione affiliazioni e un supporto per gli affiliati. 	283213
http://spazioinwind.libero.it/tuttopersiti/	Sfondimania	Raccolta di immagini gratuite per il desktop in differenti formati divise in sezioni. 	283210
http://www.fuorissimo.com/	Fuorissimo.com	Portale umoristico: video, audio, giochi, cartoline virtuali, concorsi assurdi, notizie strane, foto. 	283216
http://www.animania.it/	Animania	L'agenzia presenta le tipologie di eventi che può organizzare. 	283217
http://www.artgallery75.com/	Art Gallery 75	[Prato] L'agenzia mette a disposizione un elenco di modelle, promoter, hostess disponibili per foto ed eventi. 	283217
http://www.wazzoo.it/	WaZzOo	Il Sito ufficiale del Wazzoo vmc e del Levallois racing team. 	283218
http://www.sanpietroburgo.it/	San Pietroburgo.it	Dedicato alla 'Venezia del Baltico' propone fotografie ed informazioni sulle sue risorse turistiche, culturali e sociali. Aree dedicate al Museo Hermitage ed a proposte di viaggio. 	283223
http://www.erotyca.it/	Erotica	[Catania] Sexy shop con due punti vendita. Presenta una selezione degli articoli disponibili. 	283229
http://www.arcaton.com/	Arcaton	Offre servizi di accompagnatori e accompagnatrici per cene, week end, viaggi. Foto e contatti. 	283235
http://www.drop-out.com/	Dropout	[Torino] Presenta la boutique sexy, i prodotti di abbigliamento, i video Vhs e Dvd ed offre i contatti. 	283237
http://www.alessandriatrasgressiva.it/	Alessandria Trasgressiva	Locali, sexy shop, annunci, storie di vita e chat. 	283237
http://www.pizzogreco.com/	Pizzo Greco Naturist Village	[Isola di Capo Rizzuto, KR] Offre la presentazione del campo naturista, il programma, fotografie, tariffe, le regole e form per contatti ed informazioni. (Richiede Flash) 	283240
http://www.irisclub.it/	Iris Club Privé	[Bedizzole, BS]  Presenta il locale, il calendario degli eventi, fotografie, regole di comportamento e contatti utili. 	283243
http://www.centerfantasy.it/	Center Fantasy	[Curno, BG] Presentazione del sexy shop e dei prodotti venduti; contatti ed ubicazione. 	283244
http://www.erosveneziani.it/	Eros Veneziani	[Ceto, BS] Presenta i prodotti distribuiti da "Lo sfizio S.r.l." di cui offre l'illustrazione del locale, lo showroom, l'ubicazione, la mappa ed i contatti. 	283244
http://www.mistresslucrezia.com/	Lucrezia	[Milano] Una padrona professionista presenta le attività del proprio studio, con una breve biografia, galleria delle torture, sezioni dedicate ai vari fetish, pagina per i contatti. 	283245
http://web.tiscali.it/boitepigalle/	Boite Pigalle	[Roma] Tour del locale, con presentazione delle show girl. 	283254
http://www.ilmondodiatlantis.it/	Il Mondo di Atlantis	Presentazione del club privè a Roma che offre serate di trasgressione e scambio di coppia. 	283254
http://web.tiscali.it/frenk69/	Frenk	Accompagnatore per signore. Identikit, fotografie, contatti. 	283266
http://accxxx.atspace.com/	Acconpagnatore xxx	Pagina personale di una accompagnatore della Versilia; propone le fotografie ed i contatti. (Richiede Flash) 	283267
http://www.peneinforma.com/	PeneInForma	Propone l'utilizzo di una serie di esercizi per aumentare le dimensioni dell'organo maschile attraverso un programma acquistabile online. 	283271
http://www.dvdland.it/	Dvdland	Propone catalogo video e Dvd anche adulti, pagamenti con carte di credito. 	283273
http://www.sexitaly.com/	Sex Italy	Vendita di Dvd e video per adulti. Permette pagamenti con carte di credito. 	283273
http://www.sexydvd.it/	Sexydvd.it	Mette a disposizione il proprio catalogo di titoli, illustrando le modalità di pagamento e di spedizione anonima offerte. Sezione dedicata ai negozi. 	283273
http://www.castromarket.it/	Castro Market	Prodotti per gay: abbigliamento, video, accessori. Pagamento con carta di credito o in contrassegno. 	283270
http://www.sexyshoppuntog.it/	Punto G	Abbigliamento, oggettistica, video. Pagamento in contrassegno o con bonifico. 	283270
http://www.69shop.it/	69shop	Abbigliamento, oggettistica, editoria, video. Pagamento con carta di credito, bonifico, contrassegno. 	283270
http://www.stran-amore.it/	Stran'Amore	Propone catalogo articoli per adulti sexy shop 	283270
http://www.sexy-shop.it/	Sexy Shop Online	Propone catalogo articoli per adulti, presentazione del negozio e modalità di iscrizione. 	283270
http://www.69stream.com/	69Stream	Permette la visione di film scelti dal catalogo online. Pagamenti con carta di credito, ricarica e numerazione 899. 	283270
http://www.annunci.net/	Annunci.net	La comunità degli annunci gratuiti online. Rapido inserimento senza registrazione; le inserzioni restano online 120 giorni. 	283270
http://www.kijiji.it/	Kijiji	Offre sottosezioni dedicate a singole città, ognuna con un elenco di annunci di privati suddivisi per argomento. 	283270
http://www.tangamaniaonline.com/	Tanga mania	Mette a disposizione un catalogo di abbigliamento intimo e lingerie per donna. 	283270
http://www.corinnemodasexy.com/	Corinne Moda Sexy	[Nichelino, TO] Mette a disposizione un catalogo di articoli di intimo e lingerie femminile. Illustra le modalità di acquisto e spedizione. 	283270
http://www.smellyfeet.it/	Smellyfeet	Una raccolta di immagini di piedi femminili organizzata in gallerie tematiche: per strada, al mare, al mercato. 	283279
http://spazioinwind.libero.it/manuela_arcuri/	Arcuri, Manuela	Galleria fotografica dedicata all'attrice che mostra le sue rotondità, a colori e in bianconero, con seducenti sorrisi e pose tendenziose. Link alle foto di Veronica Zemanova. 	283299
http://digilander.libero.it/sexyalessia	Merz, Alessia	Sito interamente dedicato alla attrice e modella con immagini, biografia, sfondi per desktop. 	283299
http://digilander.libero.it/programmigratis/	Calendari 2003	Fotografie per il desktop di donne famose.. 	283299
http://spazioinwind.libero.it/essebisoft/	Strip 7 e mezzo	Ripropone il gioco di carte in una versione in cui l'obiettivo è spogliare la propria avversaria. 	283301
http://www.incontri-on-line.com/	Incontri on line	Inserzioni da tutta Italia di coppie, singole e travestiti. Sono presenti indirizzi email e foto esplicative. 	283304
http://web.tiscali.it/bmnews/	Miky e Beppe	Si descrivono ed esibiscono alcune foto private. 	283306
http://digilander.libero.it/simosimo/	Simoreds	Pagina personale con link, ragazze nude, vignette, webcam dell'autore e da tutto il mondo, utility. 	283308
http://digilander.libero.it/tak24/index.htm	Tak24	Un amante degli animali, in particolare dei cani Bobtail, propone gallerie fotografiche, informazioni e curiosità. Notizie ed immagini su alcuni idoli del webmaster (nel campo del cinema e dello spettacolo). 	283308
http://web.tiscali.it/mmeco/	Mec's home page for Anna	Una pagina personale, con foto di ragazze, e link su cellulari. 	283311
http://www.iallora.it/	Iallora	I weekend, le vacanze, gli hobby, i racconti e l'album fotografico di una famiglia internazionale. 	283311
http://spazioinwind.libero.it/alteregos/	Alter Ego	Raccolta di link a siti di utilità generale: telefonia, service providers, quotidiani, forum, chat, testi divertenti, programmi da scaricare, ed una collezione di foto di modelle e attrici. 	283311
http://members.tripod.com/Ivissimo/	Ratti delle Sabine	Pagine goliardiche di un gruppo musicale, con storia, album e canzoni, concerti, foto particolari. 	283311
http://spazioinwind.libero.it/pippone41/	Hic et nunc	Contiene articoli su temi vari, un forum, una collezione di link, ed un motore di ricerca per immagini soft. 	283311
http://www.gayroma.it/	Gay Roma	Offre notizie di cronaca, attualità, politica, informazioni su eventi, locali, libri, link correlati. 	283302
http://www.inventati.org/badgirlz	Bad Girlz - ragazze arrabbiate	Sito dedicato al sesso, ai diritti delle donne, al cyber-femminismo, all'anarchia e al movimento di emancipazione femminile. 	283302
http://www.dragon.it/	Dragon	Contiene una galleria di immagini, annunci di singoli e coppie, reportage, chat, segnalazioni di luoghi di incontro. 	283302
http://www.gayitalia.net/	Gay Italia	Offre la pubblicazione di annunci con foto e recapiti, accesso alle chat italiane, video, guida ai locali. 	283302
http://users.libero.it/miss.diana/	Mistress Diana	Presenta un diario, una galleria di foto esplicite ed elenca le tecniche BDSM di cui è esperta. 	283313
http://www.gabbia.com/	La Gabbia	Inserzioni gratuite BDSM per Master, Padrone, schiavi e schiave, coppie. E' anche possibile inviare un breve racconto per la pubblicazione. 	283312
http://web.tiscali.it/ilmondodiragnarok/	Il mondo di Ragnarok	Una panoramica sul mondo del BDSM e sulle sue regole, focalizzata sul bondage. Sono presenti due aree, una ad accesso pubblico, l'altra solo per membri. 	283312
http://www.gaysmitalia.net/	Gay SM Italia	Dedicato alla comunità omosessuale S/M, presenta sezioni riguardanti foto, video, annunci, eventi, storie. Inoltre, pagine personali degli utenti, informazioni sulle pratiche BDSM e sul sesso sicuro. Alcune sezioni necessitano di iscrizione gratuita alla comunità. 	283312
http://www.fabrizioviscardi.it/	Viscardi, Fabrizio	Fotografa la figura nuda in studio ed in esterni, in varie situazioni e con differenti illuminazioni, per esaltare la naturale bellezza della donna. Presenta la galleria e le sue 3 nuove serie, esclusivamente in bianco e nero. 	283315
http://web.tiscali.it/marcoaquiliofoto/	Aquilio, Marco	Un fotografo presenta le immagini glamour e di nudo con le quali vuole rappresentare la natura femminile. Un serie di foto da sfogliare come un album. 	283315
http://yaoi.altervista.org/	Yaoi Shotakon Kingdom	Dedicato agli shotakon dei manga più famosi. Contiene pack scaricabili dopo registrazione gratuita e fanfiction. 	283317
http://www.superdragon.altervista.org/	Superdragon	Dedicato a Dragon Ball: informazioni, immagini, rarità, Gif animate e filmati, pagine con le realizzazioni dei fan. Contiene una sezione hentai con immagini e fumetti. 	283317
http://web.tiscali.it/nerofumo/fumetti_files/manara.htm	Fumetti - Milo Manara	Alcuni disegni erotici dell'autore. 	283320
http://www.baldazzini.it/	Baldazzini, Roberto	Propone il sensuale erotismo di Chiara Rosenberg e delle altre eroine che popolano i suoi fumetti. 	283319
http://web.tiscali.it/giannispeciale/	Speciale, Gianni	Presenta alcuni fumetti erotici disegnati negli ultimi anni. E' possibile inviare commenti via email. 	283319
http://web.tiscali.it/hellequin/#	Cattivi Maestri	Tavole e storie complete di Andrea Pazienza. 	283319
http://giunchiglia.it/	Manunta, Giuseppe	Sito ufficiale del creatore di Giunchiglia: presentazione dei personaggi, notizie sull'autore, gallery, contatti. 	283319
http://www.arterotismo.com/Casotto/Galleria.htm	Arterotismo: Giovanna Casotto	Gallerie di immagini. 	283319
http://members.tripod.com/~erinni/index.htm	Tributo ad Erinni	Vengono presentati la storia, i personaggi dell'opera e i riferimenti alla letteratura greca in essa contenuti. Inoltre vengono fornite informazioni sugli autori, la casa editrice e le opere precedentemente pubblicate. 	283316
http://digilander.libero.it/ironsword89/	La saga di Ironsword	Presenta l'ultimo numero di questo fumetto che contiene scene ed immagini di sesso e violenza anche estremo; disegni dei fans e link ai numeri arretrati. 	283316
http://www.marcoturini.com/	I sogni di Claudia	L'eroina di Marco Turini viene presentata in questo albo speciale con comics inediti, nuove avventure e gadget.  Forum, chat e messaggi diretti all'autore. 	283316
http://www.nonsolomanga.it/	Non solo Manga	Presenta il fumetto italiano, argentino, franco-belga e giapponese. Immagini di fumetti erotici hard, novità mensili e modellismo. Anteprime dagli editori, manifestazioni ed eventi. 	283316
http://www.matarodavergato.com/	Da Vergato, Mataro	L'artista presenta il proprio curriculum, la biografia ed una galleria di immagini digitali. 	283314
https://www.moanamoana.it/	Moanamoana.it	L'associazione dedicata alla pornostar Moana Pozzi presenta un archivio di sue fotografie e si propone la raccolta di documenti e oggetti per tutelarne la memoria artistica e popolare. 	283314
http://www.liberaeva.com/	LiberaEva	Web magazine che ospita racconti, poesie, discussioni e riflessioni sull'erotismo. Inoltre spazi dedicati alla fotografia e alle modelle. 	283314
http://www.mariosalieri.it/	Salieri, Mario	Presentazione del regista di film pornografici: biografia, filmografia, premi ricevuti, elenco degli attori che hanno collaborato con lui. 	283314
http://www.jessicarizzo.com/	Rizzo, Jessica	Presentazione dell'attrice, con foto, video, filmografia e rassegna stampa. 	283314
http://www.ilditoelaluna.com/	Il dito e la luna	Propone collane dedicate all'erotismo e alla sessualità alternativa. Possibilità di ordini online. 	283324
http://www.honisoitqui.20m.com/	Zelt e Kleinemund	Galleria di immagini e brani scelti tratti dal romanzo Honi soit qui mal y pense, scritto sotto pseudonimo. 	283326
http://web.tiscali.it/stradale/	Hollywood, Miki	L'autore presenta una propria breve biografia e il romanzo Stradale, consigliato a un pubblico adulto. 	283326
http://users.libero.it/jagop/unachi/	Bianchi, Bruna	Sito personale della scrittrice, con brani scelti dai suoi libri, recensioni e interviste. 	283326
http://direfarelamore.it/	Dire fare l'amore	Inachis Io presenta sè stesso, il proprio libro e mette a disposizione i propri racconti. 	283326
http://web.tiscali.it/capitan_harlock/	Capitan Harlock	Storie erotiche e racconti brevi del Capitano, tutti dedicati a una donna: il Mozzo. 	283326
http://web.tiscali.it/solo_arte/	Cerebrum	L'autore offre i propri racconti da scaricare in formato zip, alcuni dei quali illustrati da immagini esplicite. 	283326
http://digilander.libero.it/SerGalahad/	Galahad	Un giovane scrittore propone un racconto erotico, alcuni miniracconti e le sue poesie. Biografia, download scaricabile di raccolte musicali e brani MIDI realizzati dall'autore. 	283326
http://digilander.libero.it/nunchago/	Nunchago	Racconti erotici, scritti, spunti poetici, immagini e riflessioni sul mondo del bdsm. 	283326
http://web.tiscali.it/rattlesnake/	Snake	Poesie, racconti e pensieri, alcuni dei quali a carattere erotico. 	283326
http://spazioinwind.libero.it/massimostano/Jap/	Stano, Massimo	L'amante perfetto, il romanzo dark-erotico interattivo dell'autore. 	283326
http://www.xlater.net/	Xlater	Raccoglie la produzione di un autore che intreccia  l'erotismo con l'humour nelle storie, nei sonetti e nei racconti dialettali. Presenta le traduzioni di alcuni carmi catulliani. 	283326
http://www.raccontimilu.com/	I racconti di Milù	I racconti, le fantasie, le confessioni ed i sogni del circolo degli autori che collaborano. 	283323
http://www.positive-vibrations.hr/	Positive Vibrations	Izbor seksualnih pomagala, erotskog donjeg rublja i filmova. Dućan se nalazi u Zagrebu. 	283329
http://www.iznad18.com/	Iznad 18	Erotske slike, oglasi, seks igre i priče. 	283329
http://www.zagrebnights.com/vime/	Moje Vime	Izbor za Miss Zagreb Nights. Sadrži i arhivu proteklih izbora za miss. 	283329
http://www.smokva.com/	Smokva	Specijalizirani je portal za sklapanje intimnih prijateljstava i druženja erotske naravi, sa zabavnim magazinom. 	283329
http://kaamras.blogspot.com/	काम रस	काम देव का चिट्ठा, यहाँ उत्तेजक कहानियाँ उपलब्ध हैं। 	283431
http://www.eroticashop.co.il/	ארוטיקה	רשת של חנויות לאביזרי מין בעלת סניפים בכל הארץ. באתר ניתן לקנות ממגוון המוצרים לגברים, נשים, לסביות וגייז, מבחר גדול של סרטים. 	283729
http://www.redpoint.co.il/	רד-פויינט	האתר הרשמי של רשת חנויות המין "רד פוינט". מציע מבחר אביזרי מין וסרטי DVD, אותם תוכלו לרכוש דרך האתר באמצעות שרת מאובטח, פורום ייעוץ סקסולוגי. 	283729
http://sexyshop.co.il/	סקסי שופ	חנות סקס וירטואלית להומואים ולסביות בה מוצעים סרטי וידאו, DVD, אביזרים, חומרי סיכה ודגלי גאווה. תהליך ההזמנה דיסקרטי ומוגן בשרת מאובטח. 	283729
http://romantican.co.il/	רומנטי כאן	חנות למתנות בגוון רומנטי תוך התמקדות במוצרי סקס 	283729
http://www.sex4free.co.il/	עולם הסקס של ענת	פורטל סקס המכיל תוכן סקסי רב. ניתן למצוא באתר בין השאר גם חנות, קהילות, תמונות גולשים וספריית כוכבות פורנו. 	283731
http://www.sex-party.co.il/	SexParty	אתר להכרויות סקס. ניתן לצפות במספר פרופילים לדוגמא. 	283732
http://www.makelove.co.il/	Makelove	אתר היכרויות סקס השם לעצמו למטרה לעזור לרשומים בו להגשים את הפנטזיות המיניות שלהם. 	283732
http://www.sexpal.co.il/	SexPal	אתר הכרויות סקס המבטיח זוגיות דרך סקס טוב 	283732
http://www.fountains.sakura.ne.jp/blog/	Fountain's Square	はぎやまさかげによるブログ。イラスト日記、同人誌情報。 	284029
http://www2.odn.ne.jp/~cai16580/	PINK CHUCHU	みけおうによるサイト。仕事一覧、同人活動情報、イラストギャラリー、ブログ。 	284029
http://members.tripod.com/~tagotago/	tagotago's TXT	自作のショートストーリーを掲載。各話にキーワードが付けられている。 	284030
http://www.france.co.jp/	フランス書院 On-Line	小説とコミックスの出版案内、検索サービス、新人賞の情報。ダウンロード販売や専用ビューワの提供、女優の朗読による紹介。 	284030
http://www.kit.hi-ho.ne.jp/aloerina/kaorine/welcome.htm	かおりの小部屋	オムツやお漏らしをテーマにした小説、イラストの公開。 	284030
http://www2.plala.or.jp/amane_k/	裏熱海	自作短編恋愛小説。エロティックな大人の薫りを演出。小説にちなんだイラストの紹介。 	284030
http://tana00.sakura.ne.jp/	我流痴帯	スカトロやフタナリをテーマにした小説、イラストの公開。 	284030
http://ys-page.halfmoon.jp/	Y's Page	大人の女性を対象とした小説サイト。短編主体。純愛ＳＭ、らぶらぶ・自慰もの、二次創作。 	284030
http://prismoffice.rdy.jp/	プリズムオフィス	恋愛ＳＦ小説、異世界ファンタジー、性描写を含む現代恋愛小説、青春小説など、オリジナルの自作小説を公開。 	284030
http://www5d.biglobe.ne.jp/~ayamaki/index.html	Ｃｈａｏｔｉｃ　Ａ	幼馴染・兄弟を中心とした、オリジナルボーイズラブ小説。 	284030
http://8navi.web.fc2.com/	ハチナビ	同人に関するサイトをまとめた初心者向けリンク集。作品のレビューも掲載。 	284030
http://wiki.livedoor.jp/eroright2006/	エロライトノベルWiki	発売予定カレンダー、作家・イラストレーター・キャラクター属性別の作品一覧。 	284030
http://www.aoisola.net/	そ→らぁ→ぱわぁ→	アダルトビデオ女優、蒼井そらの公式サイト。プロフィール、ディスコグラフィ、本人によるウェブログ、ニュース。 	284031
http://takagiseira.blog.2nt.com/	高樹聖良ファンブログ	アダルトビデオ女優のファンが運営するウェブログ。出演作品情報が中心。 	284031
http://kazane.is-mine.net/	未来の風、羽の音 ～風音スレまとめサイト～	声優 風音の出演作品一覧、ラジオ出演情報、PINKちゃんねるスレッドの過去ログ。 	1001320
http://yotsuba.saiin.net/~ami/amimania/	amimania	声優 ダイナマイト亜美の公式サイト。プロフィールと出演作品一覧、官能小説の朗読。 	1001320
http://tami.michikusa.jp/	たみろぐ	声優 民安ともえの公式サイト。出演作紹介、日記。 	1001320
http://www.sonata-moe.com/	萌えるソナタ	18禁ゲーム声優の出演リスト、ゲーム・同人誌の感想。 	1001320
http://blog.livedoor.jp/akanehotaru/	ホタル☆せいかつ	紅音ほたるによるブログ。日記、イベント情報。 	284031
http://www.animaniax.net/	あにまにあっくす	アダルトアニメの評価とレビュー。その他に日記、リンク集などがある。 	284032
http://creamlemon.jp/	くりいむレモン	成人向けアニメーションタイトルの公式サイト。作品情報、歴史、ニュース、グッズ情報。 	284032
http://www.seddnet.com/	ディスカバリー	「とらいあんぐるハート」「夜勤病棟」「パンチラティーチャー」等を制作。 	284032
http://www.pinkpineapple.co.jp/	ピンクパイナップル	ゲーム・コミック原作作品を中心に制作。作品紹介、サンプルムービー、通信販売。 	284032
http://www.pixy-soft.com/	PIXY	ゲームメーカー「リリス」の作品をアニメ化。作品紹介、取扱店一覧。 	284032
http://www.vanilla-jp.com/	バニラ	ゲーム原作作品を中心に制作。作品紹介、オンライン配信情報。 	284032
http://www.ozinc.jp/	癒してあげルン	成人向けアニメーションタイトルの公式サイト。ストーリー、キャラクター紹介、制作日誌。 	284032
http://www.suzukimirano.com/	鈴木みら乃	「陵辱ゲリラ狩り」「連結方式」等の制作。作品紹介、通信販売。 	284032
http://www5e.biglobe.ne.jp/~hirohiko/	Oh! Jungleland	漫画家 大塚寛彦のページ。仕事の紹介のほか、映画や音楽、深夜ラジオの話題がある。 	284033
http://mak003.muvc.net/	痛っ!!美少女漫画的寸評小屋	成人向けコミックのレビューを公開している。その他に掲示板、リンク集。 	284033
http://lolicomi.blog85.fc2.com/	ロリ漫画を淡々と評価するブログ	ロリータ系成人向けコミックのレビューを専門に取り扱うウェブログ。 	284033
http://www28.atwiki.jp/seinen_comic/	成年コミックレビュー@wiki	成人向けコミックのレビューをまとめるWiki。 	284033
http://www.coma.ais.ne.jp/~ohw/onehit/	One Hit Wonder	長月みそかの公式サイト。ブログ、作品一覧、イラストギャラリー。 	284033
http://www7.plala.or.jp/koumekeito/	小梅けいとの原典皆既	小梅けいとの公式サイト。作品一覧、日記、商業誌・同人誌情報、ギャラリー。 	284033
http://ikuya.sblo.jp/	幾屋大黒堂Web支店	幾屋大黒堂によるブログ。作品情報と予告サンプル、日記。 	284033
http://azr.sakura.ne.jp/azure/	Fleeting Youth	紺野あずれ本人によるサイト。商業誌・同人誌の作品紹介、ブログ、プロフィール。 	284033
http://www.digitallover.net/	Digital Underground	なかじまゆかによる同人サークル「Digital Lover」のサイト。イベント参加情報、過去の同人誌紹介、ブログ。 	284033
http://fragile.sakura.ne.jp/	tete a tete fragile	佐々原憂樹によるサイト。作品一覧、イラスト、ブログ。 	284033
http://under80com.wix.com/akzw	under80.com	あかざわREDによるサイト。イラストギャラリー、日記、作品紹介。 	284033
http://namekujinagaya.blog31.fc2.com/	なめくじ長屋奇考録	週刊誌・月刊誌などからB級エロ劇画を取り上げて観賞するサイト。 	284033
http://www.aquicharm.com/	Aquicharm	Petites annonces, forum, galerie de photographies et guide des lieux échangistes du sud-ouest de la France. 	284255
http://www.belswing.be/	Belswing	Petites annonces, photos, descriptifs des clubs échangistes en Belgique. 	284255
http://www.lecercle.net/	Le Cercle	Le site des annonces échangistes des Savoie et limitrophes 	284255
http://chris.elisa.free.fr/	Chez Christian et Elisa	Groupe d'échangistes organisant soirées de couples et gang-bangs. Paris. 	284255
http://www.nouslibertins.com/	Nous libertins	Rencontres pour libertins avec annonces avec photos et un annuaire des clubs echangistes. 	284255
http://www.webechangiste.fr/	Web échangiste	Espace libertin pour échangistes mélangistes avec annonces et une liste des soirées. 	284255
http://www.club479.com/	Club 479	Espace de rencontre pour couples, femmes et hommes échangistes, mélangistes, libertins . 	284255
http://sexualfreedomclub.com/	Sexualfreedomclub	Site de rencontre pour adultes libertins. 	284255
http://www.libernautes.com/	Libernautes	Voici la possibilité de rencontrer d'autres libertins avec un chat-cam. [Payant] 	284255
http://www.clubs-echangiste.com/	Clubs échangiste	Référencement des clubs échangistes, saunas libertins et échangistes, restaurants libertins. 	284255
http://www.club-echangiste.eu/	Annuaire Clubs Echangistes	Annuaire des clubs échangistes en France, Belgique et Suisse, liste des soirées libertines. 	284255
http://www.netechangisme.com/	Rencontre Libertine	Espace de rencontre pour libertins avec un magazine d'actualité, un chat webcam, des vidéos de membre ainsi que d'autres rubriques. [Payant] 	284255
http://www.abkingdom.com/	ABKingdom	Le rendez-vous branché des fétichistes des couches avec actualités, forum, photographies, petites annonces et histoires érotiques. 	284254
http://felaco.free.fr/	Felaco	Présentation de trois jeux sexuels : la fessée, le lavement et les couches. 	284254
http://candauliste.free.fr/	Candauliste	Récits des expériences dans le domaine du candaulisme. 	284254
http://pausecoquine.forumperso.com/	Pause Coquine	Forum sur le libertinage et jeux de rôle coquin. 	284254
http://www.histoires-de-sexe.net/	Histoires de sexe	Collection de récits érotiques classés et plusieurs illustrations. 	284253
http://fredericjoignot.blogspirit.com/archive/2007/03/24/inde-bombay-ville-du-futur-immediat.html#more	Défense de la pornographie, critique de la "démolition filmée"	Un billet de Frédéric Joignot, qui reprend un article d’Isabelle Sorente publié dans la revue Blast en 2000, elle avait mené une des premières enquêtes sur la pornographie hardcore, très dure pour les actrices. 	284253
http://sexe.sexuall.org/	Sexe et Sexualité	Articles, informations et conseils sur la sexualité. 	284253
http://www.sondages-coquins.fr/	Sondages coquins	Venez donner votre vision du sexe et de la sexualité. 	284253
http://www.sexualitips.com/	Sexualitips	Partage et échange de bonnes astuces sexe pour relancer la vie sexuelle. 	284253
http://www.nouvellestentations.com/	Nouvelles Tentations	Sexualité, bien-être, saveurs, voyages, plaisirs : nourritures excitantes, boissons choisies et décors raffinés se marient avec les joies des corps enlacés. Ni pruderie ni vulgarité, telle es l'ambition de ce webzine. 	284253
http://www.sextoyer.com/	Sextoyer	Informations sur l’actualité des sextoys et tests de produits. 	284253
http://humeurcoquine.erog.fr/	Humeur Coquine	L'intimité de d'Elsa et Jeff. 	284257
http://sensuelangie.over-blog.com/	Sensuelle Angie	Elle se dévoile, nue, sensuelle et érotique pour le plaisir des sens. 	284257
http://choupa-choup.over-blog.com/	Choupa & Choup	Couple plein d'amour, d'humour et d'envies d'exhibitions. 	284257
http://cplemimi.over-blog.fr/	Couple Mi Mi	La beauté est sienne, tout est plaisir. 	284257
http://nue-a-la-plage.over-blog.com/	Nue à la plage	C'est un tour du monde insolite que propose ce modèle. 	284257
http://les.godasses.over-blog.com/	Les godasses	Le plaisir d'être à deux. 	284257
http://thomasetvirginie.over-blog.com/	Thomas et Virginie	Couple exhibistonniste et voyeuriste. 	284257
http://intimement.lea.over-blog.com/	Les coquineries de Lea	Le monde coquin, les photos et les moments de plaisir de Léa. 	284257
http://petitesalopeanonyme.erog.fr/	Petite salope	Le plaisir de se donner du plaisir, cette jeune femme se dévoile sous toutes les coutures. 	284257
http://sexyagatha-lingerie.erog.fr/	Agatha	Elle s'habille et le montre en photos dénudées, érotiques et sensuelles. 	284257
http://noirbustier.canalblog.com/	Noir Bustier	Elle relate sa vie intime mais aussi des textes érotique et pose pour des photos érotiques. 	284257
http://audrey.la.cochonne.over-blog.com/	Audrey la cochonne	Elle aime se sentir chienne sous les commentaires, elle se sent cochonne. 	284257
http://lapin80000.canalblog.com/	Journal d'un Lapin	Charme des sens, plaisirs des chairs, ce lapin tient son journal tout en photos. 	284257
http://spermania.over-blog.com/	Spermania	Elle aime le sexe sans concession, cru et sans fioriture. Âmes sensibles s'abstenir. 	284257
http://lilou-libertine.blogspot.com/	Lilou libertine	Elle appose son style sur la toile, tout en sensualité et légèreté. 	284257
http://talons.aiguilles.over-blog.com/	Talons aiguilles	Histoire d'un couple et leurs photos. Si elle sera "Aiguille", lui sera "Talon". 	284257
http://jolie-diablesse.over-blog.com/	Jolie Diablesse	Photo d'une jolie amatrice avec un côté petit démon. 	284257
http://libel.canalblog.com/	Libel	Elle va sur le chemin de la découverte des sens. C'est une tranche de vie à suivre, en partageant leur intimité. 	284257
http://ondulations.unblog.fr/	Ondulations	Ou les corps et cœurs en mouvement vers la sensualité. 	284257
http://coralie342.over-blog.org/	Coralie	Une part d'exhibition, un soupçon de provocation, une touche de sexe, toujours avec de l'humour. 	284257
http://fleurdumale.canalblog.com/	La Fleur du Mâle	Son intimité en photos, tout en sensualité. 	284257
http://rob12.over-blog.com/	Un homme à nu	Rob parle d'amour, de plaisir et d'érotisme avec des photos érotiques. 	284257
http://desir-infini.erog.fr/	Désir Infini	Des photos de charmes jusqu'au fétichisme. 	284257
http://sexiscomedy.erog.fr/	Sexis comedy	Jeune couple aimant se prendre en photo et rencontrant d'autres personnes de leur age. 	284257
http://elisetmoi.over-blog.com/	Elise et moi	Un couple dévoile son intimité et décline l'érotisme à travers photos, mots, vidéos. 	284257
http://licilya.over-blog.com/	Licilya	Partage de moment sensuel, de moment plus chaud d'un couple amoureux libertin. 	284257
http://lejardinderose.erog.fr/	Le jardin de Rose	Avec ses récits et ses photos intimes mais aussi ses confessions, ses envies et ses désirs. 	284257
http://sexyblog.la.reunion.over-blog.com/	Les beautés de la Réunion	Ce webblog est consacré à la beauté des filles réunionnaises, des amatrices en lingerie et des photos de charme. 	284257
http://erotica51.over-blog.com/	Erotica 51	Erotica 51 donne son avis sur les évènements journaliers en France. Quelques histoires coquines, un peu de poésie et surtout des articles qui lui tiennent à cœur. 	284257
http://ninouetlui.canalblog.com/	Le Petit Monde de Ninou	La vision du charme, les jeux et les recherches d'un couple. 	284257
http://seinskokins.over-blog.com/	Seins kokins	Couple qui vous présente ses ébats et les votres, adorateurs de seins. 	284257
http://plume-coquine.over-blog.com/	Plume coquine	Créations d'images et de textes érotiques. 	284257
http://sexy-coquins.erog.fr/	Sexy coquins	Ce couple parle de plaisirs variés que l'on peut avoir pour et par le sexe. Photos, vidéos, soft ou non, tout ce qui leur plait est sur le blog. 	284257
http://evasionsensuelle.free.fr/	Evasion Sensuelle	Les escapades érotiques, récits, photos et confidences d'un couple libertin de la Drôme. 	284256
http://www.jacquieetmichel.net/	Jacquie et Michel	Jacquie et Michel présentent des milliers de contributions photos de couples de France et du monde entier. 	284256
http://www.anettehome.com/	Anette Home	Jeune couple s'exhibe 24/24h par 7 webcams. [Payant] 	284256
http://france66.free.fr/	Nadine 66	Photos vidéos et webcam d'une femme exhibitionniste vivant dans le sud de la France. [Payant] 	284256
http://lejardinsecretdem.free.fr/	Le jardin secret de M.	Ici je laisse ma pudeur au vestiaire. 	284256
http://hedonism.free.fr/	Hedonism	Un couple libertin de Lyon, à la recherche d'autres couples échangistes, présente ses photos et des informations sur le libertinage. 	284256
http://www.thierryetlou.com/	Thierry et Lou	Quelques photos et vidéos glamour ou coquines d'un couple du sud ouest [Payant] 	284256
http://kisten.free.fr/	Pulpeuse Sorianne	Site d'une amatrice qui se dévoile afin de vous délivrer son intimité 	284256
http://kallystyle.free.fr/	Kally Style	amateurs de photos de nus, de charmes, fétiche en solo ou en duo où les fesses sont mises en valeur. 	284256
http://ptitange38.free.fr/	P'tit Ange	P'tit Ange se dévoile en photos sensuelle et charmeuse 	284256
http://www.sensuellementvotre.com/	Sensuellement votre	Ce couple présente sa vision de la photographie érotique. 	284256
http://adlinoudeux.free.fr/	Adlinoudeux	Adlinou se met à nue en photos. 	284256
http://tendres.libertines.free.fr/	Tendre Libertine	Les plaisirs de ce couple sont délivrés en photos. 	284256
http://cmmc.free.fr/	Cindy	Site pour épicuriens amateurs de très jolies femmes 	284256
http://cleorifraf.free.fr/	Cleo et Rif-Raf	Cléo et Rif-Raf présentent leurs photos soft et coquines. 	284256
http://angelique.coquine.free.fr/	Angélique Coquine	Le mari d'Angélique prend des photos pour l'exhiber. 	284256
http://princessecoquine.free.fr/	Princesse Coquine	Jeune amatrice aimant se dévêtir et s'exhiber. 	284256
http://www.chez.com/opale100/	Opale	Opale se dévoile tout en photos. 	284256
http://lajolielea.free.fr/	La jolie Léa	Léa présente ses photos de charme. 	284256
http://cumonkimmie.free.fr/	Cum on Kimmie	Couple de 27 ans a créé un espace pour les amoureux sexe, l'exhibition, les jeux de sperme. 	284256
http://www.bobvoyeur.com/	Bob Voyeur	Contributions photos et vidéos d'amateurs. 	284256
https://www.i-trans.net/	Xxy Nadya	Page personnelle associée à un dialogue en ligne, des petites annonces et des conseils destinés aux travestis et transsexuels. 	284258
http://moi.escualita.com/	Escualita	Organisation de soirées mais aussi propose un espace de dialogue et annonce pour travestis, trans-sexuel(le) mais aussi pour hommes, femmes et couples. 	284258
https://www.citegay.fr/	Citegay	Actualités, agenda et petites annonces. 	284259
https://www.newmillenium.fr/	New millenium	Sex shop en ligne. 	284259
https://www.beuronline.com/	Beuronline	Salon de chat, rencontres et dialogues gay sur toutes les regions de France et de Belgique. 	284259
https://www.mes-dialogues.net/	Mes dialogues	Dialogues gay en direct avec photos et chat webcam ainsi que des vidéos gay à télécharger avec des extraits gratuits. 	284259
https://livemec.com/	Live mec	Chat gay avec webcam audio et vidéo. 	284259
http://www.abime.com/	Abime	Petites annonces pour adultes francophones. 	284261
http://www.plans-sexe.fr/	Plan sexe	Annonces d’hommes et de femmes recherchant des rencontre réel. 	284261
http://www.opuscharm.com/	Opus Charm	Service de rencontres avec boites aux lettres, annonces, photos, dialogue en direct. 	284260
http://telx.free.fr/	Telx	Liste d'annonces de femmes [Payant] 	284260
http://www.webcamo.be/	Webcamo	Service de rencontres entre personnes par message et webcam. 	284260
http://www.pecho.fr/	Pecho	Le blog parodique de Michon, conseils et techniques de drague pour mieux pecho. 	284260
http://www.mignonne.com/	Mignonne	Annonces avec photos et vidéos de femmes, d'hommes et couples recherchant des rencontres. [Payant] 	284260
http://www.joueraveclefantasme.com/	Jouez avec le fantasme	Rencontres entre adultes où vous pouvez réaliser tous leurs fantasmes de façon réelle ou virtuelle. [Payant] 	284260
http://www.firstaffair.fr/	First Affair	Pour les femmes, hommes et couples à la recherche d´une aventure érotique. 	284260
http://www.novalove.fr/	Novalove	Service d'annonces de rencontres pour célibataires en France. 	284260
http://www.bobtv.fr/	Bob TV	Espace de visio chat libertin disposant de plusieurs salles. Uniquement sous Internet Explorer. 	284260
http://ecritspourpres.canalblog.com/	Les Ecrits Pourpres	Ecrits Pourpres, une histoire de D. et de s. Une histoire d'amour et d'ouverture. 	284263
http://frenchponyplay.blog4ever.com/	Pony girls and boys	Les amoureux de ponyplay seront heureux de découvrir cet espace d'échange. 	284263
http://acorpscomplice.canalblog.com/	A corps complices	Une femme dominante, un homme soumis, une rencontre charnelle de domination et soumission. 	284263
http://iletaitunpas.canalblog.com/	De la fée à la catin	Impressions, réflexions au fil des jours, d'une fée en forêt de Brocéliande, en quête de soumission. 	284263
http://maitresseariciaa.over-blog.com/	Maîtresse Ariciaa	Journal d'une Dominatrice novice sur la découverte du milieu SM. 	284263
http://fetishgeisha.over-blog.com/	Fetish-geisha	Une fetish-geisha ? C'est une femme qui parle de  Shibari, de Kinbaku,  d'Asanawa, de rope bondage. 	284263
http://lesbagatellesdemarie.over-blog.com/	Les bagatelles de marie	Soumise à fleur de peau, marie se livre à aux regards. 	284263
http://murmuresadien.unblog.fr/	Murmures sadien	Confessions et fantasmes d'une soumise. 	284263
http://insolence666.blog4ever.com/	Insolence	Soumise, amoureuse des hommes à forte personnalité, elle raconte son parcours. 	284263
http://suprematiefeminine.over-blog.com/	Suprématie féminine	Accédez à un mode de vie permettant aux femmes de vivre comme des Reines et de s'épanouir ainsi. 	284263
http://cordes2612.canalblog.com/	Cordes & Shibari	Leurs débuts & essais dans l'art du Shibari. 	284263
http://niagara.over-blog.fr/	Niagara	Difficile équilibre d'un couple uni pour la vie qui partage les plaisirs BDSM au quotidien. 	284263
http://dominationbreiz.canalblog.com/	domination bretagne	Elle domine et lui soumis et travesti aimant les jeux bdsm. 	284263
http://soumise-k.over-blog.com/	Soumise K	L'éducation de soumise K. 	284263
http://voyage-dans-ma-soumission.erog.fr/	Umisos	Journal d'un jeune homme soumis à la recherche d'une vraie relation de couple. 	284263
http://fetish-sm.over-blog.com/	Lady Dark	Une dominatrice évoque toutes ses rencontres BDSM. 	284263
http://fantasmes64.over-blog.com/	Fantasmes64	Il vous livre ici ses fantasmes, ses recherches et ses expériences vécues. 	284263
http://lponey.over-blog.org/	L poney	Voici La vie d'un soumis, cocu, esclave et lopette de sa femme. 	284263
http://ombreattachee.over-blog.com/	Ombre Attachée	A découvrir la vision qu'à O'mbre du BDSM et de la soumission mais aussi ses envies et ses fantasmes et ses histoires vécues. 	284263
http://auroraweblog.karmaos.com/	Aurora Weblog	Un couple qui au jour le jour définit le BDSM selon leur point de vue. 	284263
http://carnetsdemilie.canalblog.com/	Les carnets d'Emilie	Le dressage d'une oie blanche. 	284263
http://devilishlady.canalblog.com/	Devilish Lady	Pensées et réflexions libres d'une Domina, de son autre bord et de tout ceux qui dans ces lieux prennent plaisir à écrire. 	284263
http://doucesophie.over-blog.com/	Douce Sophie	Journal intime d'une soumise libertine. 	284263
http://maitredesjeux.canalblog.com/	Le lien invisible	La passion d'un couple pour le BDSM. 	284263
http://angem78.over-blog.com/	Maitre AngeM78	Espace gratuit pouvant servir de portail à toutes personnes voulant se documenter sur le BDSM et les relations de Domination/soumission. 	284263
http://violet-wand.over-blog.com/	Violet Wand	Un spécialiste de la restauration de vieilles malettes et leurs accessoires d'électro-stimulation. 	284263
http://sonpetitwouf.canalblog.com/	Mes larmes pour Lui	L'histoire d'une princesse déchue, soumise par amour pour son Maître. 	284263
http://bondagemoi.canalblog.com/	Bondage moi	Un passionné du bondage nous offre ses trouvailles du net et ses articles. 	284263
http://yanncom.canalblog.com/	Yann com	Il traite en priorité du fétichisme et de la pratique du bondage, une forme très soft des jeux de soumissions lors de l'acte amoureux. 	284263
http://heidiproject.canalblog.com/	Heidi project	BDSM et ballades oniriques et sensuelles dans les alpages 	284263
http://moneyslave-maitresse-clara.erog.fr/	Maîtresse Clara	Divine et démoniaque Dominatrice black de 20 ans, à la recherche de soumis et soumises moneyslaves. 	284263
http://evadomina.unblog.fr/	Maîtresse Eva	Journal intime de Maîtresse Eva. 	284263
http://irc.bdsm-fantaisie.com/	BDSM  fantaisie	Canal IRC francophone destiné aux amateurs de BDSM. Propose aussi une galerie de photos. 	284262
http://www.bdsmcircle.net/	Le cercle BDSM	Exemples de contrats, textes sur la culture SM, histoires érotiques et galerie de photos. 	284262
http://gwentv.free.fr/	Gwendoline	Travesti adepte du self-bondage. Collection de photos et conseils sur le self-bondage. [appel surtaxé] 	284262
http://www.sensationsm.com/	SensationSM	Présente des annonces et galeries des membres, un chat  et des rubriques thématiques. 	284262
http://www.nuitdemonia.com/	La Nuit Dèmonia	Calendrier des nuits fétichistes françaises. 	284262
http://www.dress.fr/	Dress.fr	Portail d'annonces et chat. 	284262
http://revesdefemme.free.fr/	Rêves de Femme	Histoires érotiques et récits BDSM d'internautes racontant leurs expériences personnelles ou leurs fantasmes. 	284262
http://www.maitresse-cindy.com/	Maitresse Cindy	La Domina moderne de l'homme contemporain 	284262
http://www.ma-demoiselle.net/	Mademoiselle la soumise	Le site d'une femme soumise, totalement dévouée à son Maître. [Payant] 	284262
http://www.france-dominatrices.com/	France Dominatrices	Le guide complet de toutes les Dominatrices francophones. [appel surtaxé] 	284262
http://libertinepiedsnus.free.fr/	Libertine aux pieds nus	Des pieds nus pour le plaisir des yeux. 	284262
http://www.maitresse-francoise.com/	Maitresse Francoise	Dominatrice forme des sissies vêtues de latex et de cuir dans son donjon à Paris. 	284262
http://mehere.free.fr/	Khayyam's Alamut	Guide de Shibari en photos et reflexions sur le BDSM et le SM. 	284262
http://bdsm.info.free.fr/	BDSM.info	Tout ce qu'il faut savoir avant et pendant une relation BDSM. 	284262
http://www.lacitebdsm.com/	La Cité du BDSM	La Cité BDSM est un portail quebécois avec un forum, un chat. 	284262
http://www.dominatrice.tv/	Dominatrice.tv	Portail spécialisé dans le fétichisme et le sado-masochisme. [Payant] 	284262
http://sylviedomina.free.fr/	Sylvie Dominatrice	Maîtresse Sylvie est une passionnée de la domination par la féminisation. 	284262
http://www.maitresse-cathy.com/	Maitresse Cathy	Maitresse Cathy est à l'écoute du corps et des mots de ses soumis. 	284262
http://www.myfetishway.com/	My fetish Way	Site de rencontres pour les passionnées et amateurs de BDSM et de Fetishisme. En plus, vous pourrez y voir des Films, des Photos... 	284262
http://kinks.ca/	BDSM de montreal	Dunter est un expert en bondage mais pas seulement. Membre actif de la région de Montréal il propose également les soirées, les amis, les ateliers autant que les contacts. 	284262
http://sweetlord137.free.fr/	Sweet Lord	Le bondage en clair, explication, définition et prise de rendez-vous pour se faire ligoter. Uniquement pour femmes. 	284262
http://freewolf.chez.com/	Freewolf création cuirs	Catalogue photographique d'un fabricant  d'objets de contrainte et de vêtements en cuir. 	284262
http://morgane-folies.com/	Les Folies de Morgane	Magasin en ligne d'articles exclusivement dédiés au fétichisme et au sado-masochisme. 	284262
http://miss-lilith.be/	Miss Lilith	Dominatrice, sur tournai Belgique, présente ses pratiques par écrits et photos et se propose pour des rencontres. 	284262
http://frenchponyplay.blog4ever.com/	Ponyplay	Espace consacré pour ponyplay mais aussi à toutes autres activité BDSM. 	284262
http://www.marcheauxesclaves.com/	Le Marché aux esclaves	Espace de rencontre BDSM dédié principalement aux rencontres et aux discussions entre adeptes de domination et de soumission. La discussion, le fantasme, et toutes les pratiques sexuelles sont les bienvenues. 	284262
http://www.maitressefranna.com/	Maitresse Franna	Maitresse Franna est une dominatrice de Montréal qui offre des services de domination par téléphone. [Appel surtaxé] 	284262
http://ironair.unblog.fr/	Iron et Air	Iron et Air partage leur goût et leur conseil sur le bondage. 	284262
http://maitressealicedomina.erog.fr/	Maitresse Alice	Maitresse Alice est située à Nancy. Dominatrice qui pratique le ballbusting, l'uro, l'usage de pinces, de godes, de fouets, bondage ainsi que d'autres pratiques. 	284262
https://www.blog4ever.com/p-lantreducaiman	L'Antre	Présentation de l'Antre du Caïman où il est possible d'organiser des soirées BDSM. 	284262
http://www.danseusesnues.com/	Danseuses Nues.com	Répertoire des clubs de danseuses nues au Québec. 	284270
http://www.aeqsa.com/	Association des échangiste du Quebec (AAQSA)	Présentation de l'association, informations juridiques, forum, dialogue, et calendrier des soirées. 	284267
http://www.lisa-escort.com/	Lisa	Escorte à Genève et environs. 	284279
https://www.felinesescort.com/	Felines Agency	Agence d'escorte internationale pour hommes, femmes et couples. Photos, services et tarifs. Genève. 	284279
http://www.agence-elegance.ch/	Agence Elegance	Agence d'escorts internationale pour hommes et femmes. Genève. 	284279
http://www.easylives.com/	Agence Easylives	Agence d'escortes femmes et hommes basée sur Genève. Formules, tarifications et photos. 	284279
http://www.venusia.ch/	Salon Vénusia	[Genève] Salon érotique, service de relaxation à caractère sexuel. Tarifs et descriptif des prestations. 	284279
http://www.extasia.ch/	Extasia	[Lausanne] Sex Shop orienté cuir et vidéos. Plan d'accès, articles et tarifs. 	284278
http://elleetlui45.free.fr/	Elle et lui, couple du 45	Photographies et vidéos d'un couple amateur et de leurs contacts. [Photos hard après obtention d'un code gratuit] 	284286
http://www.les-chandelles.com/	Les Chandelles	Club échangiste. Agenda, conseils de lectures, dress-code et billets d'humeurs de l'animatrice. 	284292
http://cinebeverley.chez.com/	Le Beverley	Photographies amateurs prise dans ce cinéma, horaires et plan d'accès. 	284290
http://www.nuit-elastique.com/	Nuit élastique	Informations sur une soirée fétichiste à Paris : dates, tarifs, plan d'accès, dresscode, ... 	284289
http://www.idflibertine.com/	IDF libertine	Ressources pour libertins en Ile de France : annonces, profils, chat, lieux commentés et notés et autres ressources de sexe (vidéos, boutique, ...). Gratuit pour couples et femmes. Payant pour les hommes et les ressources sexe. 	284288
http://www.lusineclub.com/	L'usine club privé	[Belval, Vosges] Club, hôtel et restaurant. Horaires, tarifs et programme des soirées. 	284296
http://bilitis.com/	Club le Bilitis	[Plounerin, Côtes-d'Armor] Club de rencontre, discothèque, hamman, et jacuzzi pour échangistes et gays. Agenda des soirées et plan d'accès. Photos de l'établissement et de soirées. 	284297
http://www.aquicharm.com/	AquiCharm	[Sud-Ouest] Site de rencontres coquines avec galeries photos, vidéos, forums, annonces et adresses utiles. 	284305
http://www.lecleo.com/	Le Cléo club libertin	Agenda, forum de discution et photographies des soirées et du restaurant. Nances. 	284306
http://www.xtremecenter.fr/	Xtreme center	[Pierre Bénite et Villeurbanne] Vente d'accessoires spécialisés, de tenues latex ou cuir, de vidéos et de revues. Deux établissements. 	284306
http://libertinage2607.onlc.fr/	Libertinage 2607	Le libertinage dans la Drôme et dans l'Ardèche avec une rubrique photos, vidéos un forum, une boutique et un mini-chat. 	284306
http://www.maitresse-shanna.com/	Maîtresse Shanna	[Toulouse, Haute-Garonne] Domination et SM. Description du donjon et liste des pratiques, avec photos. Organisation de soirées et stages d'éducation. 	284307
http://michaelescortboytoulousealbi.unblog.fr/	Mickael escort boy	Il s'agit essentiellement d'un service d'accompagnement. 	284307
http://www.brians-nightshows.com/	Brian's night shows	[Lyon, Rhône] Agence de striptease et gogo danseurs, tournées événementielles. Présentation de la société, des prestations et des artistes. Photos, contact et descriptions. 	284310
http://www.chat-land.org/	Chat-land	Réseau de rencontres et de discussion via le protocole IRC. 	284260
http://www.alchiarodilunaclub.com/	Al Chiaro di Luna	[Foiano della Chiana, AR] Presentazione del club, dei servizi offerti, degli eventi in programma. 	283267
http://www.roccosiffredixxx.it/	Siffredi, Rocco	Presentazione dell'attore e della filmografia nel sito ufficiale. 	283314
https://lecavo.ch/soirees/	Le Cav'O	Lieu de soirées bdsm et fetish en Suisse romande. 	284262
http://bdsm-attirances.com/	Bdsm attirances	L'univers bdsm sous toutes ses formes, textes, photos, pratiques sexuelles. 	284262
http://petgirl.unblog.fr/	Journal d'une petgirl	Entièrement dédié à l'univers petplay avec des informations sur la vie de petgirl ou petboy ainsi que des conseils sur la fabrication des accessoires BDSM nécessaires à cette pratique. Témoignages, interviews ainsi que de nombreuses photos, vidéos. 	284262
https://www.vivastreet.it/	Vivastreet	Ospita annunci suddivisi per categorie e zone geografiche. Presenti sezioni con inserzioni per adulti. 	283270
http://www.vampirella.it/	Vampirella	La transex di Pescara si presenta e illustra le modalità di contatto. 	283259
http://hollywoodprive.com/	Hollywood Club	[Torino] Presentazione del locale per scambisti, con foto degli ambienti e calendario delle serate proposte. 	283237
http://www.sexyshoplolas.com/	Lola's	Propone articoli di abbigliamento, oggettistica, video e riviste.  	283270
http://brunosophie.pagesperso-orange.fr/	L'Hyppocampe	[Saint-Maur et Paris] Club, Sauna, hammam et bain à remous libertins. Informations, photos de l'établissement et plan d'accès. 	284288
http://womenlove.communitysexy.com/	WomenLove	Sito per incontro fra donne. 	283302
http://www.federicatommasi.net/	Tommasi, Federica	Biografia, curriculum, foto e video dell'attrice hard. 	283314
http://www.guysinisrael.com/he/	שירותי ליווי לנשים	שירותי ליווי, מסאג' ושרותים נוספים בכל הערים בישראל. 	1052693
http://mycam.co.il/	My Cam	אתר סקס למבוגרים עם מידע ותוכן במגוון קטגוריות: גלריות סרטי סקס ותמונות עירום ומידע על שירותי סקס ואירוטיקה 	283731
http://www.bsex.co.il/	בי סקס	פורטל סקס ישראלי המביא אלפי סרטי סקס חינם לצפייה מיידית דרך האתר 	283730
http://www.fetishdeal.co.il/	FetishDeal	חנות סקס, יבואן ומשווק של: ציוד בדסמ, אביזרי מין, מוצרי סאדו מאזו, אביזרי אופנה אלטרנטיבית, הלבשה סקסית, גרביוני גוף, בגדים פטישיסטים. 	283729
http://www.onlyu.co.il/	החצי השני	ארגון החצי השני מפעיל את אתר הכרויות לסטודנטים ואקדמאים. 	283732
http://www.supertoys.co.il/	.חנות סקס	חנות און ליין למכירת אביזרי מין 	283729
http://www.binlove.co.il/	Bin Love	מערכת הכרויות של האתר לחיי הלילה ובילויים "בין". אתר הכרויות ללא דמי מנוי. 	283732
http://www.datebar.co.il/	DateBar	אתר הכרויות המאפשר עריכת חיפוש לפי מאפיינים מבוקשים, תיעוד התכתבויות, שמירת הסטוריית הקשר עם כל חבר במאגר וניהול שיחות צ'ט אחד על אחד. 	283732
http://www.zbeng.co.il/	זבנג - הכרויות דיסקרטיות	הכרויות סקס דיסקרטיות לכל מטרה. באתר ניתן למצוא סטוצים, רומנים מהצד, הגשמת פנטזיות, משחקי שליטה, חילופי זוגות ועוד...ממשק נו וידידותי 	283732
http://www.hot-box.fr/	Hot-Box	Sauna gay situé à Trégueux (Côtes-d'Armor). 	284259
https://www.lekorosko.com/	Le Korosko	Sauna gay et échangiste. Lorient, Morbihan (56). 	284259
http://www.nudebarparis.com/	Entre deux eaux	Bar gay et naturiste. Paris 11e. 	284259
https://www.sneakersgate.com/	Sneakersgate	Dédié aux hommes fétichistes sportwear (sneakers, de survêtements, etc.). Exige une connexion. 	284259
https://www.newrelax.ch/	New Relax	Sauna hétéro, bi, homo, avec espace gay, à Lausanne. 	284259
https://pinkbeach.ch/	Pink Beach	Sauna gay à Lausanne. 	284259
https://www.gaynext.ca/	Gaynext	Rencontres entre hommes au Québec. 	284259
https://www.hommefleur.net/	Homme fleur	Communauté et rencontres sur le thème du travestissement. 	284259
http://wimaan.fc2web.com/	うぃま～んまっさーじ	バンコクにあるマッサージ店。店内紹介、交通アクセス、料金システム、在籍情報。 	283814
http://www.gdiary.com/	ジーダイアリー	バンコクにある風俗店を紹介。店舗・在籍情報検索、メールマガジン、情報誌の紹介。 	283814
http://www.dt-k.net/	ダウンタウン熊本	熊本県内の飲食店・風俗店情報を紹介。店舗紹介、グラビア、店舗と在籍情報の検索。 	283817
http://hotelsepia.web.fc2.com/	ホテルセピア	八代市にあるラブホテル。料金システム、交通アクセス、掲示板。 	283817
http://www.aroma-bloom.jp/	アロマブルーム	出張アロマエステ。サービス紹介、料金システム、在籍情報、求人情報。 	283817
http://www.carol-group.co.jp/	キャロルグループ	岩手、宮城、秋田に展開するラブホテルチェーン。各ホテルの施設、料金、アクセス案内。 	283820
http://www.julian.co.jp/	ジュリアングループ	東京、埼玉に展開するデリバリーヘルス店。店舗情報、在籍情報、料金システム、イベント情報。 	283826
http://www.yumemiruotome.com/	夢見る乙女	関東地方を拠点とするデリバリーヘルスのグループ。横浜店の案内、他店舗「人妻セレブリティ」「巨乳なピーチパイ」などへのリンク、在籍情報、利用ガイド、料金システムなどがある。 	283826
http://www.h-aroma.com/	アロマプリンセス	東京、千葉、神奈川、埼玉を拠点とするグループ。広尾店の案内、他店舗へのリンク、在籍情報、料金システムなどがある。 	283825
http://www.truthg.com/	トゥルースグループ	首都圏に店舗を展開するソープランドのグループ。各店舗の情報、在籍情報、更新情報、利用ガイド、コラム、在籍者検索、求人情報などがある。 	283825
http://www.nice-cast.com/	ナイスグループ	神奈川県横浜市、及び東京都新宿区で営業しているソープランドチェーン。各店舗の紹介。 	283825
http://www.purelovers.com/	ぴゅあらば	東京都、千葉県、埼玉県の風俗店に関する情報を専門に取り扱う。店舗検索と在籍者検索が中心。その他にコラム、グラビア、割引情報などがある。 	283825
http://www.host2.jp/	ほすほす	地方内のホストクラブに関する情報を取り扱う。店舗情報、在籍情報、ギャラリー、ムービーなどが中心。 	283825
http://www.pn10.jp/	ピンクナイト東京	首都圏を中心とした風俗店に関する情報を取り扱う。店舗検索、ギャラリー、映像配信とコラム。 	283825
http://www.f-lib.com/	風俗らいぶらりー	首都圏の風俗店をマンガの形でレビューしている。その他に読者によるレビュー、掲示板、業種ガイド、リンク集。 	283825
http://www.shake-press.jp/	Shake Web	北関東に限定した風俗店に関する情報を取り扱う。店舗情報、キャンペーン情報、在籍情報。 	283825
http://www.k-wave.jp/	K-wave GROUP	千葉県・埼玉県に4つの店舗を持つ。各店舗の客室紹介・料金システム・サービス紹介・交通アクセス。 	283827
http://www.hotelapricot.jp/	ホテルアプリコット	群馬県・栃木県に6つの店舗を持つ。各店舗の客室紹介・交通アクセス、空室情報。 	283827
http://hotelsera.com/	Hotel SERA	栃木県・群馬県に4店舗を持つ。イベント情報、掲示板、各店舗の施設紹介・サービス紹介・交通アクセス。 	283827
http://www.daysnavi.info/	デイズナビ	風俗店に関する情報を専門に取り扱う。地域別検索、業種別検索、在籍情報、ディレクトリが中心。 	283830
http://www.ad-box.com/	九州風俗サイト	風俗店に関するリンク集を中心に、新規店舗情報、新規在籍者情報、コラム、掲示板などがある。 	283830
http://www.delidas.jp/	Delidas	デリバリーヘルスを専門に取り扱っているフリーペーパー。県別のディレクトリと雑誌案内。 	283830
http://uno-g.com/	Uno	宮崎県、及び大分県で営業しているラブホテルのグループチェーン。各店舗の情報、イベント情報、割引案内、よくある質問などがある。 	283829
http://www.duck.gr.jp/	クレイジーダック	大阪府大阪市、及び京都府京都市で営業しているファッションヘルスのグループ。各店の紹介、掲示板、求人情報。 	283833
http://www.clubpassion1.com/	クラブパッショングループ	大阪府大阪市、及び京都府京都市を拠点とするデリバリーヘルス店舗のグループチェーン。全店舗を対象にした在籍者検索を中心に、店舗一覧、イベント情報、ニュース、求人情報などがある。 	283833
http://www.sigmagroup.jp/	シグマグループ	関西地方に展開するデリバリーヘルスグループ。エリア別の店舗・在籍者情報、指名ランキング。 	283833
http://0120391515.com/	人妻本舗	富山市・金沢市を拠点とするデリバリーヘルス。在籍情報、料金システム、利用案内、求人情報、ブログ。 	283838
http://www.yoasobi.co.jp/	夜遊びガイド	東海地方の風俗店に関する情報を取り扱う。店舗情報及び検索、在籍情報が中心。 	283837
http://www.citygroup.co.jp/	ホテル大使館グループ	愛知、岐阜で営業しているラブホテルのグループ。店舗案内、イベント情報、ニュース。 	283839
http://www.plan-next.com/	Love Hotel Clip	東海地区のラブホテル紹介。各ホテルのリスト・レポート、利用のマナー、掲示板、クーポンがある。 	283839
http://www.sm-mizuki.net/	深月	岡山市内を拠点とする出張SMクラブ。料金システム、利用ガイド、在籍情報、求人情報とウェブログ。 	283848
http://www.hotenavi.com/vita/	Vita	倉敷市。部屋紹介、料金案内、サービス紹介、交通アクセス。 	283849
http://www.derhythm.com/	Derhythm	山口市を拠点とするデリバリーヘルス。在籍情報、料金システム、ブログ、求人情報。 	283851
http://blog.goo.ne.jp/canalbay	キャナルベイホテル	下関市にあるホテル。サービス紹介、客室紹介、交通アクセス。 	283851
http://www.c-lagoon.jp/	HOTEL CHACHA LAGOON	美祢市にあるホテル。客室紹介、料金システム、サービス紹介、交通アクセス。 	283851
http://www.hotel-seizan.com/	ホテルせいざん	佐賀市。料金システム、部屋の案内、サービス情報。 	283856
http://www.hotel-kbc.com/	ホテルKBC	小城郡牛津町。利用案内、客室紹介、交通アクセス。 	283856
http://www.hotenavi.com/cocopalm/	ココパーム	鳥栖市。料金システム、客室紹介、食事メニュー、交通アクセス。 	283856
http://www.hotel-niagara.com/	ホテルナイアガラ	尾花沢市にあるホテル。客室紹介、料金システム、キャンペーン情報。 	283858
http://www.erection.jp/	Erection	山形市を拠点とするデリバリーヘルス。料金システム、在籍情報、出勤スケジュール、ギャラリーと求人情報。 	283858
http://www.sky-g.net/	HOTEL SKY GROUP	山形市・東根市に複数の店舗を展開するラブホテルグループ。料金案内、各店舗の館内写真と交通アクセス。 	283858
http://www.riseup.cc/	ライズアップ	山形市・米沢市・酒田市を拠点とするデリバリーヘルス。在籍情報、料金システム、求人情報。 	283858
http://www.daytonagals.com/	ナイトギャルズ	県内を拠点とするデリバリーヘルス。料金システム、在籍情報、キャンペーン情報、求人情報、ブログ。 	283858
http://www.lovegirls.jp/	*girls	デリバリーヘルス。在籍情報、グラビア、ブログ、掲示板。 	283858
http://www.hotel-silk.net/	シルクロード	沖縄市。宿泊案内、部屋とサービスの紹介。 	283865
http://www.wh-ry.net/	Water Hotel Ry	宜野湾市。客室と料金の紹介、メンバーカードの案内。 	283865
http://www.lovelypop.com/	ラブリーポップ	杉並区で営業しているグッズショップ。男性単独での入場不可。店舗案内、最新情報、ウェブマガジン、オンラインショップ。 	283868
http://www.ueno-pandra.com/	パンドラ	台東区。料金システム、在籍情報、求人情報、アクセス情報。 	283870
http://www.renaissance.ne.jp/	ルネッサンス	新宿区。料金システム、地図、在籍情報、イベント情報、よくある質問、求人情報。 	283870
http://www.madonna.gr.jp/	マドンナグループ	都内で営業しているチェーン。各店舗の情報、求人情報、入会案内、英語による案内。 	283870
http://www.mo-hs.com/	ももいろ白書	港区で営業している店舗型イメージクラブ。利用ガイド、在籍情報、利用可能なコスチュームの紹介、ニュース、出勤スケジュール、掲示板などがある。 	283870
http://www.tokyo-harem.com/	東京デジタルハァレム	都内を中心とした風俗店の情報を取り扱う。店舗検索、在籍情報及び検索、コラム、ギャラリー、用語辞典、割引案内などがある。 	283871
http://www.dream7000.com/	ドリームグループ	台東区で営業しているグループ。各店舗の情報、在籍情報、出勤スケジュール、ニュース、求人情報、イベント情報、メールマガジンの案内。 	283872
http://holein-1.jp/	ホールインワン	豊島区。外国人専門。料金システム、ニュース、在籍情報、利用可能なホテル一覧、求人情報。 	283872
http://www.misty-web.com/	ミスティー	品川区。料金システム、プレイ内容を元にしたマンガ、在籍情報、在籍スケジュール、コスチューム紹介、コラム、ランキング、求人情報などがある。 	283872
http://www.loveimage.jp/	ラブイマージュ	港区。在籍情報、料金システム、ニュース、掲示板、よくある質問、コスチューム紹介などがある。 	283872
http://www.soku-apo.jp/	即アポ!!人妻サークル	都内を拠点とする。料金システム、在籍情報、コスチューム紹介、求人情報、掲示板などがある。 	283872
http://www.deep-info.jp/index.html	deep_web	新宿区。ニュース、在籍情報、出勤スケジュール、料金システム、ギャラリーなどがある。 	283872
http://www.tokyo-komadam.jp/	コマダムPremium	港区。ニュース、在籍情報、料金システム、コスチューム紹介、ギャラリー、コラム、よくある質問、掲示板などがある。 	283872
http://www.suiren-project.jp/	粋恋の人妻	大田区を拠点とするデリバリーヘルス。待ち合わせ型。料金システム、在籍情報、出勤スケジュールなどがある。 	283872
http://www.fu-zo-ku.com/	リップグループ	都内で営業しているグループ。渋谷・上野にある各店舗の情報。 	283872
http://s.pln.jp/	白金プラチナ	港区。店舗案内、料金システム、在籍情報、出勤スケジュール。 	283872
http://www.club-acqua.com/	Club ACQUA	新宿区にあるホストクラブ。在籍情報、日記・コラム、写真ギャラリー、システム紹介、メディア掲載情報。 	283873
http://www.aun-net.com/	あ・うん	台東区。料金システム、在籍情報、ニュース、求人情報、ギャラリー、ウェブログ。 	283874
http://www.c-baron.com/	エクセレントクラブ男爵	台東区。料金システム、在籍情報、出勤スケジュール、求人情報、ムービー、リンク集。 	283874
http://www.rosso-martini.com/	エグゼクティブマティーニ	台東区。料金システム、在籍情報、求人情報、会員向けコンテンツ、キャンペーン情報、英語による案内。 	283874
http://www.e-vip.co.jp/	エメラルド皇帝	台東区。店舗案内、在籍情報、キャンペーン情報、求人情報、会員向けコンテンツ。 	283874
http://www.grand-opera.com/	オペラ	台東区。店舗案内、日記、料金システム、在籍情報、ニュース、求人情報、掲示板。 	283874
http://www.camomile-web.net/	カモミール	台東区。料金システム、在籍情報、ニュース、求人情報、出勤スケジュール、ギャラリー。 	283874
http://www.soapcosmos.com/	コスモス	台東区。料金システム、イベント情報、在籍情報、ニュース、求人情報、ランキング、よくある質問。 	283874
http://www.cordon-blue.com/	コルドンブルー	台東区。料金システム、在籍情報、求人情報。 	283874
http://www.furonavi.com/	フロなび	台東区にある店舗の情報を専門に取り扱う。店舗情報、店舗検索、リンク集、ギャラリー。 	283874
http://www.soap-playboy.com/	プレイボーイ	八王子市。在籍情報、料金システム、地図、利用ガイド。 	283874
http://www.56031426.com/	ボジョレーヌーボー	台東区。料金システム、在籍情報、求人情報。 	283874
http://www.mandarin115.com/	マンダリン	台東区。店舗案内、料金システム、在籍情報、求人情報、よくある質問。 	283874
http://www.m-rouge.com/	ムーランルージュ	台東区。料金システム、在籍情報、出勤スケジュール、コラム、求人情報。 	283874
http://www.lavieen-lose.co.jp/	ラビアンローズ	台東区。料金システム、在籍情報、出勤スケジュール、ニュース、求人情報。 	283874
http://www.roberta.co.jp/	ロベルタ	台東区。料金システム、在籍情報、求人情報、入会案内。 	283874
http://www.talent-club.com/	多恋人倶楽部	台東区。料金システム、在籍情報、ニュース、求人情報、キャンペーン情報、よくある質問、会員向けコンテンツ。 	283874
http://www.showgun.jp/	将軍	台東区。店舗案内、料金システム、在籍情報、求人情報、会員向けコンテンツ。 	283874
http://www.y-ousama.net/	王様と私	台東区。料金システム、在籍情報、求人情報、メールマガジンの案内、会員向けコンテンツ。 	283874
http://www.club-zakuro.com/	石榴	台東区。店舗案内、料金システム、在籍情報、求人情報、会員向けコンテンツ、よくある質問、ギャラリー。 	283874
http://www.geihinkan.co.jp/	迎賓館	台東区。ニュース、料金システム、在籍情報、コラム、在籍者による日記、求人情報、ギャラリー。 	283874
http://www.kinpei.net/	金瓶梅	台東区。料金システム、在籍情報、求人情報、ギャラリー、会員向けコンテンツ。 	283874
http://www.arvent.com/	Arvent.com	台東区の「大奥」及び「牛若丸」。各店舗の情報、ニュース、求人情報、。 	283874
http://www.club-hana.net/	Club華	台東区。料金システム、在籍情報、ニュース、求人情報、会員向けコンテンツ。 	283874
http://www.yuzuki-club.com/	夕月Club	台東区の「夕月グループ」。各店舗の情報。 	283874
http://www.md-007.com/	ミスターダンディpart2＆ドンファン	台東区で営業しているグループ。各店舗の情報、料金システム、在籍情報などがある。 	283874
http://www.r-social.com/	Social蘭	台東区。料金システム、在籍情報、求人情報、よくある質問、会員向けコンテンツ、ギャラリー。 	283874
http://www.tohri-i.com/	桃季	豊島区。在籍情報、店舗案内、地図、求人情報。 	283874
http://www.soap-fourseason.com/	フォーシーズン	台東区。リラクゼーションソープ。サービス紹介、料金システム、在籍情報、求人情報。 	283874
http://www.picasso-club.jp/	ピカソ	台東区。料金システム、在籍情報、求人情報、会員向けコンテンツ。 	283874
http://www.hisyo.co.jp/	秘書室	台東区。料金システム、在籍情報、ニュース、求人情報、在籍者インタビュー、よくある質問。 	283874
http://www.amours.jp/	アムール品川	品川区にあるデートクラブ。料金システム、登録者情報、入会案内、よくある質問、地図。 	283869
http://www.yumeraku.com/	夢の楽園	杉並区で営業しているカップル喫茶。利用案内、料金システム、店内紹介、掲示板。 	283869
http://www.roshutsuclub.com/	渋谷露出クラブ	渋谷区で営業しているオナニークラブ。料金システム、プレイ内容、在籍情報、出勤スケジュール、割引案内、アクセス情報、掲示板。 	283869
http://www.yoshiwara.tv/	浅草防犯健全協力会	概要、吉原の歴史についてのコラム、加盟店検索。 	283869
http://www.dotonbori.co.jp/	渋谷道頓堀劇場	渋谷区にあるストリップ劇場。交通アクセス、公演時間・入場料金、出演予定。 	283869
http://www.imagine-tokyo.com/	イマジン東京	品川区を拠点とする出張マッサージ店。料金システム、サービス案内、よくある質問。 	283875
http://www.shibuya-src.com/	渋谷ボディクリニック	渋谷区で営業している性感エステ。料金システム、コース案内、プレイガイド、在籍情報、アクセス情報などがある。 	283875
http://www.arrest-sm.com/	アレスト	台東区。最新情報、料金システム、在籍情報、出勤スケジュール、アクセス情報などがある。 	283876
http://www.petitbali.com/	プティバリ	豊島区。店舗紹介、料金システム、最新情報、割引に関する案内。 	283877
http://www.hotelalphain.com/	ホテルアルファイン	港区。SMホテル。システム、施設紹介、器具料金表、交通アクセス。 	283877
http://www.hoteloita.com/fusion/	フュージョン	大分市。客室や設備の紹介、利用案内。 	283880
http://www.skyclub.co.jp/	スカイクラブ	大分市・別府市に店舗を展開するホテルグループ。店舗一覧、各店舗の客室紹介・交通アクセス、キャンペーン情報。 	283880
http://continuar.web5.jp/	hotel continuar	別府市。客室紹介、料金システム、交通アクセス。 	283880
http://www.coco-de.jp/	COCO de RESORT GROUP	大分市に店舗を展開するホテルグループ。施設一覧、客室紹介、料金システム、メンバーシステム。 	283880
http://lovehotel-map.com/	三重ラブホテルまっぷぅ	県内のラブホテルに関する情報を専門に取り扱う。店舗情報、地域別のディレクトリ、読者による情報提供システム、コラム、よくある質問などがある。 	283883
http://hotel-satis.com/	ホテル サティス	伊勢市。施設紹介、食事メニュー、料金プラン、会員システム紹介、交通アクセス。 	283883
http://www.attezza.com/	Attezza	四日市市。客室の紹介と料金情報、サービスメニュー、会員特典。 	283883
http://bs-love.jp/	BackStreetLOVE	大阪府を中心とした風俗店サイトの更新情報とリンク集。 	283887
http://www.dear-q.com/	ディアクィーンズ	大阪市を拠点とするデリバリーヘルス。料金システム、在籍情報、出勤スケジュール、求人情報、リンク集。 	283888
http://www.pucchigal.com/	プッチギャル	大阪市を拠点とするデリバリーヘルス。料金システム、在籍情報、出勤情報、出張可能エリアの紹介、ギャラリー、コスチューム紹介などがある。 	283888
http://www.0930nikki.com/	奥さま日記	大阪市梅田・京橋を拠点とするデリバリーヘルス。利用案内、在籍情報。 	283888
http://taku.pop7.jp/	ハートラインTaku	大阪市と拠点とする女性向け出張性感マッサージ店。サービス案内、料金システム、出張範囲に関する情報、よくある質問などがある。 	283888
http://s1.artemisweb.jp/clubpassion/	Club passion	大阪市を拠点とする女性向けマッサージ店及び出張ホスト。店舗案内、料金システム、在籍情報、よくある質問、リンク集、経営者に関する情報。 	283888
http://www.maido.ms/	まいど風俗ネット	大阪府を中心としたデリバリーヘルスに関する情報を掲載している。店舗情報を中心に、沿線検索、在籍者検索、割引案内。 	283888
http://www.comterose.jp/	コンテローゼ	大阪市を拠点とするデリバリーヘルス。料金システム、在籍情報、求人情報、スタッフブログ。 	283888
http://mrs-comterose.jp/	ミセスコンテローゼ	大阪市を拠点とするデリバリーヘルス。店舗情報、料金システム、出勤スケジュール、在籍情報。 	283888
http://ikenai.jp/	いけない奥さん	大阪市を拠点とするデリバリーヘルス。料金案内、在籍情報。 	283888
http://shion-g.com/	ONEグループ	大阪市で営業しているホストクラブのグループ。店舗公式サイトへのリンクと求人情報。 	283889
http://www.club-acqua.net/	アクア	大阪市で営業しているホストクラブ。在籍情報、イベント情報、出勤情報などがある。 	283889
http://www.erochika-seven.jp/	エロチカセブン	大阪市梅田で営業しているセクキャバ。イベント情報、料金情報、在籍情報、割引案内など。 	283889
http://www.gm-g.com/	グラマラスガーデン	昼間から営業している梅田のキャバクラ。キャスト紹介、キャンペーン情報、ブログなど。 	283889
http://www.deepgroup.jp/	ディープグループ	大阪市のホストクラブ「源氏」「Ai-For-You」を運営するディープグループ。料金システム、ホスト紹介、イベント情報などに加えて、グッズ通販も。 	283889
http://www.club-h.net/	クラブアッシュ	大阪市で営業しているOLセクハラプレイ専門ヘルス。在籍情報、出勤予定、料金システム、求人情報。 	283886
http://www.san-yu.net/	三友	大阪市にあるアダルトグッズ・ブルセラショップのグループ。各店舗サイトへのリンクと紹介。 	283886
http://hotel-alps.com/	ホテルアルプス	大阪市中央区。料金システム、客室紹介、サービス紹介、交通アクセス。 	283891
http://www.m-kojo.com/	メモリアル古城	洲本市。部屋の紹介、利用案内。 	283895
http://www.renaissa.net/	RENAISSA	神戸市。サービス紹介、部屋紹介、料金システム、交通アクセス。 	283895
http://www.vhotel.jp/	V HOTEL	神戸市。部屋の紹介、料金システム、サービス紹介、交通アクセス。 	283895
http://clane.info/	クライングループ	県内で複数の風俗店を経営しているグループ。各店舗の情報、在籍情報、キャンペーン情報などが中心。 	283900
http://www.hotel-joy.net/	HOTEL JOY	宮崎市にあるラブホテル。利用案内、メンバー特典の紹介、客室紹介と料金、フードメニュー、交通アクセス。 	283900
http://silhouette-m.com/	シルエット	宮崎市を拠点とするデリバリーヘルス。システム紹介、在籍情報、出勤予定、求人情報。 	283900
http://www.playboy022.jp/	PLAYBOY	仙台市にあるソープランド。コスチューム一覧、イベント情報、料金システム、求人情報、交通アクセス。 	283903
http://www.poplife-h.com/	ポップライフ	徳島市。料金、部屋の紹介、サービス情報。 	283906
http://www.ahi-ahi.com/	アヒアヒ	鳴門市。客室紹介、フードメニュー、料金システム、交通アクセス。 	283906
http://www.exqueens.com/	EXクイーンズ	徳島市内で営業しているソープランド。料金システム、在籍情報、アクセス情報、求人情報、利用上の注意、リンク集。 	283905
http://www.stw-jp.com/	スチュワーデス	新潟市にあるソープランド。在籍情報、出勤予定、交通アクセス、求人情報。 	283912
http://www.hotel-us.jp/	Us	新潟市にあるラブホテルのチェーン。各施設の部屋の紹介とアクセス。 	283911
http://www.awa-awa.com/	女子寮	和歌山市のソープランド。在籍情報、料金案内、周辺地図。 	283918
http://www.emperor-wk.com/	エンペラー	和歌山市のソープランド。料金システム、アクセス、求人情報。 	283918
http://www.eonet.ne.jp/~west-beach/	ウェストビーチホテル	和歌山市で営業しているラブホテル。イベント情報、店舗情報、アクセス情報、周辺ガイド、掲示板などがある。 	283917
http://kanazuen.com/	金津園ワールド	金津園の紹介、店舗の名前順・料金順一覧、泡姫データベース、質問データベース、求人情報。 	283922
http://kanazuen.org/	金津園	金津園にあるソープランドの一覧、掲示板、交通アクセス。岐阜特殊浴場防犯組合運営。 	283922
http://lovehotel-map.jp/	岐阜ラブホテルまっぷぅ☆	県内のラブホテル検索と取材レポート、投稿掲示板。 	283920
http://www.hotel-jungle.com/	ホテルジャングル	多治見市にあるラブホテル。料金システム、サービス紹介、部屋の紹介、交通アクセス。 	283920
http://www.bon-voyage.co.jp/	ボン・ボヤージュ	河北郡内灘町。客室紹介、料金システム、キャンペーン情報。 	283934
http://www.nikoh-s.co.jp/	日興商事	県内で複数のラブホテルを運営。各店舗の客室紹介・料金システム・交通アクセス、掲示板。 	283934
http://rose-berry.jp/	ローズベリー	金沢市。客室紹介、料金システム、交通アクセス、キャンペーン情報。 	283934
http://www2.nns.ne.jp/pri/chalet-w/	シャレーワシントン・スウィート	甲府市・甲斐市にある2つのラブホテル。各店舗の利用案内・部屋の紹介・交通アクセスを掲載。 	283936
http://www.takuhai69.com/	おねーちゃんおかあさん	札幌市内を拠点とするデリバリーヘルスのグループ。各店舗の情報、在籍情報、利用可能なラブホテルの情報が中心。 	283941
http://www.deri.co.jp/	デリヘル札幌	札幌市を拠点とするデリバリーヘルス。料金システム、在籍情報、求人情報、ニュースが中心。 	283941
http://www.renbo.jp/	恋慕	札幌市内を拠点とするデリバリーヘルス。システム案内、利用ガイド、在籍情報、求人情報。 	283941
http://www.aijinn.com/	愛人バンク	札幌市を拠点とするデリバリーヘルス。在籍情報、料金システム、出勤スケジュール。 	283941
http://www.akamonclub.com/	赤門倶楽部VIP	中央区。ニュークラブ。店内と在籍者の紹介、料金システム、マップ。 	283940
http://www.go-susukino.com/	すすきのへ行こう!	札幌市すすきの周辺の飲食店、キャバクラ、風俗店に関する情報をカテゴリー別に取り扱う。その他に地図とリンク集。 	283940
http://www.sapporo-mig.co.jp/	丸新岩寺グループ	札幌市を中心とした道内でラブホテルなどを展開するグループ。各店舗の情報。 	283939
http://catseye.onmitsu.jp/top.html	キャッツアイ	松江市を拠点とするデリバリーヘルス。料金システム、在籍情報。 	283943
http://www.wine-shuttle.net/	シャトル・ワイン倶楽部	簸川郡斐川町にある2つのラブホテル。各店舗の利用案内・料金システム・サービス紹介。 	283943
http://www.rose-roads.com/	ローズローズ	松江市で営業しているソープランド。料金システム、アクセス情報、在籍情報、求人情報。 	283943
http://www.hotenavi.com/bluemoon/	ブルームーン	射水市にあるホテル。キャンペーン情報、客室紹介、料金システム、サービス紹介、交通アクセス。 	283945
http://www.hotenavi.com/shangrila/	シャングリラ	富山市にあるホテル。客室・設備紹介、料金システム、サービス紹介、交通アクセス。 	283945
http://kyoto.pro-file.jp/	プロフィール	京都市拠点。出勤表、料金システム、新人情報。イベント情報や人気指名ランキング。 	283949
http://www.8-r.co.jp/	エイトルージュ	京都市を拠点とするファッションヘルス。システム紹介、在籍情報、求人情報。 	283948
http://fufufu.tv/	京都風俗情報	京都府の風俗店に関する情報を主に取り扱う。掲示板、在籍情報、割引案内、店舗一覧、チャットなどがある。 	283948
http://www.dx-tohji.co.jp/	DX東寺劇場	京都市のストリップ劇場。公演スケジュール、料金、アクセス。 	283948
http://www.hotel-dion.com/	Hotel Dion	京都市。コンセプト、設備紹介、料金案内、サービス紹介、交通アクセス。 	283950
http://www.hotel-cuna.com/	クーナー	京都市。キャンペーン情報、交通アクセス、料金システム、サービス紹介。 	283950
http://www.ehimegay.com/	Ehime Gay Walker	ゲイ向け地域情報サイト。掲示板、地域ゲイスポット情報、イベント情報などが中心。 	283956
http://imamadeeroeroatta.blog63.fc2.com/	愛媛発！H事情	県内のラブホテルに関する情報をウェブログの形式で公開している。その他に他業種の風俗に関する情報、SMに関するコラムなどがある。 	283958
http://www.77nana.com/	ホテルnana	松山市。料金システム、部屋の案内、サービス情報、アクセス。 	283958
http://www.hotel-noel.com/	Noel	宇和島市。設備紹介、メンバー制の案内、料金システム、交通アクセス。 	283958
http://www.h-colors.jp/	Hotel Colors	大洲市。部屋の紹介、料金システム、サービス紹介、交通アクセス。 	283958
http://www.h-cure.net/	ホテルキュア	新居浜市。部屋の紹介、料金システム、交通アクセス、ブログ。 	283958
http://heart-world.net/	ハートワールド	広島県を拠点とするツーショットチャンネル。プリペイドカード方式。利用案内、よくある質問などがある。 	283965
http://ccg.fc2web.com/	CCガールズ	広島市を拠点とするデリバリーヘルス。在籍情報、求人情報、掲示板。 	283965
http://drr.jp/	ドルフィンリングリゾートグループ	東広島市と三次市にあるラブホテルのグループ。各施設の料金システム、施設紹介、サービス、交通アクセスを掲載。 	283966
http://www.cph.in/	セレブプラザホテル	広島市。交通アクセス、料金システム、客室紹介、求人情報、掲示板。 	283966
http://kartini.jp/	カルティニ	広島市。キャンペーン情報、料金システム、客室紹介、掲示板、交通アクセス。 	283966
http://www.goldqueen.co.jp/	ゴールドクイーン	大津市。料金システム、在籍情報、掲示板、求人情報、利用ガイドなどがある。 	283978
http://www.ogoto.net/	滋賀県特殊浴場協会	大津市、いわゆる「雄琴」地域で営業しているソープランドの団体。店舗検索、料金検索、地図検索、交通案内などがある。 	283978
http://www.kinpeipai.jp/	金瓶梅	大津市。料金システム、在籍情報、指名ランキング、スタッフコラム、掲示板。 	283978
http://www.kamakura-goten.jp/	鎌倉御殿	大津市。店舗情報、在籍情報、料金システム、割引案内、交通案内。 	283978
http://www.tokeidai.tv/	とけい台	大津市。在籍情報、出勤予定、料金システム、求人情報。 	283978
http://www.amancross.com/	アマンクロス	大津市。システム紹介、在籍情報、交通アクセス。 	283978
http://www.ningyo-no-shiro.com/	人魚の城	大津市。システム紹介、在籍情報、出勤予定、求人情報。 	283978
http://diamond-net.com/	ダイヤモンドクラブ	大津市。在籍情報、料金システム、キャンペーン情報、求人情報。 	283978
http://www.maxim03.com/	マキシム	大津市。システム紹介、在籍情報、交通アクセス、求人情報。 	283978
http://www.ogoto-kb.com/	皇帝別館	大津市。システム紹介、在籍情報、求人情報。 	283978
http://www.9999club.com/	FOURNINE	大津市。料金システム、在籍情報。 	283978
http://hotel-nana.com/	ホテルNaNa	近江八幡市にあるホテル。客室紹介、料金システム、交通アクセス。 	283976
http://www.cote-dazur.jp/	コートダジュール	大津市にあるファッションホテル。客室・設備紹介、料金システム、交通アクセス。 	283976
http://www.sai-deli.jp/	埼玉デリヘルスタイル	埼玉県のデリバリーヘルスに関する情報を専門に取り扱う。店舗情報、区市町村別及び鉄道駅別の出張可能店舗検索、ニュース、新規在籍者情報、リンク集。 	283982
http://lalah.jp/	クラブララァ	さいたま市大宮区で営業しているキャバクラ。コンセプト、在籍情報、料金システム、交通アクセス。 	283981
http://www.hotel-noon.com/	HOTEL NOON	川口市にあるブティックホテル。部屋紹介、ルームサービス案内、料金一覧、交通アクセス。 	283983
http://www.ikoi.net/	ホテルIKOI	川口市にあるブティックホテル。利用案内、部屋・設備紹介、交通アクセス。 	283983
http://www.dh-nal.com/	ナル	川崎市を拠点とするデリバリーヘルス。システム案内、在籍情報、求人情報。 	283990
http://www.y-red.jp/	横浜レッドシューズ	西区南幸のキャバクラ。コンセプトやキャスト紹介、料金システム、イベント案内。 	283991
http://www.soap-minamicho.com/	川崎南町特殊浴場協会	川崎南町にあるソープランドによる協会。加盟店舗紹介、在籍情報、割引案内、求人情報。 	283992
http://www.kawasaki-soap.com/	川崎堀之内特殊浴場協会	川崎市堀之内地区にあるソープランドによる組合。加盟店舗の在籍情報、ランキング、割引情報、求人情報。 	283992
http://www.yokohama-soap.com/	横浜ソープランド協会	加盟店リンク、周辺観光案内。 	283992
http://a-ja.jp/	エイジャ	横浜市にあるカップル喫茶。料金システム、店内紹介、よくある質問、掲示板、アクセス情報、リンク集。 	283989
http://www.a-wife.net/	Sakura	横浜市で営業しているファッションヘルス。人妻専門。料金システム、在籍情報、割引情報、ムービー、出勤スケジュールなどがある。 	283989
http://www.hotel-metro.jp/	メトロ	横浜市。料金システム、客室案内、サービス案内、アクセス情報。 	283993
http://wiki.livedoor.jp/iwate_no_loveho/	岩手県のラブホ wiki	県内のラブホテルの情報をまとめるWiki。 	283996
http://www.hotel-toscana.jp/	ホテルトスカーナ	金ヶ崎町。キャンペーン情報、料金システム、交通アクセス。 	283996
http://www.h-cappuccino.com/	カプチーノ	北上市。店舗案内、部屋の紹介、料金システム。 	283996
http://www.yumedono.net/	YUMEDONO	盛岡市と金ヶ崎町に店舗。各店舗の料金システム・設備紹介・交通アクセス。 	283996
http://www.mikado.in/	帝	北上市。部屋の紹介、料金システム、交通アクセス。 	283996
http://www.heart-moon.com/	ハートムーン	盛岡市を拠点とするデリバリーヘルス。サービス案内、在籍情報。 	283995
http://www.himepara.net/	姫パラ	県内のデリバリーヘルスに関する情報を専門に取り扱う。店舗情報、在籍情報、ニュースが中心。 	283995
http://www.yesgrp.com/	YES Group	全国に店舗を持つグループ。各店舗の案内、キャンペーン情報、割引情報が中心。 	283999
http://www.cloverlife.net/	日刊アロマエステ新聞	男性向けエステ、及びマッサージ店の情報を専門に取り扱う。店舗情報、掲示板、FAQ、ニュース、リンク集などがある。 	284000
http://fuzoku.jp/	風俗じゃぱん	全国の風俗店に関する店舗情報を専門に取り扱う。地域別検索を中心に、在籍情報と割引情報。 	284000
http://www.bigdesire.co.jp/	Big Desire	全国の風俗店の情報を掲載する。ウェブサイトへのリンク、サービスの紹介。 	284000
http://www.fuzoku-townpage.com/	Fu-Town	全国の風俗店舗情報を専門に取り扱う。店舗情報、及び地域別、業種別のディレクトリ。 	284000
http://www.night-life.jp/	Nightlife	全国のの風俗店舗情報を地域別に紹介している。その他に都道府県別のディレクトリ、ランキング、管理者による店舗のレビューなどがある。 	284000
http://www.soap-f.com/	Theソープランド	全国のソープランドに関する店舗情報を都道府県別に掲載している。その他に地域別の掲示板とリンク集。 	284000
http://www.lvg.jp/	Love Gallery	各地域別・業種別の風俗店に関する情報を取り扱う。店舗情報、在籍情報、割引案内、ギャラリー、求人情報などがある。 	284000
http://www.h-engo.com/	人妻援護会	全国を拠点とするチェーン。各店舗の情報、在籍情報、求人情報が中心。 	284001
http://www.deliden.com/deliden/	デリヘル電話帳	全国のデリバリーヘルス情報を専門に扱う。店舗検索、割引情報、ブログ紹介。 	284001
http://www.urbane.co.jp/	アーバン	全国を対象とするツーショットダイアル。利用ガイド、料金システム、地域別案内、キャンペーン情報。 	284002
http://www.honeyline.co.jp/	ハニーライン	全国を対象としたテレホンクラブ・ツーショット・伝言ダイヤルなどのサービスを提供している。 	284002
http://9888.st/	スイートコール	全国対応のツーショットダイヤル・伝言ダイヤル。利用ガイド、料金案内などが中心。その他に画像ギャラリーなどがある。 	284002
http://www.smcall.jp/	イエローキャット	SMやセックスに関するツーショットダイヤル。説明用の録音テープが聞ける電話番号を案内。利用方法、料金案内などが中心。 	284002
http://www.cabalook.com/	キャバるっく	キャバクラ及びホストクラブなどの飲食店を対象とした検索システムを提供している。その他に掲示板、コラム、レビュー、用語辞典、リンク集。 	284003
http://www.prds.net/	ポケパラネット	全国のキャバクラ、セクシークラブ、飲食店に関する情報を地域別に掲載している。その他に在籍情報、主要都市の地図などがある。 	284003
http://www.jail-ory.com/	Jail	大阪府、東京都、愛知県で営業しているSMショーパブ、SMクラブ、SMサークルのチェーン。店舗情報、イベントの案内、料金システム、ギャラリーなどがある。 	284003
https://www.kadoebi.co.jp/	角海老グループ	全国に店舗を持つソープランドのグループ。各店舗の情報、在籍情報、在籍者検索、利用ガイド、ギャラリー、割引情報、料金一覧などがある。 	284004
http://www.harenchi.co.jp/	ハレンチグループ	全国に店舗を持つ風俗店のグループ。各店舗の情報、ニュースと求人情報。 	283998
http://couples.jp/	@カップルズホテルぴあ	ラブホテル・ファッションホテルの検索システムを提供している。部屋の特徴からホテルを検索することもできる。クーポンも発行する。 	284006
http://www.larweb.net/love/	LoveRecipe	宮城県と東京都を中心にしたラブホテルの情報を取り扱う。掲示板も用意されている。 	284006
http://www.itoyasu.co.jp/	クリスマスグループ	岐阜県岐阜市、及び滋賀県守山市で営業しているラブホテルチェーン。各店舗の情報、ニュース、求人情報、リンク集。 	284006
http://ohiruneracco.jp/	おひるねラッコ	西日本に店舗を展開するファッションホテルグループ。キャンペーン情報、各店舗の紹介、求人情報。 	284006
http://www.nadesiko6116.com/	大和ナデシコ	香芝市および大和高田市を拠点とするデリバリーヘルス。在籍情報、料金システム、ライブカメラ、ウェブログ、求人情報などがある。 	284012
http://www.hotel-woo.com/	Woo	大和高田市で営業しているラブホテル。客室紹介、設備紹介、料金システム、アクセス情報、サービス案内。 	284011
http://www.misoji.net/	三十路	名古屋市。料金システム、在籍情報、案内地図。 	284016
http://she-mail.jp/	シィメイル	名古屋市のニューハーフヘルス。料金システム、出勤状況、在籍情報、アクセス。 	284016
http://www.tokugawa1.com/	徳川	三河地区を拠点とするグループ。各店舗の情報、料金システム、在籍情報、出勤スケジュール。 	284017
http://www.soap-suehiro.com/	末広	名古屋市。料金システム、在籍情報、割引券案内。 	284019
http://www.482-3931.jp/	imperial FUKUOKA	名古屋市中村区。在籍情報、出勤スケジュール、料金システム、アクセス。 	284019
http://www.rd.mmtr.or.jp/~arajin/	アラジン	名古屋市のショップ。SM製品、アダルト玩具、ビデオなど商品の紹介。 	284015
http://www.karasawa-sm.com/	からさわ	名古屋市。Sプレイ専門。店舗情報、在籍情報、料金システム、掲示板、リンク集。 	284020
http://www.ryousen.com/	涼泉	名古屋市。コース・料金、入会方法、出勤予定と在籍情報。 	284020
http://www.sm-tomonokai.com/	SM友の会	名古屋市。最新情報、料金システム、在籍情報、掲示板などがある。 	284020
http://www.dayoffice.com/tenshi/	ほほえみ天使	幡豆町。料金、ルーム紹介、地図。 	284021
http://www.cantabene.com/	カンタベーネ	豊田市。料金システム、食事メニュー、部屋の紹介、アクセス。 	284021
http://www.itm21.com/.com/	ドットコム	名古屋市緑区。料金システム、サービス案内、アクセス、イベント情報。 	284021
http://www.hotel-heian.com/	ヘイアン	弥富市。料金システム、サービス案内、アクセス情報、客室案内、割引案内、掲示板。 	284021
http://www.hotel-fantasista.jp/	FANTASISTA	名古屋市中区。料金システム、部屋の紹介、食事メニュー、アクセス。 	284021
http://www.bellliver.jp/	ベルリバー	西尾市。料金システム、部屋の紹介、サービス案内。 	284021
http://www.m-hotel.co.jp/	M-HOTEL	名古屋市中村区。料金システム、客室紹介、優待情報。 	284021
http://wiki.livedoor.jp/fkkwiki/d/FrontPage	FKK 情報	ドイツのFKKクラブ(ヌードクラブ)の情報をまとめるWiki。 	283811
http://www.muvc.net/koriakikou/	韓国風俗紀行	韓国における風俗体験談、置屋マップ、コラム。 	283811
http://www.lovepiececlub.com/	Love Piece Club	女性向けアダルトグッズの通信販売。女性による性関連コラムもある。 	284023
http://www.kiyosan.co.jp/	1 chance KIYO	大人のおもちゃを通信販売する企業。商品のメンテナンス講座もある。 	284023
http://www.toysstyle.com/	トイズスタイル	男性用・女性用グッズを通信販売するアダルトショップ。 	284023
http://www.1night-heaven.com/	ワンナイトヘブン	男女用の各種グッズ、SM用品の通信販売。 	284023
http://www.pururu.co.jp/	Pururu Online	男性・女性用グッズ、書籍・DVD、コスプレやランジェリーを扱う。 	284023
http://aidoll.4woods.jp/	4woods	等身大シリコン人形の製造、及び販売。商品案内、ギャラリー、注文に関するガイドが中心。 	284023
http://www.cashbusiness.co.jp/	キャッシュビジネス	男性用・女性用グッズ全般を取り扱う。 	284023
http://www.ukiyoe.biz/	浮世絵びず	春画の販売。テーマ別にサンプルを展示。 	284024
http://www.prop.gr.jp/	プロップ通販	パソコン用ソフトを専門に通販する福井県の店。18歳以上向けの商品も扱う。 	284025
http://www.hgame1.com/	パソコンショップうの屋	18禁PCゲームの通信販売・買取を行う。 	284025
http://www.upnet.ne.jp/	Up Net	札幌市に店舗を持つショップ。アダルトビデオ、DVD、大人のおもちゃを販売する。 	284026
http://www.bunka.co.jp/	Bunkasha Online	写真集やビデオのオンライン販売、デジタルコンテンツの販売を行なう。 	284022
http://www.alt-fetish.com/	Alt-Fetish	ラバーフェティシズム専門の商品を広範囲に取り扱う。取扱品紹介、利用ガイド、コラム、ウェブログ。 	284022
http://www.animekul.jp/	アニメくる	18禁アニメ・ゲームの通信販売。商品検索、利用案内。 	284022
http://www.getchu.com/	Getchu.com	18禁作品を中心としたゲーム・アニメの通信販売、同人誌等のダウンロード販売。 	284022
http://www.momo-d.jp/	桃動画	既存のDVD・VHSタイトルを有料で配信している。取り扱い作品一覧、利用ガイド。 	284022
http://www.dlsite.com/	DLsite.com	デジタル化された同人誌、同人・商業の別を問わないゲーム、写真集などのダウンロード販売を行っている。分野別の販売ページを中心に、利用ガイド、各種検索などが中心。 	284022
http://duga.jp/	DUGA	成人向けの動画や画像、ソフトウェアのダウンロード販売。 	284022
http://www.kyoeiservice.com/	ShopKyoei	輸入物の下着、セクシーランジェリーを販売する東京都の業者。品川区に店舗もある。 	284027
http://www.madorey.com/mtcshop/	セクシー ランジェリーショップMTC	セクシーなランジェリーのオンラインショップ。 	284027
http://www.popwonder.com/	Popwonder	有料。アダルト専用のレンタルサーバを提供。 	284037
http://www.sapa.ne.jp/	SAPA Networks	有料。料金・システム案内、障害情報。 	284037
http://www.halhal.net/	はるはるネット	有料。サービス案内、料金情報。 	284037
http://ribbon.to/	Ribbon Network	無料。条件つきでアダルトも可能。PHP可。 	284037
http://main.momo-club.com/	モモクラブ	有料。サブドメイン形式でのホスティングサービスの利用案内。 	284037
http://blog.dtiblog.com/	DTI blog	無料。ウェブログサービスを提供。 	284037
http://www.www-21.com/adult	アダルトなび2	アダルトサイトへのリンクを集めたディレクトリと検索を提供している。 	284036
http://www.adultangel.com/	アダルトエンジェル	カテゴリー別、ジャンル別のディレクトリ検索を提供している。その他にランキング。 	284036
http://www.artin.nu/newsgroup/	アダルトニュースグループのすすめ	ニュースグループの基本的な設定、画像の扱いやスパム対策を解説している。 	284035
http://amds.jp/	AMDS	成人向けのメールマガジンの発行・購読システムを提供。 	284035
http://ads.kir.jp/	アダルトサイトの歩き方	インターネット初心者の為の安全にアダルトサイトを見るための基礎知識、関連ソフトウェアの紹介。 	284035
http://kiisu.s56.xrea.com/	廃虚碑文	旧作パソコンゲームの解説と感想。 	284040
http://www.pc-game-clinic.net/	PC GAME CLINIC	美少女ゲームのレビュー、関連サイトのリンク集。 	284040
http://www.venus.dti.ne.jp/~nekoneko/	ゲーム攻略への道	18禁ゲーム攻略情報のリンク集、メーカーサイトの更新情報。 	284038
http://www.pachi.ac/~multi/	まるちいんさいど。	18禁作品を中心としたゲームの体験版・デモのミラー。 	284038
http://mariaelga.easter.ne.jp/	攻略の館	ボーイズラブゲームの攻略情報、発売予定、関連サイトへのリンク集。 	284038
http://retropc.net/alice/	アリスソフトアーカイブズ	アリスソフトの「配布フリー宣言」の対象となったゲームソフトの配布。 	284038
http://yellow.ribbon.to/~tsukune/	＃とるこぎきょう	シスタープリンセスに関するファンフィクションと日記。 	284038
http://www.sofurin.org/	コンピュータソフトウェア倫理機構	ソフトウェアを年齢制限別に分類して販売することを提唱する。加盟ブランド一覧、著作権問題についてのニュースもある。 	284038
http://yellow.ribbon.to/~nechan2/	きゃんでぃそふと SS＆AA保管庫	きゃんでぃそふと作品のアスキーアートと二次創作小説。 	284038
http://2w3e.blog23.fc2.com/	2w3e	美少女ゲームの攻略とスタッフロール。 	284038
http://www.tinkle.co.jp/	てぃんくる	風俗求人情報雑誌のサイト。求人情報の検索のほか、アンケートや掲示板もある。 	284042
http://www.leed.co.jp/	リイド社	成人向けの雑誌の販売ほか、コミックスやメールアカウントの提供も行なう。 	284042
http://www.manzoku.or.jp/	MAN-ZOKU NET	情報誌のページ、全国の店の検索もできる。 	284042
http://www.after.co.jp/	クラブアフター	全国のキャバクラの紹介、雑誌の内容の紹介、販売店について。 	284042
http://www.yoasobitai.net/	夜遊び隊	東京近郊の風俗店の紹介、風俗嬢の写真、雑誌内容の紹介。 	284042
http://www.e-station.org/	e-station.org	SKY PerfecTVで配信するチャンネルの番組表のほか、視聴契約しているホテルやCATVの情報も掲載している。 	284043
http://playboychannel.jp/	PLAYBOY Channel	SKY PerfecTVで洋画アダルト作品を中心に放送している。放送予定、番組紹介。 	284043
http://www.rainbow-ch.com/	Rainbow Channel	成人向けCS放送局の公式サイト。番組表、視聴方法、FAQ、予告編映像の公開などがある。 	284043
http://www.519.jp/	519	女性向けの風俗店求人情報を専門に取り扱う。地域別の求人情報検索、及び求人に関する掲示板が中心。 	284041
http://www.kosyunyu.com/	高収入ドットコム	風俗店を中心とした求人情報。その他に求人検索、各店舗ジャンルにおける就職案内、コラム。 	284041
http://www.yu-jyo.com/	072遊女	ライブチャット。利用ガイド、よくある質問、在籍情報。 	284049
http://nuitel.me/	セレクトクラブ	ライヴチャット。利用ガイド、キャンペーン情報、ニュース、スタッフによるウェブログ。 	284049
http://www.girls-job.tv/	リングネット	東京都。テレホンクラブ従事者の募集、及び業務内容紹介、採用に関するガイド、そのほか求人情報が中心。 	284048
http://www.ztk.jp/	全日本特殊浴場協会連合会	ソープランドによる協会。沿革、組織紹介、加盟店一覧。 	284048
http://j-solution.tv/	ジェーソリューション	テレフォンクラブオペレータの募集案内。その他に業務紹介、よくある質問。 	284048
http://www.jellyfish-pc.com/	ジェリーフィッシュ	製品情報、ユーザーサポート、求人情報。 	284052
http://circus.nandemo.gr.jp/	CIRCUS	製品紹介、サポート情報、掲示板。 	284052
http://sagaplanets.product.co.jp/	SAGA PLANETS	作品紹介、掲示板。ユーザーからCGや小説を募集し、掲載している。 	284052
http://www.xuse.co.jp/	Xuse	ザウス。製品紹介、スタッフ日記、通信販売。 	284052
http://zero.product.co.jp/	ZERO	製品紹介。 	284052
http://www.silver-game.net/	SILVER	製品紹介、サポート情報、掲示板。 	284052
http://sirius.product.co.jp/	シリウス	製品紹介、掲示板。 	284052
http://www.zyx-game.co.jp/	ZyX	ジックス。製品紹介、攻略情報、通信販売。 	284052
http://www.teck.co.jp/sheep/	Sheep	製品紹介。 	284052
http://www.will-game.com/spsp/	Spirit Speak	製品紹介、通信販売、体験版の提供。 	284052
http://www.teck.co.jp/squeez/	SQUEEZ	製品紹介、通信販売。 	284052
http://www.studio-air.com/air/	Studio Air	製品紹介、体験版の提供、掲示板。 	284052
http://www.teck.co.jp/gj/	G.J?	製品紹介、通信販売。 	284052
http://www.saibunkan.co.jp/scramble/	スクランブルハウス	製品紹介、通信販売、掲示板。 	284052
http://www.solfa.jp/	sol-fa-soft	同人サークル。作品紹介、ダウンロード販売案内、掲示板。 	284052
http://www.kodomo-h.com/	私立さくらんぼ小学校	同人サークル。製品紹介、委託情報。 	284052
http://www.sp-janis.com/	すぺじゃに共和国	JANIS系ブランドの商品紹介、通信販売、サポート情報。 	284052
http://www.softpal.co.jp/	SOFTPAL	各ブランドの紹介、通信販売。 	284052
http://www.stoneheads.co.jp/	STONEHEADS	各ブランドの紹介。製品紹介、通信販売、サポート情報。 	284052
http://www.stpandora.co.jp/	studio pandora	CENOTE・pandora。製品紹介、攻略情報。 	284052
http://www.sky-fish.jp/	SkyFish	製品紹介、スタッフ日記、通信販売。 	284052
http://www.sc-crg.com/	ソフトさ～くるクレージュ	同人サークル。作品紹介、イラストギャラリー、掲示板。 	284052
http://www.cyc-soft.com/	サイク	Cyc、Black Cyc。製品紹介、サポート情報、メールマガジン。 	284052
http://www.liar.co.jp/	ライアーソフト	製品紹介、製品別の掲示板。壁紙カレンダーもダウンロードできる。 	284053
http://www.lavi-soft.com/	Lavi SOFT	女性向けゲームを制作。製品紹介、グッズの通信販売。 	284053
http://www.lusterise.com/	Lusterise	製品紹介、サポート情報、掲示板。 	284053
http://radi.product.co.jp/	Radi	製品紹介、掲示板、求人情報。 	284053
http://ram.product.co.jp/	RAM	ソフト情報、ダウンロードサービス。ユーザからのイラストも募集している。 	284053
http://www.remus.dti.ne.jp/~rave-aki/	RAVE	シェアウェアも扱う。ソフトの紹介、掲示板。 	284053
http://www.teck.co.jp/ripe/	Ripe	開発は終了。製品紹介、サポート情報。 	284053
http://lass.jp/	Lass	「FESTA!!」等の製品紹介、イベント情報、スタッフ日記。 	284053
http://www.saibunkan.co.jp/lilim/	LiLiM	製品紹介、通信販売、掲示板。 	284053
http://www.digianime.co.jp/redlabel/	redlabel	製品紹介、攻略情報、通信販売。 	284053
http://www.littlewitch.jp/	Littlewitch	「白詰草話」「Quartett!」等の製品紹介、サポート情報、掲示板。 	284053
http://www.lumpofsugar.co.jp/	Lump of Sugar	製品紹介、スタッフ日記、イベント参加情報。 	284053
http://www.light.gr.jp/	light	製品紹介、イベント情報、ゲーム製作環境の提供。 	284053
http://leaf.aquaplus.jp/	Leaf	「ToHeart」「こみっくパーティー」等の製品情報、スタッフ雑記、掲示板。 	284053
http://www.libido.ne.jp/	LIBIDO	制作は終了。コンセプト、「LIBIDO」「放課後恋愛クラブ」シリーズ等の作品紹介。 	284053
http://www.pajamas.ne.jp/	ぱじゃまソフト	ぱじゃまソフト・ぷちぱじゃま。製品情報、通信販売、掲示板。 	284054
http://www.clearrave.co.jp/	ぱれっと	株式会社クリアレーヴ。製品情報、サポート情報、制作日記。 	284054
http://www.frontwing.jp/	フロントウイング	ゲーム紹介、イベント情報、ダウンロード、掲示板。 	284054
http://bonbee.product.co.jp/	Bonbee	製品紹介、ギャラリー、掲示板。 	284054
http://www.high-soft.jp/	High-Soft	製品紹介、イベント情報。 	284054
http://hadashi.product.co.jp/	裸足少女	製品紹介、通信販売、開発日誌。 	284054
http://www.bishop.gr.jp/	BISHOP	製品情報、通信販売、攻略情報。 	284054
http://www.ric-japan.com/	VOICE	製品紹介、サポート情報。 	284054
http://www.blackrainbow.jp/	BLACKRAINBOW	製品紹介、通信販売、サポート情報。 	284054
http://www.nextftp.com/frees/	Free's	製品紹介、サポート情報。 	284054
http://www.hook-net.jp/	HOOK	製品紹介、スタッフ日誌、掲示板。 	284054
http://www.r18game.com/beenyan/	び〜にゃん	製品紹介、サポート情報。 	284054
http://www.pulltop.com/	PULLTOP	製品紹介、通信販売、掲示板。 	284054
http://www.r18game.com/haoh/	覇王	製品紹介、サポート情報、掲示板。 	284054
http://www2.odn.ne.jp/~rage/forte/	forte	製品紹介、サポート情報。 	284054
http://www.pinkysoft.net/	ピンキィソフト	製品紹介、通信販売、掲示板。 	284054
http://www.will-game.com/BCM/	Blue Crescent Moon	ボーイズラブゲームを制作。製品紹介、通信販売、Web漫画。 	284054
http://b-works.product.co.jp/	b_works	ボーイズラブゲームを制作。製品紹介、通信販売、スタッフ日記。 	284054
http://www.propeller-game.com/	propeller	製品紹介、スタッフ日記、求人情報。 	284054
http://www.iam-hiquality.com/	ハイクオソフト	ハイクオソフトと同人サークル「ハイクオ」。製品紹介、サポート情報、体験版。 	284054
http://www.penta-xxx.com/	PENTA	製品紹介、イベント情報。 	284054
http://www.purplesoftware.jp/	パープルソフトウェア	「はっぴ～ぶり～でぃんぐ」「秋色恋華」等の製品紹介、開発日誌、サポート情報。 	284054
http://www.feng.jp/	feng	製品紹介、サポート情報、掲示板。 	284054
http://fluorite.dojin.com/	ふろーらいと	同人サークル。作品紹介、スタッフ日記、サポート情報、CGギャラリー。 	284054
http://www.favo.co.jp/	フェイバリット	作品紹介、スタッフ日記、求人情報。 	284054
http://www.hermit-game.com/	HERMIT	製品紹介、スタッフ日記、掲示板。 	284054
http://hanpamania-soft.com/	半端マニアソフト	同人サークル。「冬は幻の鏡」「空の上のおもちゃ」等の制作。作品紹介、掲示板、頒布情報。 	284054
http://catwalk.product.co.jp/	catwalk	製品紹介、スタッフコラム、通信販売。 	284055
http://key.visualarts.gr.jp/	Key	「Kanon」「AIR」等の製品情報、スタッフコーナー、掲示板。壁紙のダウンロードもある。 	284055
http://www.keroq.co.jp/	ケロQ	製品紹介、サポート情報、掲示板。 	284055
http://www.q-x.jp/	Q-X	きゅーくす。ソフト紹介、開発メモ。BGMのサンプルもある。 	284055
http://www.clockup.net/	CLOCK UP	製品紹介、通信販売、メールマガジン。 	284055
http://www.caramel-box.com/	キャラメルBOX	製品紹介、デモムービー・体験版の提供、スタッフ日記。 	284055
http://www.r18game.com/candle/	キャンドル	製品紹介、サポート情報、求人情報。 	284055
http://www.kt.rim.or.jp/~juice/	KIT	製品紹介、スタッフ日記。 	284055
http://www.kisskiss.tv/	Kiss	製品紹介、サポート情報、求人情報。 	284055
http://www.complets.co.jp/	コンプリーツ	コンプリーツ、オーサリングヘヴン。製品紹介、サポート情報。 	284055
http://kur-mar-ter.product.co.jp/	KUR-MAR-TER・AMEDEO	クルマレテル・アメデオ。男性向けと女性向けのソフトを共に開発している。 	284055
http://www.age-soft.co.jp/	アージュ	ソフト紹介、Q&A、求人情報。修正プログラムのほか、楽曲などのダウンロードもできる。 	284056
http://www.ail-soft.com/	アイル	製品紹介、通信販売、サポート情報。 	284056
http://www.actress.ne.jp/	アクトレス	各ブランドの紹介、サポート情報、人材募集、販売協力店の紹介。通信販売も行なう。 	284056
http://www.illusion.jp/	イリュージョン	ゲーム紹介、Q&A、ダウンロードコーナーなどがある。メールサービスや通信販売も行なう。 	284056
http://august-soft.com/	オーガスト	「月は東に日は西に」等の製品紹介、イベント情報、掲示板。ファンサイト用素材の提供。 	284056
http://www.acaciasoft.jp/	AcaciaSoft	製品紹介、サポート情報、通信販売。 	284056
http://www.alcot.biz/	ALcot	「Clover Heart's」等の製品紹介、体験版の配布、イベント情報。 	284056
http://www.0verflow.com/	Overflow	「妹でいこう！」「スクールデイズ」等の製品紹介、開発日記、通信販売。 	284056
http://www.escude.co.jp/	エスクード	製品紹介、通信販売、掲示板。 	284056
http://www.ail-soft.com/airyu/	あいりゅ	製品紹介、修正プログラムの提供。 	284056
http://www.ast-studio.gr.jp/	AST	製品紹介、サポート情報。 	284056
http://www.t-apricot.jp/	APRICOT	「Maple Colors」等の製品紹介、サポート情報、スタッフ雑記。 	284056
http://www.a-kaguya.com/	アトリエかぐや	製品紹介、通信販売、サポート情報。 	284056
http://www.aicherry.com/	アイチェリー	DVDPGを開発。製品紹介、求人情報、掲示板。 	284056
http://www.teck.co.jp/truth/	MBS TRUTH	製品紹介、通信販売、サポート情報。 	284056
http://www.interheart.co.jp/	インターハート	製品紹介、サポート情報、掲示板。 	284056
http://www16t.sakura.ne.jp/~yoroduya/	裏万屋	同人サークル。作品紹介、頒布情報。 	284056
http://www.abelsoftware-jp.com/	アーベルソフトウエア	製品紹介、通信販売、体験版のダウンロード。 	284056
http://www.studiomilk.com/akachanclub/	赤ちゃん倶楽部	ロリータ系作品専門ブランド。サポート情報、掲示板。活動休止中。 	284056
http://www.studiomilk.com/ichigomilk/	苺みるく	ロリータ系作品専門ブランド。製品紹介、サポート情報、掲示板。 	284056
http://www.orbit-soft.com/	オービット	各ブランドの紹介、イベント情報、求人情報。 	284056
http://www.asobell.jp/	ASOBELL・パティスリー	2つのブランドのサイト。製品紹介、サポート情報、掲示板。 	284056
http://fandc.co.jp/	F&C	各ブランドの製品情報、ユーザーサポート、求人情報。 	284056
http://www.eukleia.co.jp/eushully/	エウシュリー	製品紹介、通信販売、掲示板。 	284056
http://www.underlip.jp/	アンダーリップ	製品紹介。 	284056
http://www.asa-pro.com/	ASa Project	「めいくるっ！」の製品紹介、スタッフ日記。 	284056
http://www.gungnir.co.jp/innocentgrey/	Innocent Grey	Innocent Grey、Noesis。各ブランドの作品紹介、スタッフ日記、求人情報。 	284056
http://shm.jpn.org/sro-software/	SRO SOFTWARE	同人サークル。「まじかる☆QUINTET！」等の制作。作品紹介、体験版・主題歌の提供、メンバー募集。 	284056
http://www.kkda.com/kurimami/	アトリエくりまみ	同人サークル。作品紹介、掲示板。 	284056
http://www.typemoon.org/	TYPE-MOON	同人サークル。作品紹介、サポート情報、掲示板。 	284057
http://www.digianime.co.jp/	デジアニメ	製品紹介、関連商品紹介、通信販売。 	284057
http://www.softpal.co.jp/tenshindo/	天津堂	製品紹介、通信販売、サポート情報。 	284057
http://www.ps-web.net/tryset/	TRYSET	製品紹介、掲示板。 	284057
http://www.route2.co.jp/	Triangle	製品紹介、スタッフ日記、掲示板。 	284057
http://www.topcat.jp/	TOPCAT	開発は終了。製品紹介、サポート情報、掲示板。 	284057
http://www.teck.co.jp/	Tech Arts	会社概要、通信販売、各ブランドの紹介。 	284057
http://www.web-giga.com/	TGL	一般向けブランドのTGLと18禁ゲームブランドの戯画・PinkCloverの紹介。製品紹介、サポート情報、掲示板、提携ブランドの紹介。 	284057
http://www.touchable.jp/	Touchable	作品紹介、スタッフによるギャラリー。 	284057
http://home.milksoft.d-net.to/	みるくそふと	製品紹介、スタッフ日記、掲示板。 	284058
http://www.mink.co.jp/	ミンク	製品紹介、イラストギャラリー、通信販売。 	284058
http://www.moon-stone.jp/	ムーンストーン	製品紹介、開発日記、掲示板。 	284058
http://www.marigold.co.jp/	マリゴールド	各ブランド製品の通信販売、求人情報。 	284058
http://www.makura-soft.com/	枕	製品紹介、イベント情報。 	284058
http://mikomiko.jp/	みこみこソフト	同人サークル。ビジュアルノベル「弔～とむらい～」等の制作。作品紹介、イベント参加情報。 	284058
http://www.nitroplus.co.jp/	ニトロプラス	「Phantom」「デモンベイン」等の紹介、掲示板、通販コーナー。 	284059
http://www.project-navel.com/	Navel	ネーブル。「SHUFFLE!」等の製品紹介、通信販売、スタッフ日記。 	284059
http://www.noctovision.jp/	Noctovision	一般向け・18禁ゲームソフトの開発を行う。製品・外注作品紹介、サポート情報、体験版のダウンロード。 	284059
http://www.waffle1999.com/	Waffle	「優遇接待」「夜這いマニア」等の製品紹介、スタッフ日記、掲示板。 	284060
http://www.whirlpool.co.jp/	Whirlpool	「いなこい」「MagusTale」等の製品情報、スタッフ日記、求人情報。 	284060
http://www.ume.gr.jp/	U・Me Soft	ユーミソフト。ゲーム紹介、修正ファイルの提供。 	284061
http://www.softpal.co.jp/unisonshift/	UNiSONSHIFT	製品紹介、サポート情報、壁紙配布。 	284061
http://www.product.co.jp/	versammeln	ビジュアルアーツ系ブランドの製品一覧・発売予定、AVG32・RealLiveのサポート情報。 	284051
http://www.ideapocket.com/	アイデアポケット	アダルトビデオメーカー。単体系中心。ニュース、作品情報、出演者情報、コラムなどがある。 	284062
http://www.attackers.net/	アタッカーズ	アダルトビデオメーカー。リリース情報、作品紹介、ダウンロード販売に関する情報、ウェブログ、リンク集、出演者一覧などがある。 	284062
http://www.s1s1s1.com/	エスワン	アダルトビデオメーカー。単体女優専門。最新情報、出演者情報、作品情報、出演者によるウェブログ、ダウンロード販売についての案内などがある。 	284062
https://bigmorkal.co.jp/	ビッグモーカル	東京都豊島区。ニュース、リリース情報、作品情報、求人情報などがある。 	284062
http://www.madonna-av.com/	マドンナ	アダルトビデオメーカー。熟女専門。ニュース、作品紹介、出演者情報、懸賞についての案内、掲示板、リンク集。 	284062
http://www.tameikegoro.jp/	溜池ゴロー	東京都渋谷区。作品一覧、出演者一覧、掲示板、ウェブログ、メールマガジンの案内。 	284062
http://www.moodyz.com/	Moodyz	アダルトビデオメーカー。作品検索やメールマガジン、企画募集。通信販売も行なう。 	284062
http://www.av-opera.jp/	Opera	ビデオメーカーの公式サイト。新作情報、ニュース、作品紹介などがある。 	284062
http://www.naturalhigh.co.jp/	ナチュラルハイ	東京都渋谷区。リリース情報、作品検索、掲示板、求人情報。 	284062
http://www.mediabank.co.jp/	MediaBank	東京都目黒区。リリース情報、作品紹介、通信販売及び動画配信に関する案内。 	284062
http://www.indies-av.co.jp/	桃太郎映像出版	東京都文京区。作品紹介、イベント情報、グッズのオークション、メールマガジン、SNS。 	284062
http://www.hrc-av.co.jp/	HRC	東京都墨田区。作品紹介、通信販売、壁紙の提供。 	284062
http://www.cinemagic.co.jp/	シネマジック	東京都中野区。SM専門。リリース情報、ギャラリー、掲示板、作品紹介。 	284062
http://www.waap.co.jp/	ワープエンターテイメント	東京都新宿区。作品リスト、売り上げランキング、専属女優紹介、販売店一覧。 	284062
http://www.starcats.jp/	スターキャッツ	東京都千代田区。アダルトビデオ女優を題材とした撮影会の主催、及び撮影スタジオレンタル。撮影開催案内、利用ガイドなどが中心。 	284050
http://www.ag-pro.net/	AG-promotion	美少女ゲームの音響制作。業務紹介、作品一覧、所属する声優・ライター・コンパニオンの紹介。 	284050
http://www.shinnihoneizo.co.jp/	新日本映像	ポルノ映画の製作・配給や興行。エクセスフィルムレーベル。 	284050
http://www.bambi.ne.jp/	バンビ	東京都渋谷区。笠木忍、青山菜々を擁するモデルプロダクション。採用情報、在籍者情報、ニュースなどが中心。 	284063
https://www.orient-doll.com/	オリエント工業	ラブドールの製造・販売。会社概要、製品情報、通信販売。 	284047
http://www.enkaikizoku.com/	艶会貴族	ピンクコンパニオンに関する情報を取り扱う。各ツアーの情報を中心に、宿泊施設情報、掲示板などがある。 	284047
http://www.enkaiya.com/	艶会屋	コンパニオン付宿泊宴会プランの仲介。地域別・コンパニオン別・目的別のホテル紹介、掲示板、会社概要。 	284047
http://angelbangkok.x.fc2.com/	ANGEL MASSAGE	バンコクにあるマッサージ店。営業案内、在籍情報、料金システム。 	283814
http://hage.momo-club.com/	外道の細道	タイの性風俗情報。業態・スポットごとの紹介、店舗紹介、体験記。 	283814
http://www.fuzokubk.com/	風俗バンク	全国の風俗店に関する情報を取り扱う。区市町村単位に分類された店舗ディレクトリが中心。その他に在籍情報とギャラリー。 	284000
http://ikulist.me/	イクリスト	全国のデリヘル店を掲載。快適な閲覧体験の提供、店舗の特徴をタグ付けし、多様な検索ニーズに対応。 	284001
http://www.hotel-deli.com/	ホテルdeデリヘル	宿泊先・宿泊予定のホテルから、デリヘルを呼べるホテルかどうかを口コミから判断出来る。住所・エリアから、最寄り駅からといった検索方法がある。 	284001
http://hg-deli.com/	高級デリヘルTOP10ランキング	芸能人ご用達の富裕層VIP専門の高級デリヘル(デリバリーヘルス)情報サイト。エリア検索、特集、ランキングなど。 	284001
http://www.sunhijjang.com/	순희 구직정보	유흥업소 구인,구직 전문사이트 	283392
http://www.homosexplaatjes.nl/	Homosexplaatjes.nl	Homo sex plaatjes. 	283735
http://www.amateurmodellen.nl/	Amateurmodellen	Films, foto's en webcams met alleen amateurs. 	283736
http://www.erotracks.com/	Erotracks	Portal met 25 rubrieken. Bevat films, foto's en live webcams. 	283736
http://www.alleentieners.nl/	Alleen tieners	Tiener foto's en films van DVD kwaliteit. 	283736
http://www.drieshardcore.nl/	Drieshardcore	Betaalde toegang met hardcore films en foto's. 	283736
http://www.douseeme.nl/	Douseeme	Paysite waar alle gesprekken één op één zijn. 	283739
http://www.gay.be/	Gay	Gaychat voor chatten en dating voor gay mannen in Belgi­­ë. 	283739
http://www.chattijd.nl/	Chattijd	Een gratis adultchat voor verschillende doelgroepen. Moderators waken hier voor fake profielen. 	283739
http://www.camchoice.nl/	Camchoice	Collectie internationale webcam sites. 	283740
http://www.gratissexchat.nl/	Gratis Sexchat	Gratis chatsite met moderators en de mogelijkheid om de eigen webcam aan te zetten. Regelmatig thema-avonden. 	283740
http://www.2linq.nl/	2linq.nl	Gratis profielensite en 18+ webcam chat met de mogelijkheid om eigen chatrooms te maken. 	283740
http://www.homemade-webcamsex.nl/	Homemade webcamsex movies	Ingestuurde webcamsex video's van amateurs. 	283740
http://www.porno.nl/	Porno.nl	Gratis erotiek site. 	283738
http://www.porno.be/	Benelux porno portal	Gratis porno site voor de Nederlandstalige markt 	283738
http://www.femlitero.nl/	Femlitero	Online boekenshop met verhalenbundels: erotische verhalen van en voor vrouwen, zoals zindering, Haar zin en zinnenprikkelend. 	283738
http://www.foxy.nl/	Foxy	Erotische zoekmachine en directory, gericht op Nederlandse sexsites. 	283741
http://www.adultlinks.nl/	Adultlinks	De topsites, update elke 10 minuten. 	283741
http://www.sexoverzicht.nl/	Sexoverzicht.nl	Een sexoverzicht van sex sites. 	283741
http://www.geilestartpagina.nl/	Geilestartpagina.nl	De grootste adult directory van de benelux 	283741
http://nightandday-benelux.com/	Night and Day	Erotische- en exotische kleding voor dames en heren. Informatie over het assortiment en de prijzen. 	283743
http://www.christineleduc.nl/	Christine le Duc	Overzicht van het uitgebreid assortiment erotische artikelen. 	283742
http://www.x-toys.nl/	X-Toys.nl	Erotiekshop met artikelen voor zowel mannen als vrouwen in diverse categorieën, met nieuws en een top tien. 	283742
http://www.baly.nl/	Baly	Videotheek en adultshop. Online kopen of in de winkel in Schiedam. 	283742
http://www.pabo.nl/	Pabo	Verkoop van erotische kleding, hulpmiddelen en video's. 	283742
http://www.sexshopdedom.nl/	Sexshop de Dom	Verkoop van erotische films, toys en hulpmiddelen. 	283742
http://www.erotiekshop.net/	Erotiekshop Anytimes	Het adres voor al uw erotische artikelen. 	283742
http://www.viashop.nl/	Viashop	Wij bieden alle soorten sextoys en sexspeeltjes aan. 	283742
http://www.eroware.nl/	Eroware Erotiekwinkel	Online sexshop. Diverse sexspeeltjes voor mannen en vrouwen. Levering in zowel Nederland als België. 	283742
http://www.klara.nl/	Klara Erotics	Moderne webshop voor al uw erotische speeltjes, DVD's, lingerie, condooms en meer. 	283742
http://www.mailfemale.com/	Mailfemale.com	Erotische producten voor & door vrouwen. 	283742
http://www.erodvd.nl/	Erodvd	Het uitgebreid assortiment wordt wereldwijd geleverd. 	283744
http://www.eroticals.nl/	Eroticals DVD Shop	Uw online winkel voor erotische DVD's van topkwaliteit. 	283744
http://www.swinger-holidays.com/	Swinger holidays	Erotische zeiltochten voor paren op de Ionische zee. 	283745
http://www.blotebillenloop.nl/	Blote Billen Loop	Een jaarlijkse race op het naaktstrand van Zandvoort. Inschrijven voor de volgende race en een nieuwsbrief, en een terugblik op vorige edities. 	283745
http://www.aphrodite-travel.eu/	Aphrodite Travel	Biedt vakanties in Nederland, België en Duitsland voor Couples Only, Adults only, nudisten reizen en swingers vakanties. 	283745
http://www.la-macarena.com/	La Macarena	Vakantieverblijf voor swingers aan de Costa del Sol in Spanje. 	283745
http://www.sabayland.nl/	Sabayland	[Dedemsvaart] Privehuis met vijf kamers. Beperkte informatie met enkele foto's. 	283748
http://members.tripod.com/ncadam/	ncAdam en Horsemen en Knights	[Amsterdam] Homo safe sex parties, elke eerste en derde zondag van de maand. 	283749
http://www.fata-morgana.nl/	Parenclub Fata-Morgana	[Muiden] Parenclub nabij Amsterdam. Informatie over de club, de ontspanningsmogelijkheden en de activiteiten die georganiseerd worden. 	283749
http://www.amouret.nl/	Amouret'te	[Maarssen] Parenclub met bar, restaurant, dansvloer en verschillende erotische kamers. (vereist flash plugin) 	283751
http://www.lovenjoy.nl/	Love n' Joy	[Leeuwarden] Eroscentrum in de rose buurt. Beknopte beschrijving met foto's. 	283756
http://www.blueangel.nl/	Blue Angel	[Meppel] Bordeel met bar en 5 kamers. 	283759
http://www.clubdrenteboerderij.nl/	De Boerderij	[Nijeveen] Club met bar, sauna, whirlpool, zwembad en zonnebank. Damesgezelschap is aanwezig. 	283759
http://www.clubmadonna.nl/	Club Madonna	[Meppel] Informatie over de club, faciliteiten en aanwezige dames. 	283759
http://www.parenclub-mystique.nl/	Mystique	[Rucphen] Parenclub met bar, buffetrestaurant, whirlpool  en meerdere erotische speelruimten. Informatie over de club met agenda en foto's. 	283760
http://www.yumi.nl/	Yu en Mi	[Eindhoven] Erotisch massage salon. Overzicht van de mogelijkheden en tarieven. 	283760
http://www.acanthus.be/	Acanthus	[Hulste] Club met bar, restaurant en meerdere erotische ontspanningsruimten. Informatie over de club en de themafeesten die regelmatig georganiseerd worden. 	283766
http://www.kouros.be/	Kouros	[Schoten] Homo sauna met finse sauna, turks stoombad, binnen en buiten zwembad, bar en restaurant. 	283780
http://www.thecellar.be/	The Cellar	[Antwerpen] BDSM studio van meesteressen Jill, Elia en Anouk gespecialiseerd in bondage, suspension, torture en role-play. Mogelijkheden en foto's. 	283782
http://www.clubnewriddershof.be/	New Riddershof	[Hamme St. Anna] Parenclub. Informatie over de club en speciale evenementen, met agenda en foto's. Maandelijks een travestie party. 	283786
http://www.erotica4all.com/Cindy/	Cindy	[Wetteren] Escort en prive ontvangst. Informatie over cindy  en wat er zoal mogelijk is. 	283787
http://www.datingbox.com/	DatingBox	Gratis dating site voor Nederland. 	283795
http://www.kinky.nl/	Kinky Erotic Dating	Deze website is voor mensen die op zoek zijn naar kinky sex dates. 	283795
https://www.vssm.eu/nl/	VSSM	Een vereniging die in de lange jaren van haar bestaan met alle ups en dowens die bij een verenging horen steeds alles deed om een veilige haven te bieden voor mensen met SM gevoelens. 	283798
http://www.mrs-yvonne.com/	Meesteres Yvonne	De site van Meesteres Yvonne uit het zuiden van het land. 	283798
http://mr-bert.nl/	BDSM informatie Mr-Bert	Uitgebreide informatie over BDSM met waar gebeurde verhalen en een beschrijving van Mr-Bert.nl 	283798
http://www.thecellar.be/	bdsm studio The Cellar	de site van Meesteres Jill gespecialiseerd in bondage,takelage, mummificatie,...zie foto's. 	283798
http://www.bdsmzaken.nl/	Grootste Nederlandse online BDSM-community	Nederlandstalige community site rond BDSM in de breedtste zin van het woord. Advertenties, profielen, verhalen, dagboeken, boekenrubriek, filmrubriek, uitgaansgelegenheden, winkel. Vrij toegankelijk, vrije deelname. 	283798
http://www.plassex.ws/	Plassex.ws	Alles voor de liefhebber van plassex: Tips, definities, DVD reviews, foto galleries, gratis filmpjes, verhalen, een weblog en veel links. 	283798
http://www.roissynl.nl/	Roissy	Een 'instantie' die haar verantwoordelijkheid begrijpt en binnen haar mogelijkheden daaraan probeert te beantwoorden. Div mogelijkheden tot het beleven van SM fantasieen. Mogenlijkheden tot huur van de fasciliteiten 	283798
http://www.shespot.nl/	Shespot	Erotische verhalen en fantasieën vanuit de belevingswereld van vrouwen, met wisselende exposities, veel links en een levendige discussie. 	283793
http://www.smclubdoma.nl/	SM Club Doma	Informatie over de aktiviteiten van de eerste SM club in europa gestart is 1979 	283793
http://www.gobella.nl/	GoBella Erotic Dating	Stijlvolle en betrouwbare erotische datingservice. Hetero, gay, lesbisch en bi. 	283799
http://www.massad.nl/	MassaD	Tweemandelijks SM Fetish tijdschrift voor Nederland en België. Met webshop en een mogelijkheid om online videos te bekijken. 	283801
http://www.passie.nl/	Passie	Maandelijks erotisch magazine voor Nederland en België. Met een webshop, forum, chat en (betaalde) links naar online foto's en videos. 	283801
http://www.playboy.nl/	Playboy Nederland	Informatie over de Nederlandse uitgave en de 'World of Playboy'. 	283801
http://www.lustmagazine.nl/	Lust Magazine	Een erotisch magazine dat elke maand verschijnt in Nederland en België. 	283801
http://www.erotischeverhalen.com/	Erotische Verhalen	Erotische hetero, lesbische en homosexuele verhalen. 	283803
http://www.sexverhalen.com/	Sex Verhalen	Erotische verhalen en gedichten. Verschillende onderwerpen zoals: de eerste keer, exhibitionisme, groepssex, homo, lesbisch, SM en tieners. 	283803
http://www.1stekeuze.nl/search/waarschuwing.html	1steKeuze Erotische Verhalen	Bescheiden verzameling erotische verhalen. 	283803
http://www.prettyporn.nl/	Pretty Porn	Kunstenares heeft erotische foto's met photoshop omgevormt tot kunstwerken. 	283802
http://www.sex-verhalen.net/	Sex-Verhalen	Erotische verhalen geschreven door bezoekers van deze website. 	283802
http://www.moniquesluyter.com/	Monique Sluyter	Foto's, videos, interviews en biografie van deze TV persoonlijkheid. 	283802
http://www.lipsticksex.net/	Lipstick Swingers	Voor swingers in de Benelux en daarbuiten. 	283807
http://www.heaven-escort.com/	Amsterdam Heaven Escort	De leukste dames aan huis of hotel, wij verzorgen ook striptease,lesbi acts, koppels, en nog veel meer. 	283809
http://www.boys4u.nl/	Boys4u	Zelfstandig werkende homo escorts. 	283809
http://www.extase-escort.nl/	Extase-Escort	Meiden en of boys voor in hotel of bij u thuis. Tevens voor: striptease, dinnerdate's, topless-bediening, massage, auto-sex, trio en sm. 	283809
http://www.girls4u.nl/	Girls4u	Zelfstandig werkende vrouwlijke escorts. 	283809
http://www.prettywomen.nl/	Pretty Women	Escortservice met meerdere vestigingen in Nederland. Overzicht van beschikbare dames, tarieven en mogelijkheden. 	283809
http://www.meesteres-gerda.com/	Meesteres Gerda	Overzicht van de verschillende mogelijkheden. Met foto's. 	283809
http://www.schandknaap.com/	Schandknaap	Javaanse male escort en gigolo voor heren, dames en stellen. Ook voor SM, foto en film. 	283809
http://www.pleasure-escort.nl/	Pleasure Escort	Escortbureau gevestigd te Amsterdam, verzorgt ook striptease, massages en koppels. Foto's en beschrijvingen. 	283809
http://www.kamasutrabeurs.nl/	Kamasutra beurs	Erotische lifestyle beurs. 	283804
http://www.soulshadow.jp/	ソウルシャドウ	米子市皆生温泉で営業しているソープランド。在籍情報、料金システム、求人情報。 	283845
http://yu-waku.biz/hnk/	人妻盗味喰	米子市を拠点とするデリバリーヘルス。料金システム、在籍情報、求人情報。 	283845
http://idol-deri.com/	IDOL	八戸市を拠点とするデリバリーヘルス。在籍情報、料金システム、コスチューム一覧、メール会員募集、求人情報。 	283898
http://www.escortclub-classy.com/	CLASSY	八戸市を拠点とするデリバリーヘルス。男性向け・女性向け両方のサービスを行う。在籍情報、料金システム、ホテル一覧、求人情報。 	283898
http://www.napoleon1.jp/	Hotel ナポレオン	上北郡下田町にあるラブホテル。客室の紹介、料金システム。 	283897
http://www.maruwa-jp.net/	高知マルワグループ	高知市内に複数の店舗を持つホテルグループ。各店舗の客室紹介・料金システム・交通アクセス。 	283909
http://www.lavinoco.com/	LAVICK HOTEL NOCO	香南市。客室紹介、料金システム、交通アクセス、掲示板、ブログ。 	283909
http://luana.co.jp/	ルアナ	南国市。客室紹介、料金システム、サービス紹介、交通アクセス。 	283909
http://www.one-nine.net/	ワンナイン	高知市。客室紹介、料金システム、フードメニュー、交通アクセス。 	283909
http://www.yosakoinight.com/	よさこいナイト情報	高知市の風俗店、飲食店に関する情報を専門に取り扱う。店舗情報を中心にマップ、コラムなどがある。 	283908
http://www.stinger.jp/	スティンガー	高松市を拠点とするデリバリーヘルス。料金システム、在籍情報、ブログ、掲示板、求人情報。 	283915
http://www.aoi-usagi.com/	碧いうさぎ	高松市を拠点とするデリバリーヘルス。在籍情報、料金システム、掲示板、求人情報。 	283915
http://www.f-d-h.net/	福岡デリヘルnet	福岡県のデリバリーヘルスに関する情報を専門に取り扱う。店舗紹介、在籍情報、利用ガイド、性病に関するコラム、ギャラリー、利用可能なホテル一覧などがある。 	283928
http://www.pariet.co.jp/	ホテル パリエ	那珂川町にあるホテル。客室紹介、料金システム、交通アクセス、掲示板。 	283926
http://www.hotelcabin.com/	キャビン	穂高町。部屋の紹介、料金案内、アクセス、メンバーズ特典の案内。 	283931
http://hotel-century.com/	ホテルセンチュリー	長野市。部屋・設備紹介、料金案内、交通アクセス。 	283931
http://www.atami-hihoukan.jp/	熱海秘宝館	熱海市。館内と展示物の紹介、交通アクセス、クーポン券の提供。 	283951
http://www.aquolina765.com/	アクオリナ765	静岡市を拠点とするデリバリーヘルス。スレンダー専門。在籍情報、料金システム、求人情報、ブログ。 	283954
http://www.pretty-dh.com/	プリティ	沼津市を拠点とするデリバリーヘルス。システム紹介と料金案内、在籍情報、コスチューム一覧。 	283954
http://www.steambath.jp/	スチームバス浜松	浜松市で営業しているソープランド。在籍情報、システム紹介、求人情報、交通アクセス。 	283953
http://www.rakuenkanko.co.jp/	ホテル101PATIO	浜松市。料金表やルームサービス、メンバー特典などを紹介。 	283955
http://www.crespa.jp/	ホテルクレスパ	静岡市。サービス紹介、施設と設備の紹介、交通アクセス。 	283955
http://www.bestin.jp/	ホテルベストイン	静岡市。施設紹介、キャンペーン情報、交通アクセス、求人情報。 	283955
http://wagou.run.buttobi.net/	和合ホテル	浜松市。コンセプト、料金案内。 	283955
http://www.carnet-j.co.jp/	ホテルカルネ・ホテルカルネジュニア	浜松市。料金システム、施設とサービス紹介、交通アクセス、掲示板。 	283955
http://www.zoe.co.jp/	HOTEL ZOE	静岡市。部屋の紹介と空室状況、キャンペーン情報、交通アクセス、求人情報。 	283955
http://www.locomo.info/	HOTEL Loco Motion	浜松市。設備紹介、サービス紹介、料金システム。 	283955
http://www.daysnavi.info/imperial/	imperial new 千姫	鹿児島市のソープランド。料金システム、在籍情報、求人情報。 	283961
http://www.daysnavi.info/omiya/	Sexy Dynamite 大宮	鹿児島市のソープランド。料金システム、在籍情報、求人情報。 	283961
http://www.santori-ni.com/	ホテルサントリーニ	鹿児島市。料金案内。 	283962
http://www.hotel-chateau.tv/	ホテルシャトー	霧島市。部屋と料金の案内、周辺観光案内、掲示板。 	283962
http://www.take-group.com/	ソルフィー＆ウェーブ	霧島市にある2つのファッションホテル。料金案内、各店舗の部屋紹介。 	283962
http://loveho.fc2web.com/	らぶLOVEラブ☆	県内のラブホテルに関する情報交換サイト。ホテル一覧、人気投票、掲示板。 	283968
http://www.fontakun.com/	未来予想図	能代市にあるホテル。利用案内、客室紹介、料金システム。 	283968
http://www.love-jewel.jp/	ジュエル	伊勢崎市。料金システム、部屋の紹介、交通アクセス。 	283971
http://rapua.ftw.jp/	RAPUA	北群馬郡吉岡町。料金システム、部屋一覧、交通アクセス、掲示板。 	283971
http://www.hotenavi.com/ato/	亜都	太田市。店舗情報、キャンペーン情報、サービス案内、客室案内、掲示板。 	283971
http://www.hotel122.com/	HOTEL122	邑楽郡明和町。キャンペーン情報、客室の紹介と料金、サービス一覧、食事メニュー、交通アクセス。 	283971
http://www.pmax.jp/	PMAX	前橋市で営業しているピンクサロン。在籍情報、利用ガイド、料金システム、地図、求人情報。 	283970
http://hotelelle.net/	HOTEL ELLE	長崎市。客室の紹介と料金・空室状況、サービスと設備の紹介、食事メニュー、交通アクセス、掲示板。 	283986
http://marinebeach.net/	HOTEL MARINE BEACH	諫早市。客室の紹介と料金・空室状況、サービスと設備の紹介、食事メニュー、交通アクセス、掲示板。 	283986
http://www.ne.jp/asahi/hotel/fuurin/	Petit Hotel FuuRin	佐世保市。料金システム、客室紹介、掲示板、交通アクセス。 	283986
http://www.milky1.net/	セクシー	長崎市を拠点とするデリバリーヘルス。利用案内、在籍情報、SMコースの紹介、ホテル一覧、掲示板。 	283985
http://www.apple-n.com/	アップル	長崎市を拠点とするデリバリーヘルス。システム紹介、在籍情報、出勤予定、求人情報、ホテル一覧。 	283985
http://x98.peps.jp/peachangel3333/	Peach Angel	いわき市を拠点とするデリバリーヘルス。料金システム、在籍情報、ブログ、求人情報。 	284009
http://www.caribbeancom.com/	カリビアンコム	オリジナルの映像コンテンツを配信している。取り扱い映像の紹介、利用ガイドなどが中心。（有料） 	284044
http://toyomi.org/	Toyomi.org	プロフィールや写真、デジカメ日記を掲載。メールマガジンも発行している。 	284045
http://www.kazunoie.com/	近親相姦家族・カズの家	近親相姦体験談を掲載している。 	284045
http://tokyotopless.com/	Tokyo Topless	個人。巨乳を専門とする画像ギャラリーと巨乳フェティシズムに関するコラムが中心。その他にリンク集。 	284045
http://www.kariwanz.com/	Kariwanz Fetish	個人。ラバーフェティシズムに関する情報、ラバーウェア制作に関する情報、オリジナルウェアのギャラリー、活動報告、掲示板、リンク集などがある。 	284045
http://www.sexcom.jp/	Sexcom	セックス論、48手のイラスト、性生活についての知識。掲示板、チャットも用意されている。 	284045
http://lewd.sakura.ne.jp/	性風俗用語大辞典	性風俗に関する用語を専門に取り扱う用語集。 	284045
http://ashifeti.dtiblog.com/	足フェチ奴隷	足フェチをメインテーマとする、個人によるウェブログ。 	284045
http://sm-taiken.com/	SM体験記	個人。作者によるSMプレイの体験記を公開している。 	284045
http://www.ippu-do.com/	一風堂	風俗店、アダルトグッズ、その他アンダーグラウンドなものをテーマにしたコラムとリンク集。 	284045
http://slavejunko.blog61.fc2.com/	池袋で働くSM嬢の公開調教ブログ	SMに関することをテーマとした個人のウェブログ。 	284045
http://www.love.squares.net/furin/	不倫パートナーをさがそう	無料で地域別の掲示板や体験談など、不倫の話題と出会いを提供。 	284046
http://www.janis.or.jp/users/imajun/index.htm	じゅんずるうむ	携帯電話端末と兼用の掲示板、チャット、今日の運勢。一部アダルト向け。 	284046
http://deai.for-ladies.com/	出会いforレディース.com	男性用・女性用の都道府県別検索ができるメッセージ・ボードを用意。運営はやよいネット。 	284046
http://www.big-men.net/	Big-Men	ゲイの男性を対象としている。登録者の検索システムを中心に、画像掲示板、体型別のチャットなどがある。 	284046
http://www.oldtown.lt/	Old town	Striptizo klubas Vilniuje 	284087
http://www.aistringas.com/	Aistringas.com	Moterų ir vyrų striptizo bei pilvo šokėjų paslaugos, bernvakarių ir mergvakarių organizavimo paslaugos. 	284087
http://www.pazintysxxx.com/	Pazintysxxx.com	Pažinčių svetainė ieškantiems sekso partnerių. [mokama] 	284088
http://www.xshop.lt/	xShop.lt	Indviduali sekso reikmenų parduotuvė internete. 	284089
http://www.mergytes.com/	Mergytės.com	Erotinių nuotraukų, filmukų ir vaizdelių svetainė. 	284090
http://sexchat.hu/	Elő videochat szép lányokkal és vagány srácokkal	Nagyon igényes oldal társkeresőknek és szórakozni vágyóknak.  Egyedülálló webkamerás csevegőrendszer! 	284095
http://www.exkluzivshop.hu/	Exkluzívshop szexshop	Szexuális segédeszközök (vibrátorok vaginák babák péniszek), szex filmek, szexi fehérneműk és tangák, szexi cipők, szado mazo és lakk cuccok, erotikus ajándékok, láncruhák online boltja. 	284096
http://www.torte-net.hu/	Törté-Net	Több, mint 3000 magyar nyelvű erotikus történet (kb 400 ingyenes) 	284101
http://www.jerom-bdsm.atw.hu/	Jeromos Mester bdsm oldala	Izzó Szenvedély. Egy honlap a szado-mazo kedvelőinek 	284106
http://painword.atw.hu/	PainWord	Szado-mazo videók 	284106
http://www.stopy.dziewczyn.info/	Stópkowa Galeria Internautek	Galeria stóp tworzona przez internautów. 	284128
http://www.podrywacze.pl/	Podrywacze	Dziewczyny w polskim serwisie z filmami i fotkami z podrywów. 	284131
http://pornolia.pl/	Pornolia - Sex republika polskich dziewcząt	Polskie dziewczyny nago na unikalnych filmach i fotkach. 	284127
http://www.how.pl/polskie_brunetki/	Polskie Brunetki	Seksowne nastoletnie Polskie brunetki, darmowe fotki i sex humor. 	284136
http://gay.top-100.pl/	Gay Top 100	Sto najpopularniejszych stron gejowskich w Polsce. 	284145
http://bestboys.top-100.pl/	Bestboys Of Poland	Toplista najlepszych stron erotycznych dla gejów. 	284145
http://blogigejow.toplista.pl/	Blogi gejów	Lista popularności blogów o tematyce homoseksualnej. 	284145
http://escorts.toplista.pl/	Polski Przewodnik Towarzyski	Panie prywatnie oraz agencje towarzyskie; toplista. 	284144
http://s.topka.pl/	STOPKA.TK	Toplista stron erotycznych. 	284144
http://escorts-poland.toplista.pl/	Dziewczyny na telefon	Ranking stron zawierających oferty towarzyskie. 	284144
http://agencje.toplista.pl/	Escort Elitte	Toplista stron erotycznych oraz zawierających oferty towarzyskie. 	284144
http://sexwawa.toplista.pl/	Private-lux	Lista sex stron. 	284144
http://erotyczne.toplista.pl/	Polskie strony erotyczne.	Toplista bez podziału na kategorie. 	284144
http://supersex.toplista.pl/	Supersex	Polskie strony dla dorosłych. 	284144
http://www.diablice.pl/	Diablice	Archiwum galerii erotycznych. 	284146
http://www.sexmagia.pl/	Sex Magia	Codziennie aktualizowana linkownia z odnośnikami do erotycznych galerii. 	284146
http://www.sexplaneta.pl/	Sex Planeta	Codziennie aktualizowane linki do galerii z darmowymi zdjęciami i filmami erotycznymi. 	284146
http://eroteka.pl/	Eroteka.pl	Serwis z sex galeriami i filmami porno. 	284146
http://pornobank.pl/	Pornobank	Galeria erotyczne podzielone na kategorie tematyczne. Codzienna aktualizacja. 	284146
http://www.pokusy.com/	Pokusy.com	Serwis z codziennie aktualizowanymi linkami do erotycznych galerii. 	284146
http://www.lolidka.com.pl/	Lolidka	Codziennie aktualizowane odnośniki do galerii erotycznych. 	284146
http://www.hun.pl/	Hun.pl	Prezentacja najnowszych oraz archiwalnych linków do galerii erotycznych. 	284146
http://mamuski.de/	Mamuśki	Serwis tematyczny prezentujący linki zdjęciowe do galerii erotycznych. 	284146
http://www.sexcafe.pl/	SexCafe	Serwis z codziennie aktualizowanymi odnośnikami do erotycznych galerii. 	284146
http://uve.pl/	Uve.pl	Linki do darmowych galerii erotycznych. 	284146
http://www.galerieporno.pl/	Galerieporno.pl	Serwis zawierający aktualne oraz archiwalne linki do darmowych galerii erotycznych. 	284146
http://www.ckm.pl/	CKM on line	Oficjalna strona Czasopisma Każdego Mężczyzny. Galerie, artykuły, humor, motoryzacja. 	284154
http://www.opowiadania.pl/	Opowiadania.pl	Polskie opowiadania - serwis dla lubiących czytać. 	284157
http://www.erotyczne-opowiadania.pl/	Fantazje erotyczne i wiersze.	Zupełnie darmowe opowiadania erotyczne dla dorosłych - hardcore i softcore. 	284158
http://www.extaza.pl/	Extaza, Świnoujście	Dom z uczynnymi paniami. 	284161
http://www.imperiumx.pl/	ImperiumX, Warszawa	Willa, 10 pokojów, jacuzzi, klimatyzowany salon, drink-bar, taniec erotyczny i inne atrakcje. Wyjazdy i imprezy zamknięte. 	284161
http://www.a-studio.pl/	A-Studio, Warszawa	Agencja oferuje relaks w towarzystwie pięknych dziewczyn. Spotkania towarzyskie w lokalu lub u klienta. 	284161
http://www.moulinrouge.pl/	Moulin Rouge, Wrocław	Agencje towarzyskie - oferta, zdjęcia lokalu, mapa dojazdu. 	284161
http://www.goldenqueen.pl/	Golden Queen, Warszawa	Ekskluzywna agencja towarzyska w centrum. Towarzystwo dziewczyn i komfortowe warunki. 	284161
http://s-studio.pl/	S-Studio, Warszawa	Agencje towarzyskie z Warszawy, informacje, forum, praca oraz kontakt. 	284161
http://www.adult-sponsors.biz/pl/	Adult Sponsors	Programy partnerskie dla adult webmasterów oraz informacje o contencie, trafficu i hostingu. 	284159
http://www.narraganset.pl/	Narraganset, Łódź	Strona największego klubu dla gejów i lesbijek, wywiady, informacje na temat noclegów w Łodzi, relacje z imprez. 	284162
http://www.extaza.pl/	EXTAZA, Świnoujście	Ekskluzywny Klub Nocny w Świnoujściu. W ofercie striptease, drink bar, taxi service, wyjazdy hotelowe, imprezy prywatne. Zdjęcia, księga gości, mapa i kontakt. 	284162
http://www.pornonett.no/	Pornonett	En erotisk portal med linker til norske, svenske og danske sex sider. 	284348
http://www.nakenprat.com/	Nakenprat	Sexforum med deling av bilder, diskusjon av erotikk samt chat. Gratis registrering. 	284348
http://www.erotikknett.no/	Erotikknett	Nettmagasin med erotiske noveller, eventyr og tegninger, filmanmeldelser og nettbutikk. 	284348
http://www.vanjas-world.com/	Vanja's World	Vanja sitt personlige nettsted. Her deler hun frekke bilder av seg selv, samt erotiske tegneserier hun har laget selv. 	284348
http://www.nakenprat.com/external.php?type=rss	Nakenprat	Sexforum med deling av bilder, diskusjon av erotikk samt chat. Gratis registrering. 	284348
http://www.sexhibition.no/	Sexhibition	Nettstedet for Sexhibition messen. 	284348
http://vibratorsex.wordpress.com/feed/	Vibrator sex	Ei norsk pike skriver om sine vibrator erfaringer 	284348
http://www.club4.no/	Club 4	Sex klubb for medlemmer. Webshop, erotisk galleri, erotisk butikk og meget mer. Erotisk bofellesskap i Oslo og Trondheim med bilder og klubb-informasjon. 	284349
http://www.slm-oslo.no/	SLM Oslo	En klubb for menn som liker menn i lær, gummi og uniform. 	284349
http://www.norwaybears.com/	Den Norske bamseklubben	Den Norske Bamseklubben er en klubb for homofile menn. 	284349
http://www.nakenprat.com/group.php	Erotiske grupper	Diverse grupper hvor man kan diskutere erotikk og porno med likesinnede. 	284349
http://www.sexdate.no/	Sex Date	Sexorienterte kontaktannonser, gratis, populært. Har en moderert webcam-chat (også gratisk). 	284350
http://www.nakenprat.com/nakenprat.php	Nakenprat Webcamchat	Gratis chat hvor man kan vise seg fram eller se andre på webcam. 	284350
http://www.cupido.no/	Cupido Online	Arkiv, nettbutikk, diskusjonsforum og kontaktannonser. 	284351
http://www.cpunktet.no/	Cpunktet	Nettsted med artikler,blogger,forum,erotiske noveller og historier. 	284351
http://www.nakenprat.com/all_albums.php	Bildealbum	Brukeralbum lagt opp av brukere på forumet Nakenprat 	284352
http://pornofilmer.nakenprat.com/	Pornofilmer	Her kan man se nordiske pornofilmer mot betaling. 	284352
http://pornofilmer.nakenprat.com/rss.php	Pornofilmer	Her kan man spille av pornofilmer, mot betaling med SMS 	284352
http://www.kondomeriet.no/	Kondomeriet	Besøk Kondomeriets erotiske butikk på nett. Her finner du vibratorer, dildoer, film, undertøy, spill, massasjeoljer og annet spennende. 	284353
http://www.sexbutikken.no/	Sex Butikken	Salg av erotiske artikler som sex-leketøy, dildoer, penispumper og undertøy. Anonym og diskret avsender. 	284353
http://www.sextase.no/	Sextase	Erotiske DVD filmer fra de største selskapene i USA og Europa. diskret forsendelse fra Norge. Hevder at de er først ute med titler i Norge! 	284353
http://www.ceciliekjensli.no/	Cecilie Kjensli	Nettsted for seksuelt velvære, med fokus på kvinnners seksualitet. 	284353
http://www.gelico.no/	Gelico	Nettkatalog med utvalg av diverse erotiske artiker for han og henne. 	284353
http://www.penisforlenger.no/	Penisforlenger	Andropenis penisforlenger er et medisinsk apparat, som nettstedet sier øker lengden og tykkelsen på penis. 	284353
http://www.k-lageret.no/	K-Lageret	Karamellageret AS ble stiftet i 1991 og driver med kjøp og salg av diverse erotiske produkter. 	284353
http://shop.nakenprat.com/	Nakenprat Shop	Erotisk nettbutikk med sexleketøy for voksne. 	284353
http://www.jentekveld.no/	Jentekveld	Homepartykonsept basert på salg av sexleketøy til henne, han og par. 	284353
http://www.erotikkexpressen.no/	Erotikkexpressen	Erotisk nettbutikk med produkter for ham og henne. 	284353
http://www.smil-norge.no/	SMIL Norge	Fungere som en interesseorganisasjon for sadomasochister, på idealistisk, ikke-kommersielt grunnlag. 	284354
http://www.vanjas-world.com/vanjas_world_norsk.htm	Vanja's World	Vanja er en norsk jente som er interessert i BDSM. Her finner du spennende bilder innen både BDSM og manga. 	284354
http://www.sologmaane.org/	Sol og Måne	Losje Sol og Måne er ett sosialt samlingspunkt for alle som er interessert i BDSM og fetisj, i Trondheim og omegn. 	284354
http://www.slavinn1.homestead.com/velkommen.html	Slavinnen	En jente som kaller seg Slavinnen, sitt personlige nettsted. Poesi og bilder. 	284354
http://www.durexshop.be/	Durex shop	De officiële Belgische webwinkel van de condoomproducent. 	283742
http://shop.erotikknett.no/	Erotikknett shop	Erotisk nettbutikk med lang erfaring og stort utvalg av sexleketøy, erotiske filmer og sexy undertøy. 	284353
http://www.flirtmee.nl/	Flirtmee.nl	Gratis sexchat voor singles, swingers, bisexuelen en gays. 	283739
http://www.thisislive.com/	ThisIsLive	Internationale commerciële live site. 	283739
http://www.mrskink.nl/	Mrs Kink	Een strenge kinky lifestyle meesteres. 	283798
http://www.islive.eu/	IsLive	Grote betaalde camsite met onder andere Nederlandse en buitenlandse amateur-vrouwen en mannen. 	283740
http://hoteltandt.wordpress.com/	TandT	長野県南箕輪村のラブホテル。料金表。 	283931
http://www.sogoclub.pl/	Sogo Night Club	Klub nocny w stylu amerykańskim ze scenę taneczną z barem. Galeria, dojazd i dane kontaktowe. 	284162
http://goldengate.hu/	Goldengate	Képek számtalan kategóriában. 	284103
http://www.webcamsnacks.nl/	Webcamsnacks	Webcamsex profielen site van live webcam dames inclusief foto's 	283740
https://fetlife.com/	Fetlife	FetLife is the Social Network for the BDSM, Fetish & Kinky Community. 	283798
https://www.fetish-cafe.com/	Fetish Café	Een uitgangsplek voor liefhebbers van Fetish 	283798
https://sm-meester.nl/	SM Meester Vincent	Een moderne SM meester in de Randstad, zonder latex en leer.. 	283798
http://www.mrskate.nl/	Mrs Kate	Meestres Kate is een vurige roodharige en pittige Meesteres. Lid van het respectabele team van Doma in Den Haag 	283798
http://www.pornokanal.sk/	PornoKanál.sk	Erotický server, obsahuje galérie triedené do kategórií, animované polohy, erotické hry a inzercia, diskusné fórum. 	283333
http://www.zoznam.sk/katalog/Sluzby-remesla/Pre-dospelych/	Zoznam.sk	Odkaz na erotickú sekciu katalógu portálu. 	283333
http://www.azet.sk/katalog/erotika-a-sex/	Azet.sk	Erotická sekcia portálu Azet, obsahuje odkazy na množstvo webov tohto zamerania. 	283333
http://free18.zoznam.sk/	Free18.zoznam.sk	Spoplatnený archív erotických videí a fotografií online. Prezeranie a pridávanie obsahu aj z mobilu. 	283334
http://www.69shop.sk/	69shop.sk	Predaj erotických pomôcok, prádla, literatúry, nábytku a žartovných predmetov. 	283336
http://www.eros.sk/	Eros.sk	Online veľkoobchod a maloobchod s erotickým sortimentom. 	283336
http://www.opc.sk/	Orion Private Club s.r.o.	Internetový predaj sortimentu erotického tovaru, erotických filmov na DVD a VHS. 	283336
http://www.sexnovinky.sk/	SexNovinky.sk	Internetový sexshop. Diskrétny predaj erotických pomôcok rôznych druhov a značiek. 	283336
http://www.kondomshop.sk/	KondomShop.sk	Internetový obchod s ponukou kondómov, vibračných krúžkov, erotických pomôcok a nástrojov. 	283336
http://www.sexnovinky.eu/	SexNovinky.eu	Internetový obchod zameraný na luxusné erotické pomôcky určené náročným zákazníkom. 	283336
http://www.eroticke-pomocky.eu/	Erotické-pomôcky.eu	Internetový obchod s ponukou erotických pomôcok rôznych druhov. 	283336
http://www.erotickysalon.sk/	Áčko Hrašné	Dievčatá, masáže, spoločníčky, interiér salóna a nápojový lístok. [Stará Turá] 	283337
http://www.privatportal.sk/	Privatportal	Sexponuky privátov na území Slovenska. 	283338
http://www.erotickesluzby.sk/	Erotická inzercia	Inzercia erotických podnikov, klubov, privátov a spoločníčok. 	283338
http://www.sex-po-telefone.sk/	Sex po telefóne	Zoznam erotických liniek a telefónne čísla na erotický SMS chat. 	283338
http://pauzicka.zoznam.sk/Eroticke_hry/	Pauzička.zoznam.sk	Erotické online hry rôznych druhov a stupňov obtiažnosti. 	283339
http://www.xbdsm.sk/	Xbdsm.sk	Erotická fotozoznamka. Obsahuje aj obrázkové a video galérie. 	283341
http://www.sex-news.ru/	Ежедневный секс-журнал	Ежедневный журнал рассказывает обо всех тонкостях отношений между мужчиной и женщиной. 	283395
http://loveplanet.ru/	Loveplanet.ru	Сайт знакомств. Поиск по анкетам, рейтинги, конкурсы. Партнёрская программа. 	283397
http://ivanfuckov.narod.ru/	Иван Факов	Ненормативный взгляд на сегодняшний день и видение интересов современного российского общества. Настроения, жизнь, литература, музыка, компьютинг. 	283398
http://annyk.narod.ru/index.html	Anny nudist page	Фотографии нудистки из Питера по имени Анна. 	283398
http://kashmir-lana.narod.ru/	Лабиринт души и тела	Личная страничка Алексея и Светланы - московских свингеров 	283400
http://dniproua.narod.ru/	Киев :: страничка Виты и Сергея	 	283400
http://www.swing-yar.narod.ru/	Ярославский виртуальный Свингер Клуб	Разделы сайта: Новости, Вступительная анкета, Объявления, Статьи о сексе, Свинг сайты, Наш форум, Как определить настоящее место отправителя письма 	283400
http://www.swingclub.narod.ru/	Свинг-клуб "Мистерия"	Месторасположение Клуба: Тель-Авив и окрестности. Разделы сайта: Главная, Доска объявлений, Наша предыстория, Форум, Статья "Свинг в Израиле". 	283400
http://swing-para.narod.ru/	Страничка Тани и Саши	Разделы сайта: О нас, Фотоальбом, Свинг, Ждем гостей, Накрыть стол, По теме, Рассказы, Юмор, Наш чат, Наш форум, Наши друзья, Гостевая книга. 	283400
http://www.swingsurgut.narod.ru/	Сургутский свингер сайт	Свинг в ХМАО. Разделы сайта: О свинге, Знакомства, Почитать, Форум, Чат, Поделись опытом, Гостевая книга, Кое-что о сексе. 	283400
http://www.gay.ru/	Gay.Ru	Российский национальный сервер геев, лесбиянок, бисексуалов и транссексуалов, является порталом для русскоязычных гей-сайтов. Статьи на темы здоровья, общества, гомофобии, отношений, искусства, литературы, моды, истории, путешествий и др. Объявления о знакомстве, BBS, каталог ссылок. 	283401
http://nevius.ru/	Скрипты Nevius	Продажа скриптов интим-услуг, знакомств, досок объявлений, недвижимости, изготовление скриптов и сайтов на заказ. 	283402
http://voffka.com/	Воффка Дот Ком	Приколы, фотоприколы, черный юмор, компьютерный юмор. 	283406
http://www.mipco.com/	Компания M.I.P.	Издательство книг вызывающих споры.   Статьи, эссе, Журнал "General Erotic". Книги,  включая "Тайные записки" А.С.Пушкина, "Детский Эротический фольклор", Маркиз Де Сад, альманах Русской эротической литературы "Соитие", "Русские бесстыжие пословицы и поговорки". 	283412
http://www.morkovka.net/	Морковка	Эротические рассказы, пособия и руководства. 	283412
http://www.stulchik.net/	Стульчик.Net	Новости, эротические рассказы, руководства по сексу, конкурсы. Картинки и обои для рабочего стола. 	283411
http://tattoo.by/	Tattoo.by	Татуировки, пирсинг, шрамирование, рисунки на теле, галереи, статьи. Боди-арт, эротические фотографии, каталог сайтов. 	283411
http://www.chastushki.ru/	Частушки.Ру	Частушки для взрослых различной тематики, сгруппированные по рейтингу и датам. 	283411
http://www.ulitka.ru/	Улитка	Интернет-каталог, поиск. Сортировка по алфавиту и посещаемости. Доска объявлений. 	283418
http://chat.ru/catalog/	Chat.ru	Каталог ссылок хостинга. Поиск. Редактирование описаний. 	283418
http://links.rin.ru/	Green Line	Каталог с голосованием по ресурсам в отношении информационности и дизайна. 	283418
http://www.ivlim.ru/	Ivlim.ru	Каталог русскоязычных ресурсов интернет в рамках портала. Метапоиск. Ссылки ранжируются модераторами. 	283418
http://www.susanin.com/	Susanin	Интернет-каталог. Привлекает гидов. 	283418
http://www.x-time.ru/chat/	Эротический чат	Место для виртуального секса. 	283419
http://prikol.pp.ru/	Прикол.pp.ru	Пошлые анекдоты, неприличные анимашки, прикольные картинки, маразмы, садистские стишки, эротические обои для рабочего стола. 	283420
http://interweb.spb.ru/	InterWeb	Девочки Петербурга. Живые открытки, доставка букетов по Санкт-Петербургу, досуг в Питере, объявления, знакомства, on-line игры. 	283420
http://kot.ru/	KOT.RU	Развлекательный портал. Онлайновые игры. КОТалог ресурсов Интернет. 	283420
http://orgazmo.ru/	Каталог русского порно	Ссылки на порно и эротические сайты рунета. 	283420
https://www.master-x.com/	Master-X	Журнал для русскоязычных adult-вебмастеров. Новости, статьи, каталог, форум. 	283417
http://www.zastavkin.com/	Zastavkin.com	Обои для рабочего стола. 	283417
http://www.ledi.ru/	Ledi.ru	Поисковая система для женщин. 	283417
http://jena-muj.chat.ru/	Жена и муж	Энциклопедия половой жизни: гигиена тела, половые органы, женская грудь как эротический фактор, сексуальные неудачи и их причины, половые позиции, техника половых движений. 	283422
http://pretrazivac.tripod.com/	WoohooSearch	Pretrazivac i direktorijum sa vestima iz Jugoslavije i sveta. Takodje sadrzi i chat za odrasle. 	283423
http://www.morazzia.com/	Morazzia Magazin	Sadrži vesti, članke, ankete, foto galeriju, seksualne teme i forum. Potrebna je registracija. 	283423
http://www.simpatikus.com/	Simpatikus	Traženje partnera putem oglasa. Baza podataka ima mogučnost pretraživanja. 	283423
http://www.ljubavni-sastanak.com/	Ljubavni Sastanak	Ljubavni kontakti, lični i seks oglasi. 	283423
http://www.striptizmagazin.com/	Striptiz Magazin	Srpska porno produkcija. Slobodan Stanković prikazuje 20 godina svoga rada. 	283423
http://sexcentrala.com/	Sex centrala	Seksi galerije, lični oglasi i unapređenje seksualnog života jednostavnim vežbama. 	283423
http://www.nevaljalica.com/	Nevaljalica	Sramotne ispovesti, slike i snimci, tatinih i maminih mezimica. 	283423
http://www.villi-ira.net/	Villi-ira.net	Palvelut, kuvagalleria ja uutiset. 	283425
http://www.bizarrebitch.biz/	Sodomya Divina Sadistica	Dominan ja ystävien esittely. S&M-, fetish- ja fantasiapalveluita. 	283425
http://www.iskuri.net/	Iskuri-treffit	Seuranhakupalvelu. 	283427
http://www.lupiini.com/	Villi Lupiini	Tekstiviestitreffit. 	283427
http://www.finswingers.com/	Finswingers	Pareille suunnattu kohtauspaikka. Tilaisuudet Helsingissä. 	283427
http://www.seksitreffit.fi/	Seksitreffit.fi	Ilmoituksia, keskustelualue ja omat kuvat -osasto. 	283427
http://www.hotlips.fi/	Hot Lips	Suomalainen seksiliike. 	283428
http://www.ladyshop.net/	LadyShoppi	Romantiikkaa ja unelmia. Laadukkaita alusvaatteita ja kumi/nahka-asuja. Valikoimiin kuuluu myös videot, välineet, kirjat ja sarjakuvat. 	283428
http://www.sincity.fi/	Sin City	Suomalainen seksiliike. [Helsinki] 	283428
http://www.keltainenruusu.fi/	Keltainen ruusu	Seksiliike Helsingissä. Erikoistunut video- ja DVD- tarjontaan, katselumahdollisuus liikkeessä. Myös laaja välinetarjonta lukuisine erikoisuuksineen. 	283428
http://www.redlights.fi/	Red Lights	Elokuvat, asut, lehdet, kondomit, hupitarvikkeet ja välineet. 	283428
http://www.funforladies.fi/	Fun for ladies	Eroottia asuja, kenkiä ja tarvikkeita naisille. 	283428
http://www.ihmeellinenhuone.fi/	Ihmeellinen Huone	Erotiikan verkkokauppa. Välineet, elokuvat, korsetit ja goottivaatteet. 	283428
http://kettu.kossu.org/tekstit/	Eroottisia tekstejä	Tarinoita ryhmästä sfnet.keskustelu.seksi ja muualtakin. 	283424
http://www.bizarreclub.fi/	Suomen Bizarre Club	Bizarre-ihmisten klubi. 	283424
http://www.pro-tukipiste.fi/	PRO-tukipiste r.y.	Edistää seksityöntekijöiden terveyttä, turvallisuutta ja hyvinvointia sekä yhteistoimintaa. 	283424
http://www.herkku.net/	Herkku.net	Monipuolinen portaali. 	283429
http://poika.net/	Poika.net	Homomiesten kohtauspaikka. Chat, seuranhaku ja kuvakirjasto. 	283429
http://www.seksi.net/	Seksi.net	Maksullisia palveluja, kuvia, videokauppa. 	283429
http://www.svenskstripp.com/	Svensk strippförmedling	Kvinnliga och manliga strippor till alla arrangemang över hela Sverige. Förmedlar stripp för herrmiddagar, födelsedagar, krogshower, firmafester, fotografering, svensexor, möhippor, med mera. 	284064
http://www.extreme-erotica.com/	Extreme Erotica films	Tillverkar erotiska filmer. 	284064
http://www.sexdate.se/	Sexdate	Sök sexpartners alla typer av förhållanden. 	284068
http://www.lastbryggan.com/	Lastbryggan.com	Sexshop som även säljer porrtidningar och filmer. 	284071
http://www.eroticvideo.nu/	Erotic video	Massor av udda porrfilmer mm. 	284071
http://www.lustgarden.se/	Lustgården	Butik med massage och glid med lukt och smak. Små roliga kittlare och andra hjälpmedel. 	284071
http://www.butik6.com/	Butik 6	Tusentals erotiska filmer på video och dvd samt sexleksaker för henne och honom! 	284071
http://www.subdvd.com/	SubDVD.com	Säljer import-dvd med inriktning på erotiska klassiker och kultfilm. 	284071
http://www.kondomeriet.nu/	Kondomeriet.nu	Kondomer, leksaker och presentartiklar. Har även en butik i Göteborg. 	284071
http://www.lustjakt.se/	Lustjakt	Homeparty arrangör med en stor E-shop. 	284071
http://www.martinshop.se/	Martinshop	Porrbutik med video, tidningar och sexprylar. 	284071
http://www.passionofsweden.se/	Passion Of Sweden	Säljer sexleksaker och produkter för att krydda sexlivet. Vänder sig främst till kvinnor och har medvetet valt bort porr. 	284071
http://dreamcollection.nu/	Dream Collection	Säljer kläder, underkläder, sexleksaker och oljor. Drivs  med kvinnlig prägel. 	284071
http://www.4love.ro/	4Love	Magazin online ce comercializează produse şi accesorii pentru îmbunătăţirea  vieţii sexuale . 	284074
http://www.iubirea.ro/	Iubirea S.R.L.	Prezintă informaţii despre oferta de produse. 	284074
http://www.fantezie.ro/	Fantezie.ro	Sex shop ce comercializează online diferite produse specifice. 	284074
http://www.adultvideochat.ro/	Adultvideochat.ro	Conţine informaţiii specifice, o listă de discuţii, secţiune despre legile din acest domeniu şi oferte de muncă. [En], [Ro] 	284081
http://www.swingingclub.ro/	SwingingClub.	Pagini dedicate întâlnirilor  dintre cupluri, prezintă profile ale participanţilor, difrite jocuri erotice şi o listă de discuţii. 	284083
http://www.vreausatefut.com/	Vreau să te fut	Pune la dipoziţie anunţuri, liste de discuţii, chat şi diferite galerii de imagini cu tenta erotică. 	284083
http://matrimoniale.3xforum.ro/	Matrimoniale.3xforum.ro	Listă de discuţii şi anunţuri erotice. 	284083
http://tehnici-potenta.uv.ro/	Tehnici-potenta.uv.ro	Site ce oferă gratuit informaţii cu privire la tehnicile şi metodele de mărire şi dezvoltare a penisului, în mod natural. 	284083
http://www.iubita.ro/	Iubita	Anunţuri gratuite. Pentru citire sau adăugare anunţuri este nevoie de înregistrare ca utilizator. 	284084
http://www.artsex.ro/	Artsex	Povestiri cu tentă sexuală, căutare partener, mini-ghid Bucureşti şi forum. Se pot obţine mai multe informaţii prin înregistrare. 	284085
http://www.artfan.net/	ArtFan	Tapety na pulpit z kategorii fantastyka, sci-fi, 3d, manga, anime, gry, widoki, komiks oraz grafiki fantasy art i rysunki erotyczne. 	284135
http://www.agnieszka.com.pl/	Agnieszka zaprasza	Poradnik erotyczny kierowany do mężczyzn a prowadzony przez kobietę. 	284138
http://milosc.god.pl/bezpieczny.htm	Mini Vortal Erotyczny	Mała encyklopedia seksu i erotyki. 	284138
http://www.erandka.pl/	eRandka	Sex oferty w wielu kategoriach, wszystkie ogłoszenia przyjmowane są za darmo. 	284139
http://www.sexpatrol.pl/	Sex Patrol	Prywatne ogłoszenia towarzyskie pań. Oferty przed publikacją są weryfikowane przez moderatora. 	284139
http://www.roksa.pl/	Roksa	Darmowe ogłoszenia towarzyskie i anonse erotyczne z całej Polski. Widoczne numery telefonów, co miesiąc aktualizacja ofert, mnóstwo zdjęć. 	284139
http://www.sekrecik.pl/	Sekrecik Sex Shop	Sprzedaż wysyłkowa akcesoriów erotycznych. 	284151
http://figielek.pl/	Figielek	Sprzedaż wysyłkowa artykułów erotycznych. 	284151
http://www.mastercolt.pl/	MasterColt	Internetowy sklep z erotyczną odzieżą skórzaną dla panów. 	284151
http://www.sexshop.sex.pl/	Sexshop.sex.pl	Sexshop internetowy, w ofercie: afrodyzjaki, feromony, perfumy, akcesoria erotyczne, afrodyzjaki, bielizna. 	284151
http://www.pinkshop.pl/	Pink Shop	Sprzedaż artykułów erotycznych: dvd, vhs, vcd, wibratory, afrodyzjaki, akcesoria, cyberskóra. 	284151
http://www.sexshop.com.pl/	Hipermedia Group	Hurtownia prowadząca sprzedaż hurtową wszystkich akcesoriów erotycznych. 	284151
http://www.sextoy.com.br/	Sextoy	Sex shop virtual , apresenta os produtos com fotos e dicas de uso. Entrega em todo o Brasil . 	284358
http://www.lingerie.com.br/	Lingerie.com.br	Loja virtual de lingerie. Possui ainda um seção de lingerie erótica e acessórios como vibradores, cremes e desenvolvedores penianos. 	284358
http://www.vibrolandia.com/	1001 Vibradores - Vibrolandia	Venda on-line de produtos eróticos. 	284358
http://www.xupamisto.com/	XupaMisto.com SexShop	SexShop portuguesa de venda on-line. Centenas de artigos com fotos. 	284358
http://www.1001noites.com/	1001 Noites Sex Shop Online	Sex Shop on-line em Portugal com vibradores, dildos, dongs, masturbadores, videos vhs e dvd, lubrificantes, cremes, acessórios sado maso. 	284358
http://www.volupiasexshop.com.br/	Volúpia Sex Shop	Loja erótica com  atendimento on-line para aqueles que desejam mais informações.  Ampla variedade de produtos. Brasil. 	284358
http://www.erosmania.com.br/	Eros Mania	Loja virtual no Brasil de vendas de produtod eróticos, fantasias, lingerie, DVDs e mais. 	284358
http://www.konasutra.com/	KonaSutra.com	Comércio online de produtos eróticos em Portugal. 	284358
http://www.worldofsenses.net/	Loja WorldofSenses	Loja de vestuário e calçado fetichista, artigos para a prática de BDSM e vestuário em couro,latex,pvc,lingerie,e mais. Brasil 	284358
http://www.peroladoprazer.com/	Pérola do Prazer, lda - sex shop	Sex shop de portugal com loja em almada. Óleos, lubrificantes, vibradores, bonecas, preservativos, lingerie sexy, aneis, bolas, cartas, dvd`s, e mais. 	284358
http://www.lojadosexo.com/	Loja do Sexo	Sex Shop on line em Portugal com centenas de produtos eróticos e DVDs para adultos em estoque. Envios em 24 horas. 	284358
http://www.stinka.pt/	Sex Shop Stinka	Sex Shop Stinka. Sex shop com loja aberta em Mem-Martins 	284358
http://www.cupidosshop.com/	Cupido sex shop	Artigos eróticos de Portugal. 	284358
http://www.emprivado.pt/	Sex Shop emprivado.pt	Sex shop Portuguesa online, com entregas ao domicílio de norte a sul do país através dos CTT em 24 Horas e com máximo sigilo. Vários métodos de pagamento e um catálogo abrangente. Veja as nossas promoções constantes. 	284358
http://www.deliciaonline.com/	Delicia Online	A Delicia Online sexshop dispõe de uma vasta gama de acessórios de cabeceira. Satisfaça os seus desejos mais privados. Grandes artigos a preços reduzidos. Portugal. 	284358
http://paparazzo.globo.com/	Paparazzo	Fotos provocantes e com leve toque de nudez de homens e mulheres que estão em evidência na mídia brasileira. 	284360
http://famosasbrasileiras.blogs.sapo.pt/	Brasileiras Famosas	Blog com fotos de famosas brasileiras. 	284360
http://todomundonu.blogs.sapo.pt/	Todo Mundo Nu	Blog com fotos de modelos nuas. 	284360
http://gatas-qb.blogspot.com/	Gatas QB	Blog com fotos de famosas e modelos nuas. 	284360
http://hollywood.weblog.com.pt/	Hollywood Weblog	Blog sobre cinema com artigos e fotos sensuais e de semi-nudez de celebridades mundiais. 	284360
http://edeuscriouamulher.blogs.sapo.pt/	A mulher	Blog com a nudez das mulheres mais bonitas e famosas do mundo. 	284360
http://www.socaseiras.com.br/	Só Caseiras	Fotos gratis amadoras, caseiras video amadores e caseiros, filmes porno de casais e swing. 	284361
http://www.cnnamador.com/	CNN Amador	Sexo amador na internet. Fotos e vídeos de amadoras peladas. 	284361
http://www.fode-me.com/	Fode-Me	Links diretos para galerias de fotografias e vídeos em diversas categorias, atualizados diariamente , no estilo TGP . 	284359
http://morango.ig.com.br/	Morango	Site com fotos sensuais de modelos latinas , garota web cam vigiada 24 horas por dia e notícias atualizadas a respeito dos famosos . 	284359
http://www2.uol.com.br/garotasdooutdoor/	Garotas do Outdoor	Ensaios fotográficos com modelos nuas. 	284359
http://revistatrip.uol.com.br/	Revista Trip	Versão online da revista de mesmo nome, apresenta imagens eróticas e reportagens de temas variados. 	284359
http://gatas.mdig.com.br/	Gatas MDig	Site de conteúdo adulto "softcore" classificado no ICRA somente com belas mulheres nuas. 	284359
http://www.viciadosnosexo.com/	Viciados no Sexo	Forum de sexo. 	284359
http://condensado.uol.com.br/	Condensado	Ensaios sensuais com modelos nuas. 	284359
http://www.blogtravestis.blogspot.com/	BlogT	Blog sobre travestis. Eventos, classificados, fotos, Bianca Soares, depoimentos das mais famosas bonecas brasileiras e estrangeiras. 	284362
http://www.gulagay.com/	Gula Gay	Fotos e vídeos, divididos por categorias. 	284362
http://www.galaxiagay.org/	Galáxia Gay	Fotos, vídeos, contos, séries, classificados, guia de bares e boates. Mediante assinatura. 	284362
http://www.seiren.com.br/	Seiren	Reúne quadrinhos eróticos, mangás , heróis e animações . 	284363
http://afundasao.blogspot.com/	a funda São	Blog dedicado ao estudo e divulgação do erotismo e da arte erótica 	284363
http://www.contoseroticos.com.br/	Contos Eróticos	Apresenta contos enviados pelos visitantes, emdiversas categorias: Hetero, gays, lésbicas, animais, orgias e mais. 	284363
http://anjosensual.zip.net/	Anjo Sensual	Blog com contos e fotos eróticas. 	284363
http://www.casadoscontos.com.br/	Casa dos Contos Eróticos	Contos eróticos enviados pelos visitantes. 	284363
http://peca-original.blogspot.com/	Pecado Original	Foto arte. 	284363
http://sensualizarte.blogspot.com/	SensualizArte	Poemas e fótos eróticas. 	284363
http://www.sexyhot.com.br/	Sexy Hot	Portal erótico com contos, fotos, vídeos, games e entrevistas. 	284355
http://www.suaveswing.com.br/	Suave Swing	Apresenta anúncios com fotos de casais swing procurando parceiros. 	284365
http://www.swpt.org/	SWPT	Comunidade swing em Portugal. 	284365
https://www.sexlog.com/	Sexlog	Fotolog adulto de sexo e troca de casais swingers. 	284365
http://www.netgay.com.br/	Netgay	Dirigido ao público gay , o site dá dicas de bares , boates , clubes de orgia , termas e eventos nesta área . Mostra também fotos eróticas , links para páginas pessoais e matérias direcionadas ao público GLS. Parte do site é exclusiva para assinantes . 	284366
http://gay.blogs.sapo.pt/	Ser Gay	Blog sobre gays, com dicas, bate-papo e debates. 	284366
http://www.topsites.com.br/top69	Sexo Top 69	Vote e decida quais são os 69 melhores sites de sexo do Brasil. 	284370
http://www.gabile.com/	Gabile	Gay, lezbiyen, biseksüel insanlar için yapılmış arkadaşlık ve diger sosyal faaliyetler içeren bir portal. 	284382
http://www.seksuel.com/	Seksuel	Yetişkinlere yönelik cinsel ürünlerin bulunduğu alışveriş sitesi. 	284384
http://www.egzotikshop.com/	Egzotik Shop	Çeşitli cinsel fantezi ürünlerinin satışı yapılmaktadır. 	284384
http://www.armonishop.com/	Armoni Shop	Yetişkinlere yönelik çeşitli kategorilerde seks ürünleri bulunuyor. 	284384
http://www.sexshopa.com/	Sexshopa	Fantazi ürünlerinin online satışının yapıldığı web sitesi. 	284384
http://www.burada.gen.tr/galeri/	Burada Galeri	Dünyaca ünlü güzeller ve ünlülere ait resim galerilerinden oluşmaktadır. 	284394
http://www.sexujte.sk/	Sexujte.sk	V ponuke erotické pomôcky, porno filmy, afrodiziaká, vibrátory, nafukovacie panny a ďalší sortiment pre dospelých. 	283336
http://www.sex-porno.sk/	Sex-porno.sk	Ponúka rôzne erotické pomôcky - vibrátory, venušine guličky, spodné prádlo a afrodiziaká. 	283336
http://www.lussy.sk/	Lussy.sk	Erotické spodné prádlo, erotické pomôcky, vibrátory. 	283336
http://www.lovesexshop.sk/	LoveSexshop.sk	V ponuke vibrátory, sexy spodné prádlo, afrodiziaká a ďalšie druhy erotických pomôcok. Diskrétne doručenie objednaného tovaru. 	283336
http://sex-cez-telefon.sk/	Sex-cez-telefón.sk	Ponuka platených telefonických služieb  pre dospelých. 	283338
http://www.gecefantazi.net/	Gecefantazi.net	Bayan modeller tarafından hizmet verilen kameralı show sitesi. 	284375
http://ru-preved.livejournal.com/	Превед!	Превед сообщество LiveJournal. 	283407
http://litprom.ru/	Литпром	Отборная "падонковская" литература, качественная и тшательно отфильтрованная. 	283407
http://udaff.com/	Ресурс Удава	Статьи, рассказы, новости и политика, обзоры фильмов и музыки с использованием богатой русской ненормативной лексики. 	283407
http://www.afrodity.sk/	Afrodity.sk	Zobrazovanie ponúk sexuálnych služieb, privátov, escortov, erotických klubov a erotickej inzercie. Obsahuje odborné články a erotické poviedky. 	283338
http://webcamchat.sk/	WebCamChat.sk	Erotický videochat, nutná registrácia, VIP služby spoplatnené. 	283341
http://www.online-nakup.sk/	Online-nákup.sk	Ponúka sortiment erotických pomôcok. Vibrátory, masturbátory, kondómy a umelé vagíny. 	283336
http://www.turkgayclub.com/	Türk Gay Club	Türk lezbiyen, gey, biseksüel, travesti, transeksüel ve intersex eşcinsel topluluğu. 	284382
http://www.agorshop.com/	Agor Shop	Cinsel ürün satışı gerçekleştiren Agor Sağlık Ürünleri'ne ait web sitesi. 	284384
http://www.sexshop-crazy.sk/	Sexshop-crazy.sk	Ponúka rôzne erotické pomôcky - vibrátory, venušine guličky, spodné prádlo a afrodiziaká. 	283336
http://www.liberato.ru/	Эрато	Современная эротическая поэзия  и обнаженная натура в мировом изобразительном искусстве. 	283412
http://elzamagvaer.okis.ru/	Эльза Магваер	Сборник рассказов на гей-тематику. 	283412
http://www.antonvolkov.ru/	Антон Волков	Фотографии в жанре ню, эротика, гламур, фэшн. Публикации, каталог тематических ссылок. 	283414
http://www.2001photo.com/	Виктор Ивановский	Фотокурсы для начинающих, уроки фотошопа, идеи для фотографии. Портрет, репортаж, предметная съемка. Портфолио работ. 	283414
http://bomba.su/	Bomba	Эротические фото галлереи. Подборки актрис. 	283421
http://inseros.com/	Хентай комиксы	Галерея с базой мультяшных эротических рисунков. Авторские работы художников. Комиксы, гиф анимация, флеш игры. 	283421
http://gonduras.net/	Республика Гондурас	Альтернативный "падонковский" литературный портал. 	283407
http://www.domina.sk/index.php?logedin=&lang=sk	Domina.sk	Galérie domín, zoznamky, videá a BDSM, fóra a ankety. 	283341
http://www.mrlothar.fi/	Lothar	Miesstripparin esittely, keikkakalenteri ja yhteydenottolomake. 	283424
http://sexypolityka.pl/	Darmowa erotyka	Zdjęcia erotyczne, tapety, humor. 	284138
http://laedel.orgfree.com/	Мои миры	Проза и стихи о лесбийской любви Ольги Лаэдэль.Утопия о планете Атэа и ее цивилизации. 	283412
http://noname.chat/	Анонимный чат	Анонимный чат для знакомств и общения между парнями и девушками по всему миру. 	283421
http://nyashki.pw/	Няшки	HD видео различных порностудий мира. Все ролики доступны в режиме онлайн; поиск по актрисам, тегам и категориям. 	283421
http://www.rozoviykrolik.ru/	Розовый кролик	Сеть магазинов эротических товаров, белья, спортивного питания, товаров для мам и малышей, предметов искусства эротической направленности. Доставка по Санкт-Петербургу, Москве, России. 	283408
http://svalko.org/	Svalko.org	Падонакский юмористический портал. 	283407
http://www.spa-natali.ru/	Натали СПА	Звуки спокойной музыки, витание экзотических ароматов, мерцание свечей и удивительные ритуалы красоты и здоровья. 	283403
http://magic-ray.ru/	Массажный салон "Волшебный рай", Нижний Новгород	Широкий спектр услуг и всевозможных видов массажа. 	283403
http://eroticmassaj.ru/	Массажный салон "Vanilia", Москва	Сеть салонов эротического и других видов массажа с различными программами для отдыха. 	283403
http://www.mirorgazma.ru/	Магазин интимных товаров "Мир Оргазма"	Секс шоп с большим выбором и доставкой по России. 	283403
http://www.cb-x.ru/	Магазин интимных товаров "Мужские пояса верности"	Продажа недорогих мужских поясов верности (пластиковых, металлических, силиконовых). Доставка по России. 	283403
http://eelle.ru/	Emmanuelle	Интернет-магазин интимных товаров, белья, одежды, косметики. Доставка по Москве, Санкт-Петербургу и регионам России. 	283408
http://klubnichka.biz/	Клубничка	Аксессуары, сувениры, бельё и костюмы, парфюмерия. Доставка курьером по Краснодару, доставка по России. Адреса розничных магазинов 	283408
http://eromodels.org/	Eromodels	Эротические фотогалереи, арт, статьи. Поиск по категориям и моделям. 	283421
http://xn--80askqh2e.xn--p1ai/	Ню сайт	Эротические фотографии. Знаменитости, фотостудии, популярное. 	283421
http://www.condom-shop.ru/	Condom-shop	Товары для взрослых, иллюстрированный каталог с описанием. Магазины в Москве с доставкой по всей России. 	283408
http://www.sexsoshop.ru/	СексоШоп	Иллюстрированный каталог товаров и эротической одежды. Тематические статьи о сексе и товарах интимного назначения. 	283408
http://vsexshop.ru/	Vsexshop	Иллюстрированный каталог товаров с описанием: интимные игрушки, косметика, белье, одежда. Условия доставки и оплаты. 	283408
http://onona.ru/	Он и Она	Сеть магазинов для взрослых: эротические игрушки, аксессуары, бельё, косметика. Доставка по России. Секс-тренинги, консультация сексолога. 	283408
http://www.mysextoys.ru/	Mysextoys.ru	Игрушки, аксессуары, украшения, презервативы, косметика, бельё и костюмы. Доставка по России и миру. Отзывы покупателей. 	283408
http://dlyadvoux.ru/	Для двоих	Сеть интим-магазинов в Пензе. Доставка секс-игрушек и нижнего белья курьером и почтой. Прайс-лист, консультация венеролога. 	283408
http://lovedoctor.ru/	Доктор любви	Интернет-магазин: интимные аксессуары, бельё, косметика, афродизиаки. Адреса розничных магазинов 	283408
http://www.kazanova.su/	Казанова	Продажа оптом и в розницу товаров интимного назначения, эротического белья. Доставка по РФ. 	283408
http://nsks.ru/	Лилия	Интернет-магазин эротических товаров Новосибирска. Доставка по России. 	283408
http://rt.pornhub.com/	Pornhub	Порно фото и видео. Категории, поиск, информация, помощь. 	283421
http://massage-naomi.ru/	Наоми	Салон эротического массажа. Описание видов с ценами, фото девушек, интерьера. Симферополь. 	283403
